comment_sentence_id,text,Classreferences,Collaborators,Example,Intent,Keyimplementationpoints,Keymessages,Responsibilities,partition_official
1,relative anchor takes an arbitrary element as a reference an compute its position based on properties of that element.,0,0,0,0,0,0,1,0
3,i contain examples of different types of blarrowheadelement,1,0,0,0,0,0,1,1
6,i am a simple arrow like arrowhead.,0,0,0,1,0,0,0,0
7,both my size and arrow length depend on the curve width.,0,0,0,1,0,0,0,0
8,it is possible hovewer to customize a length fraction how long should be the outer arrow compared to the length of the side of a nose triangle.,0,0,0,0,0,1,0,0
10,the with of the outer arrows can be specified by changing border width of a simple arrow arrowhead.,0,0,0,0,0,0,1,1
11,i support both background and border paint and can have hollow inner triangle.,0,0,0,0,0,0,1,0
18,i am a triangular arrow head.,0,0,0,1,0,0,0,0
19,my size depends on the width of a curve and hence can not be manually specified.,0,0,0,0,0,0,1,1
20,it is possible to have a border around triangle by specifying a border width of a triangle arrowhead.,0,0,0,0,1,0,0,1
21,i support background and border paints.,0,0,0,0,0,0,1,0
22,for hollow arrowhead let background be transparent.,0,0,0,0,0,0,1,1
24,it is possible to specify different paints for border and background,0,0,0,0,0,0,1,1
32,how to run,0,0,1,0,0,0,0,1
33,blchicken open,0,0,1,0,0,0,0,0
36,i am a single red chicken leg with two toes,0,0,0,1,0,0,0,1
38,i am an abstract collection of bloc elements that can be mutated.,0,0,0,1,0,0,0,1
39,i am used by a class blelement to store its children.,1,1,0,0,0,0,0,0
40,i provide a data structure independent api for adding and removing children.,0,0,0,0,0,0,1,0
46,"for example, an array for storing children optimises for accessing fast accesses at any position.",0,0,0,0,0,0,1,1
47,a linked list optimize for fast adding and removing.,0,0,0,0,0,0,1,0
48,"a rope uses a balanced binary tree to support fast adding, removing and accessing, with the disadvantage of taking more memory.",0,0,0,0,0,0,1,0
51,class blchildrenarray stores children using an class array,1,0,0,0,0,0,0,1
53,class blchildrenorderedcollection stores children using a class orderedcollection,1,0,0,0,0,0,0,0
73,i define examples for the class class blchildrenorderedcollection .,0,0,0,0,0,0,1,1
77,example blchildrenorderedcollectionexamples #add,0,0,1,0,0,0,0,0
84,i capture a subset of children from a class blelement instance.,0,0,0,0,0,0,1,0
85,i am an abstract class.,0,0,0,1,0,0,0,1
87,i exist to explicitly capture and combine various ways of filtering and iterating over children.,0,0,0,0,0,0,1,0
88,"for example, class blchildrenreversed indicates that the user wants to explicitly iterate over elements in reverse order class blchildrenaccountedbylayout indicates that only should children taken into account by layout should be included.",0,0,1,0,0,0,0,1
89,the example below shows a scenario of combining multiple ways to iterate over children.,0,0,1,0,0,0,0,0
91,example blchildrensubsetexamples #childrenwithmultiplecombinedsubsets,0,0,1,0,0,0,0,0
92,i do not enforce a lazy api.,0,0,0,0,0,1,0,0
101,this result is then used when accessing or iterating over elements.,0,0,0,0,1,0,0,1
102,this decision was taken to allow iterators to perform work when the iterator is created and ensure a faster iteration.,0,0,0,0,1,0,0,0
117,the click event is fired when a pointing device button a mouse s primary button is pressed and released on a single element.,0,0,0,0,1,0,1,0
118,the order of fired events,0,0,0,0,1,0,0,0
119,mouse down,0,0,0,0,1,0,0,1
120,mouse up,0,0,0,0,1,0,0,0
121,click,0,0,0,0,1,0,0,1
127,this class contains tests,0,0,0,0,0,0,1,0
133,i am an interpolator where the rate of change starts out quickly and and then decelerates.,0,0,0,1,0,0,1,0
134,i am configurable using factor a degree to which the animation should be eased.,0,0,0,1,0,0,0,1
135,setting factor to 10f produces an upside down y x^2 parabola.,0,0,0,0,1,0,0,0
136,"increasing factor above 10f makes exaggerates the ease out effect ie, it starts even faster and ends evens slower .",0,0,0,0,1,0,0,1
138,"f x 1 1 x ^n, where n 2 factor",0,0,0,0,1,0,0,0
139,"i meant to be immutable, therefore factor can be only set using factory method #factor on my class side",0,0,0,0,1,0,0,0
148,i check whether particular class blevent events were fired on a class blelement target.,0,0,0,0,0,0,1,0
158,here you can see how to configure a fire and check a click event on a child element,0,0,1,0,0,0,0,0
167,drag delegate provides drag items when a visual element lifts.,0,0,0,0,0,0,1,0
168,drag gesture fails if there are no drag items,0,0,0,0,0,0,1,1
171,i contain examples of element bounds api,0,0,0,0,0,0,1,0
173,my position is equal to the left center of a reference element,0,1,0,0,0,0,1,1
176,i am dynamic element transformation in the sense that my transformation matrix may actually depend on some element properties such as #extent or #position.,0,0,0,1,0,0,1,0
177,it means that matrix computation is performed only when requested taking owner element into account.,0,0,0,0,1,0,0,0
182,i am the abstract root class for effects.,0,0,0,1,0,0,0,1
183,i define the default drawing strategy before & after .,0,0,0,0,0,0,1,0
185,i can influence the bounds of my owner used to clip my owner .,0,0,0,0,0,0,1,1
189,is sent when element s position within its parent changes.,0,1,0,0,0,0,0,0
192,i contain examples of position change logging functionality,0,0,0,0,0,0,1,0
194,is sent by an element after it is removed from the parent.,0,1,0,0,0,0,0,0
198,child blelement new.,0,0,1,0,0,0,0,0
199,child when blelementremovedevent do self inform removed from parent .,0,0,1,0,0,0,0,0
200,parent blelement new.,0,0,1,0,0,0,0,0
202,parent removechild child,0,0,1,0,0,0,0,0
211,is sent when element gets inside of mouse selection rectangle or when the overlapping rectangle formed by element s bounds and selection rectangle changes.,0,1,0,0,0,0,0,0
214,i am an example of a custom non element event target that can be nicely integrated in bloc infrastructure,0,0,0,1,0,0,1,1
217,i am an element with a broken onlayout method that throws error subscriptoutofbounds,0,0,0,1,0,0,1,0
220,i contain experimental examples that only work in manually prepared laboratory environments.,0,0,0,0,0,0,1,1
225,how to,0,0,1,0,0,0,0,0
226,1 inspect run example,0,0,1,0,0,0,0,1
227,2 click one any cell to give it a focus blue border should appear,0,0,1,0,0,0,0,0
228,3 navigate with keyboard arrows arrow up down left right,0,0,1,0,0,0,0,1
233,the geometry is used to define the geometry to be drawn and the interaction area.,0,1,0,0,0,0,1,0
236,i am an event listener that listens anchor moved event send by anchor,0,1,0,1,0,0,1,1
240,i am sent when anchor s position changed,0,0,0,0,0,0,1,0
242,i am a root class of geometry elements elements driven by geometry anchors.,0,0,0,1,0,0,1,1
245,i layout elements in a rectangular grid.,0,0,0,0,0,0,1,0
248,"each line is assigned to an index, meaning that a grid with n columns would have n 1 line.",0,0,0,0,1,0,0,0
249,"indices lie in closed interval 1, n 1 .",0,0,0,0,1,0,0,0
250,"grid layout supports fitcontent, matchparent and exact resizing mode of the owner.",0,0,0,0,1,0,0,0
253,"by default grid layout does not specify how many columns and rows exist, instead it tries to compute necessary amount of columns or rows depending on amount of children.",0,0,0,0,1,0,0,1
255,grid layout supports spacing between cells which can be set sending cellspacing message.,0,0,0,0,1,0,0,1
256,public api and key messages,0,0,0,0,0,1,0,0
257,columncount anumber to specify amount of columns,0,0,0,0,0,1,0,1
259,cellspacing anumber to specify spacing between cells,0,0,0,0,0,1,0,1
260,"alignmargins bounds of each element are extended outwards, according to their margins, before the edges of the resulting rectangle are aligned.",0,0,0,0,0,1,0,0
261,alignbounds alignment is made between the edges of each component s raw bounds,0,0,0,0,0,1,0,1
275,implementation points,0,0,0,0,1,0,0,0
296,"i represent an association of span interval, associated value and validity flag.",0,0,0,1,0,0,0,0
297,i am used by grid layout instead of dictionary of span value key value pair for performance reasons.,0,0,0,0,0,0,1,0
305,i contain examples of a grid layout,0,0,0,0,0,0,1,0
306,i show how different resizing strategies work and how to build advanced layouts with the help of a grid,0,0,0,0,0,0,1,1
309,i am an event handler registry used by dispatchers in order to manage event handlers.,0,0,1,1,0,0,1,0
310,example,0,0,1,0,0,0,0,1
311,registry,0,0,1,0,0,0,0,0
339,i am the bloc main loop.,0,0,0,1,0,0,0,0
340,i indicate to the universe that is time to synchronize the state of the elements.,0,0,0,0,0,0,1,0
341,a pulse is fired every 16ms if possible to obtain 60 frames per second fps maximum.,0,0,0,0,1,0,0,0
344,the opened spaces listen the pulse to be synchronized and to update their state when it is needed.,0,0,0,0,1,0,0,0
351,i suppose to be stateless and therefore immutable.,0,0,0,0,1,0,0,0
352,for performance and memory reasons i provide a unique instance of me to be shared among my users,0,0,0,0,1,0,0,1
358,"representations of other existing items in the data set are still considered up to date and will not be rebound, though their positions may be altered.",0,0,0,0,0,0,1,1
359,sent by,0,1,0,0,0,0,0,0
361,example,0,0,1,0,0,0,0,0
363,addeventhandleron blinfinitedatasourceitemrangemoved,1,1,1,0,0,0,0,0
374,i am a data source of the collection of all classes in the image,0,1,0,1,0,0,0,0
378,"i can be used, for example, to delay an action in a data set until currently running animations are complete.",0,0,0,0,0,0,1,0
380,i hold information about a smooth scroll request by a smoothscroller.,1,1,0,0,0,0,1,0
384,i represent an abstract key combination which is the most important part of blshortcut .,0,0,0,1,0,0,0,0
385,i define an event matching api that allows blshortcuthandler to find the most appropriate shortcut for currently pressed keys.,1,0,0,0,0,0,0,0
394,i transform composite key combination formula into a cnf https en^wikipedia.org wiki conjunctive normal form,0,0,0,0,0,1,1,0
397,bloc layout,0,0,0,1,0,0,0,1
398,i am the superclass for layouts in bloc and i define the api that a concrete layout needs to implement.,0,0,0,1,0,0,0,0
400,"tipically this includes the position of child elements within the parent, or the size of the parent element.",0,1,0,0,0,0,0,0
401,layout constraints,0,0,0,0,1,0,0,0
403,"a small set of constraints, like padding, margin or minimal and maximum dimensions, are common among all the layouts.",0,0,0,0,1,0,0,0
404,"each layout has a dedicated constraint objects, instance of class bllayoutcommonconstraints , that contain these common constraints.",0,0,0,0,1,0,0,0
405,each type of layout can further define its own specific constraints by creating a subclass of class bllayoutconstraints .,0,0,0,0,1,0,0,0
407,layout phase in a frame,0,0,0,0,1,0,0,0
408,layouting of elements is a phase executed by a space during every frame.,0,0,0,0,1,0,0,0
409,"every frame, the space goes through several phases method blspaceframe #initializephases .",0,0,0,0,1,0,0,0
410,phases are modeled as subclasses of class blspaceframephase and are executed once per frame.,0,0,0,0,1,0,0,0
411,"one of them, class blspaceframelayoutphase , consists in layouting the elements contained in the space.",0,0,0,0,1,0,0,0
412,"this is done after events and tasks have been executed, but before the drawing phase.",0,0,0,0,1,0,0,0
413,"layouting should to be executed during a frame when various properties like, width, height or position change in any element contained by the space.",0,0,0,0,1,0,0,0
414,"however, an important aspect in bloc, is that when one of these properties changes, layouting is not performed immediately.",0,0,0,0,1,0,0,0
415,"instead, a layout request is issued by the element whose property changed using the message method blelement #requestlayout .",0,0,0,0,1,0,0,0
416,"this has the advantage that if no element request layout, this phase can be skipped.",0,0,0,0,1,0,0,0
417,also it does not matter if layout is requeste one or 1000 time only one layout phase is performed improving performance.,0,0,0,0,1,0,0,0
418,"hence, in bloc layout is not executed immediately after a property like the width of an element changes.",0,0,0,1,1,0,0,0
419,"instead layout is requested and perfomed, if needed, during every frame.",0,0,0,0,1,0,0,0
420,"when needing to test layouts, however, it is necessary to apply a layout immediately, instead of waiting for a frame to end.",0,0,0,0,1,0,0,0
421,"that can be done using the messafe method blelement #forcelayout this should not be used outside of tests, as it bypasses the normal layouting system from bloc.",0,0,0,0,1,0,0,0
423,"however, often elements need to reach and perform actions, when for example their position or extent changes.",0,0,0,0,1,0,0,0
424,they can react by requesting another layout.,0,0,0,0,1,0,0,0
425,a tipical example is deadling with edges.,0,0,0,0,1,0,0,0
426,an edge can be layouted only after the position of the elements that it connects is known.,0,0,0,0,1,0,0,0
427,"hence, often the layout needs to be applied twice, or more, during the layouting phase.",0,0,0,0,1,0,0,0
428,"the space only allows layout requests during the layouting phase a limited number of times method blspace #computelayout to avoid blocking rendering due to infinite recursions caused by layout requests, or void spending too much time on layouts in a frame.",0,0,0,0,1,0,0,0
429,"more technical details can be found in the method method blspace #dolayout , the main entry point for executing the layout phase in a space.",0,0,0,0,1,0,0,0
430,performing a layout,0,0,0,0,1,0,0,0
431,the space starts the layouting process on the root element of that space.,0,0,0,0,1,0,0,0
432,performing the layout on an element consists in executing three main steps,0,0,0,0,1,0,0,0
437,measuring bounds,0,0,0,0,1,0,0,0
438,this is the first step when performing a layout on an element and consists in determening the measured bounds of that element.,0,0,0,0,1,0,0,0
439,each element can decide how it wants to be measured method blelement #onmeasure .,0,0,0,0,1,0,0,0
440,by default class blelement delegates the measuring to its layout.,0,0,0,0,1,0,0,0
441,layouts should override method bllayout #measure with to implement the actual measuring.,0,0,0,0,1,0,0,0
442,normally layouts follow a top to bottom approach they measure the current element and then asks its children to do the measuring.,0,0,0,0,1,0,0,0
443,each element has real bounds blelement #bounds and measured bounds blelement #measuredbounds .,0,0,0,0,1,0,0,0
444,the real bounds contain the actual position and extent of an element that users of that element should rely on.,0,0,0,0,1,0,0,0
445,the measured bounds are used during layouting to hold the new extent of an element.,0,0,0,0,1,0,0,0
446,the measuring phase changes only the extent in the measured bounds.,0,0,0,0,1,0,0,0
448,the measured bounds act like a temporary cache for the new bounds of an element.,0,0,0,0,1,0,0,0
449,they were introduced to avoid changing the real extent of element while layouting of children is still being performed.,0,0,0,0,1,0,0,0
451,applying the layout,0,0,0,0,1,0,0,0
452,commiting changes,0,0,0,0,1,0,0,0
454,"space starts the measurement process from the root element after measurement it tell children to measure themselves, etc",0,0,0,0,1,0,0,0
456,this step find the size of an element and sets measuredextent or position sometimes,0,0,0,0,1,0,0,0
458,as we know the size of each child we compute the actual position for each child,0,0,0,0,1,0,0,0
459,changes the real extent to measured extent and the real position to the computed layout position,0,0,0,0,1,0,0,0
460,elements announce events for position and extent changed,0,0,0,0,1,0,0,0
461,without event handlers the layout process is going to happen only once.,0,0,0,0,1,0,0,0
462,for example when nodes change the position edges should be updated.,0,0,0,0,1,0,0,0
466,i define an api of a layout.,0,0,0,0,1,1,0,0
467,concrete implementations should focus on measure with and layout in,0,0,0,0,1,1,0,0
543,this class contains tests,0,0,0,0,0,0,1,0
545,i represent a matrix used for 2d affine transformations.,0,0,0,1,0,0,0,0
547,my components are named according to mathematical convention,0,0,0,0,1,0,0,0
548,a11 a12 sx shy,0,0,0,0,1,0,0,0
549,a21 a22 shx sy,0,0,0,0,1,0,0,0
550,a31 a32 x y,0,0,0,0,1,0,0,0
557,for example in case of 2d matrix they are,0,0,0,0,1,0,0,0
558,translation,0,0,0,0,1,0,0,0
559,scale,0,0,0,0,1,0,0,0
560,rotation angle,0,0,0,0,1,0,0,0
561,top left 2x2 minor of original matrix,0,0,0,0,1,0,0,0
562,3d 4x4 matrices are decomposed as follows,0,0,0,0,1,0,0,0
563,translation,0,0,0,0,1,0,0,0
564,scale,0,0,0,0,1,0,0,0
565,skew,0,0,0,0,1,0,0,0
566,perspective,0,0,0,0,1,0,0,0
567,quaternion,0,0,0,0,1,0,0,0
580,i am an affine transformation that is directly defined by transformation matrix,0,0,0,1,0,0,0,0
582,i represent a concrete implementation of unspecified measurement mode.,0,0,0,1,0,0,0,0
583,for more information see class comment of blmeasurementmode,1,0,0,0,0,0,0,0
587,i make it possible to embed bloc space within arbitrary morphs.,0,0,0,0,0,0,1,0
594,i am a concrete implementation of a blhost that allows users to open host bloc spaces within moprhic windows,1,1,0,1,0,0,1,0
599,i am fired by morphic host window when it is opened in the world,1,1,0,1,0,0,0,0
603,i am a middle mouse button.,0,0,0,1,0,0,0,0
604,often can be triggered by mouse wheel click,0,0,0,0,0,0,1,0
607,the mouse move event is fired when a pointing device usually a mouse is moved while over an element.,0,1,0,0,0,0,0,0
610,i am an event processor.,0,0,0,1,0,0,0,0
611,i convert basic events to more complex events.,0,1,0,0,0,0,1,0
612,"for example, i generate events like click, dbl click, drag&drop, .",0,0,1,0,0,0,0,0
613,"from mouse down, mouse up, and mouse move events.",0,0,1,0,0,0,0,0
620,i am a virtual anchor that lays on a perpendicular to a line between two reference anchors.,0,0,0,1,0,0,1,0
621,the curvature distance from the line connecting reference anchors is defined as a fraction curvaturefraction of a length between anchors.,0,0,0,0,1,0,0,0
625,example,0,0,1,0,0,0,0,0
626,blpolygon vertices,0,0,1,0,0,0,0,0
627,10@50.,0,0,1,0,0,0,0,0
629,150@40.,0,0,1,0,0,0,0,0
630,180@150.,0,0,1,0,0,0,0,0
631,80@140,0,0,1,0,0,0,0,0
639,rectangle geometry with arrow pointer,0,0,1,0,0,0,0,0
643,"the problem with such solution is its exponential increase in compolexity each time we would like to parametrize and customize the resulting geometry, for example the size of the arrow or its horizontal position.",0,0,1,0,0,0,0,0
644,"even more compex would be to implement the support for positioning the arrow on different edges eg left, bottom or an ability to have multiple arrows on separate edges.",0,0,1,0,0,0,0,0
646,creating a rectangle shape,0,0,1,0,0,0,0,0
647,we will start with creation of the rectangle shape class blrectangleshape,1,0,1,0,0,0,0,0
648,example blrectangleshapewitharrowexplanation #rectangleshape previewshow #gtlivefor previewexpanded true previewheight 250,0,0,1,0,0,0,0,0
650,in order to give the arrow pointing up enough space we should move the top edge of the rectangle down by the length of the arrow.,0,0,1,0,0,0,0,0
651,first of all we should ask the rectangle shape to give us its top edge method blrectangleshape #topedge .,0,0,1,0,0,0,0,0
652,by default the topedge of the rectangle is an instance of class bllineshape which can be translated by sending method bllineshape #moveby to the topedge,1,0,1,0,0,0,0,0
653,example blrectangleshapewitharrowexplanation #rectanglewithtranslatedtopedge previewshow #gtlivefor previewexpanded true previewheight 250,0,0,1,0,0,0,0,0
654,injecting a line inside of the top edge,0,0,1,0,0,0,0,0
655,next step on our way to the arrow is to inject a line segment equal to the length of the arrow in the middle of the topedge .,0,0,1,0,0,0,0,0
656,it can be done by sending method bllineshape #injectlineat length to the topedge .,0,0,1,0,0,0,0,0
657,since we want to inject a line right in the middle of the edge we pass 05 as a line location,0,0,1,0,0,0,0,0
658,example blrectangleshapewitharrowexplanation #rectanglewithtopinjectedline previewshow #gtlivefor previewexpanded true previewheight 250,0,0,1,0,0,0,0,0
659,splitting the injected line,0,0,1,0,0,0,0,0
660,we are almost ready to create a rectangular arrow.,0,0,1,0,0,0,0,0
661,we just need to split an injected line in half in order to create the top corner of the rectangle.,0,0,1,0,0,0,0,0
662,we can do so by sending a method bllineshape #splitat to the now middle section of the topedge which was created by the previous line injection step,0,0,1,0,0,0,0,0
664,moving the top of the triangle,0,0,1,0,0,0,0,0
665,once we have everything we need for the arrow triangle we can move it s top up by the length of the arrow.,0,0,1,0,0,0,0,0
666,to do so we should send method blpointshape #moveby to the connection point of the splitted line in the middle of the topedge .,0,0,1,0,0,0,0,0
667,after doing so we receive the expected vector shape we we can later use together with class blshapegeometry,1,0,1,0,0,0,0,0
668,example blrectangleshapewitharrowexplanation #rectanglewithtoparrow previewshow #gtlivefor previewexpanded true previewheight 250,0,0,1,0,0,0,0,0
705,i make sure that content element fits vertically within scalable element.,0,0,0,0,0,0,1,0
708,i make sure that content element fits horizontally within scalable element.,0,0,0,0,0,0,1,0
711,i represent a text selection defined as interval from^^^to,0,0,0,1,0,0,0,0
713,i contain examples of space related events,0,0,0,0,0,0,1,0
715,i represent a frame phase.,0,0,0,1,0,0,0,0
716,each phase knows about its start time and send a corresponding event once the phase is completed.,0,0,0,0,0,0,1,0
719,i am a copy of class blspartamozcanvasbuilder.,0,0,0,1,0,0,0,0
724,i represent a text background attribute.,0,0,0,1,0,0,0,0
725,i am used together with brtext and brtextstyler to style text.,0,1,0,0,0,0,1,0
726,public api and key messages,0,0,0,0,0,1,0,0
727,paint set background paint,0,0,0,0,0,1,0,0
728,example,0,0,1,0,0,0,0,0
729,brtextbackgroundattribute paint color yellow,0,0,1,0,0,0,0,0
741,text measurement strategies,0,0,1,0,0,0,0,0
743,"there is no perfect strategy, therefore understanding the differences between them is an important step in learning how to work with text in bloc.",0,1,1,0,0,0,0,0
744,label measurement,0,0,1,0,0,0,0,0
746,the height of the text element in this case is a sum of ascent and descent which is given by the font.,0,0,1,0,0,0,0,0
747,it means that the height of the text is independent from the content.,0,0,1,0,0,0,0,0
748,the width is given by the exact bounds of the element s text.,0,0,1,0,0,0,0,0
752,editor measurement,0,0,1,0,0,0,0,0
753,a similar measurement strategy which is designed to be used in a text editor computes the width of the element using the #advance property of a text paragraph.,0,0,1,0,0,0,0,0
754,the height is computed as a sum of ascent and descent.,0,0,1,0,0,0,0,0
755,method bltextelement #editormeasurement,0,0,1,0,0,0,0,0
757,precise measurement,0,0,1,0,0,0,0,0
758,"however, sometimes we want to know the exact and precise text bounds.",0,0,1,0,0,0,0,0
760,"it may be useful for displaying a short piece of a text, usually a word centered within a larger element.",0,0,1,0,0,0,0,0
761,example bltextelementmeasurementstrategyexamples #textelementwithtightmeasurement nocode previewshow #gtlivefor previewheight 75,0,0,1,0,0,0,0,0
794,i am used together with class bltext and class tbltextstyleable to style text.,0,1,0,0,0,0,1,0
800,i encapsulate a concept of time and play a role of a time provider for animations or other parts of the system that compute durations or how much time passed since some action.,1,1,0,0,0,0,1,0
806,i am an event that is sent to the universe by the host to control the universe s lifecycle,1,1,0,1,0,0,0,0
810,emitted when all of the event loop s events have been processed and control flow is about to be taken away from the universe.,0,0,0,0,0,0,1,0
812,i am a concrete visibility type hidden .,0,0,0,1,0,0,0,0
815,i represent a single line of a flow layout.,0,0,0,1,0,0,0,0
816,i store reference to the next line in order to avoid unnecessary array of lines creation for a very common case of just one line,0,0,0,0,0,0,1,0
819,i am an example of a custom stencil that creates a rounded rectangular element with cusomizable background color and corner radius,0,0,0,1,0,1,1,0
823,i am a collection of showroom examples.,0,0,0,1,0,0,0,0
824,buttons,0,0,1,0,0,0,0,0
825,in the example below we show all existing button styles,0,0,1,0,0,0,0,0
827,"the following glamorous button reacts to various ui interaction events and changes its style according the state pressed, hovered",0,0,1,0,0,0,0,0
828,example brexamplesshowroom #glamorousbutton,0,0,1,0,0,0,0,0
829,button can also be disabled to prevent click events,0,0,1,0,0,0,0,0
830,example brexamplesshowroom #glamorousdisabledbutton,0,0,1,0,0,0,0,0
831,toggles,0,0,1,0,0,0,0,0
835,to create a toggle button with a label user should the corresponding class brmaterialtogglewithiconlook,0,0,1,0,0,0,0,0
836,example brexamplesshowroom #materiallabeltoggle,0,0,1,0,0,0,0,0
837,iconified toggle,0,0,1,0,0,0,0,0
839,example brexamplesshowroom #materialicontoggle,0,0,1,0,0,0,0,0
841,we can compose label and icon looks to create a toggle button with both label and the icon.,0,0,1,0,0,0,0,0
842,note that the order of looks defines the visual order of the label and icon,0,0,1,0,0,0,0,0
843,example brexamplesshowroom #materialtoggle,0,0,1,0,0,0,0,0
845,example brexamplesshowroom #materialreversedtoggle,0,0,1,0,0,0,0,0
846,accordion,0,0,1,0,0,0,0,0
851,tabs,0,0,1,0,0,0,0,0
853,the content of each tab is defined with the help of a stencil.,0,0,1,0,0,0,0,0
855,toolbar,0,0,1,0,0,0,0,0
856,the toolbar is a logical set of action buttons either labelled or iconified .,0,0,1,0,0,0,0,0
857,example brexamplesshowroom #glamoroustoolbar,0,0,1,0,0,0,0,0
858,example brexamplesshowroom #materialtoolbar,0,0,1,0,0,0,0,0
859,list,0,0,1,0,0,0,0,0
903,i am a glamorous icons container.,0,0,0,1,0,0,0,0
904,you can import new icons using method name brglamorousicons class #importiconsfromdirectory using the script below.,0,0,0,0,1,0,1,0
905,it imports all png files and creates class methods with the same name.,0,0,1,0,0,0,1,0
906,brglamorousicons importiconsfromdirectory .,0,0,1,0,0,0,0,0
907,gt icons asfilereference,0,0,1,0,0,0,0,0
908,here is a list of available icons,0,0,0,0,0,1,0,0
909,class brglamorousicons show gticonsfor expanded,0,0,0,0,0,1,0,0
919,"i am a composite interaction model responsible for managing widget state such as pressed, hovered, focused.",0,1,0,1,0,0,1,0
923,i define how widgets look.,0,0,0,0,0,0,1,0
924,in addition to the brviewmodel i listen to ui events and update decoration non meaningful elements of the widgets,1,1,0,0,0,0,1,0
929,i describe how background of a material toggle button changes due to toggle events,0,0,0,0,0,0,1,0
931,i update the size of a page preview element in a scroll bar according to the size of a corresponding page,0,0,0,0,0,0,1,0
936,i am sent by a look to request selection update from the view model,0,0,0,0,0,0,1,0
938,i am sent when a new tab is added to class brtabgroupmodel,1,1,0,0,0,0,1,0
942,the moldable editor,0,0,0,1,0,0,0,0
943,"i edit text and provide high level abstractions of essential text editor functionality such as selection, cursor, text insertions and deletions.",0,0,0,0,0,0,1,0
944,i make use of class brtextadornmentattribute to augment text with visual elements.,1,1,0,0,0,0,0,0
950,i am sent by the text editor element when an element playing a role of the cursor is removed from the editor,0,0,0,1,0,0,1,0
953,today we will learn how to compose an editor,0,0,0,0,0,0,1,0
955,show gtprintin,0,0,1,0,0,0,0,0
956,10 factorial,0,0,1,0,0,0,0,0
957,first create the text,0,0,1,0,0,0,0,0
958,example brtexteditorexamples #newtext,0,0,1,0,0,0,0,0
959,"next, we build the editor",0,0,1,0,0,0,0,0
960,example brtexteditorexamples #neweditor,0,0,1,0,0,0,0,0
962,example brtexteditorexamples #editor text,0,0,1,0,0,0,0,0
963,"next, we create an editor element.",0,0,1,0,0,0,0,0
964,example brtexteditorexamples #newelement show gtlivein,0,0,1,0,0,0,0,0
965,"and finally, build everything together",0,0,1,0,0,0,0,0
966,example brtexteditorexamples #element editortext show gtlivein,0,0,1,0,0,0,0,0
967,done,0,0,1,0,0,0,0,0
982,i only allow letters,0,0,0,0,0,0,1,0
984,i split a piece of text into line segments class brtexteditorlinesegment,1,0,0,0,0,0,1,0
988,additionally i play a role of a selection strategy to support single or multiple selection.,0,1,0,0,0,0,1,0
993,i do the hard job of visually updating selection by requesting segment holders to partially update themselves,0,0,0,0,0,1,1,0
996,emitted when the application has been resumed.,0,0,0,0,0,0,1,0
998,this class stores a highlight textcolor and 1 based start end highlight positions.,1,0,0,0,1,0,1,0
1006,is sent by buttonattribute after button is created.,0,1,0,0,0,0,1,0
1012,i create a filled circle arrow head with the border and background equal to the color of the curve,0,0,0,0,0,0,1,0
1014,i create a filled triangle arrowhead,0,0,0,0,0,0,1,0
1016,i am used to remove arrow heads,0,0,0,0,0,0,1,0
1018,i am a dummy tool that does nothing,0,0,0,1,0,0,1,0
1021,i display a list of editors of an object in a vertical list.,0,1,0,0,0,0,1,0
1022,i fetch data from the diagrammer editor data source,0,1,0,0,0,0,1,0
1027,i create an ellipse element,0,0,0,0,0,0,1,0
1029,diagrammer,0,0,1,0,0,0,0,1
1033,i am a scriptable toogle group to display a uniform collection of selectable values.,0,0,0,1,0,0,0,0
1037,picker display hello .,0,0,1,0,0,0,0,1
1038,world .,0,0,1,0,0,0,0,0
1039,i .,0,0,1,0,0,0,0,1
1040,am .,0,0,1,0,0,0,0,0
1041,a .,0,0,1,0,0,0,0,1
1042,picker .,0,0,1,0,0,0,0,1
1044,look brmaterialtogglelabelledlook,0,0,1,0,0,0,0,1
1048,c horizontal exact 400.,0,0,1,0,0,0,0,1
1049,c vertical fitcontent .,0,0,1,0,0,0,0,0
1050,picker when brtoggleactivatedevent do anevent self inform anevent model .,0,0,1,0,0,0,0,1
1051,picker,0,0,1,0,0,0,0,0
1071,i create a star element,0,0,0,0,0,0,1,1
1075,"to determine if a message send represents a dependency to a method containing an example, i use heuristic defined by subclasses of gtexampledependencyresolver .",1,0,0,0,1,0,0,0
1080,i am a factory that can create class gtexample instances.,1,0,0,1,0,0,0,0
1083,"to create an example, a method defining an example is executed having a provider as a receiver.",0,0,0,0,1,0,0,0
1084,"if the example method is defined on the class side, the provider is the class object.",0,0,0,0,1,0,0,1
1085,"if the method is defined on the instance side, the provider consists in a new instance of that class.",0,0,0,0,1,0,0,0
1086,"in the second case, a new instance is created for running each example method.",0,0,0,0,1,0,0,1
1087,optionally users can configure the factory with an explicit provider.,0,0,0,0,1,0,0,0
1088,"if this is done, this provider will be used for all examples created by the factory.",0,0,0,0,1,0,0,1
1091,then i execute those methods with the example as a receiver and the pragma arguments.,0,0,1,0,1,0,0,0
1109,i indicate that the subject of an example is an object.,0,0,0,0,0,0,1,0
1110,i am the default subject of an example.,0,1,0,1,0,0,0,0
1115,i am an abstract class for manipulating examples.,0,0,0,1,0,0,0,1
1117,"for example, evaluating an example is to be treated differently from a debugging scenario, or from a scenario to recorver static dependencies.",0,0,1,0,0,0,0,1
1118,i maintain a context that can be accessed from within the examples being processed during the execution of the processor.,0,0,0,0,0,0,1,0
1119,#value execute the processor.,0,0,0,0,0,1,0,1
1120,"can return a value, depending on the processor.",0,0,0,0,0,1,0,1
1121,#canprocess verifies if the processor can execute on the given example.,0,0,0,0,0,1,0,0
1128,this an implementation of a moen s tree layout algorithm.,0,0,0,1,0,0,0,1
1129,moen s algorithm attempts to create a tree with a triangular shape and place nodes somewhat simetrically.,0,0,0,0,1,0,0,0
1130,it is an extension of the well known reingold tilfold algorithm.,0,0,0,0,1,0,0,1
1131,it improved the older algorithm s ability to handle non uniform sized nodes.,0,0,0,0,1,0,0,0
1132,moen s trees are oriented horizontally.,0,0,0,0,1,0,0,1
1133,"however, this implementation offers the posibility of choosing the orientation vertical or horizontal.",0,0,0,0,0,0,1,1
1134,"the reingold tilfold algorithm, and thus moen s also, starts with a bottom up traversal of the tree.",0,0,0,0,1,0,0,1
1135,it calculates left and right subtrees of a tree and merges them.,0,0,0,0,1,0,0,0
1136,"when doing that, it makes sure that the parents are centered above their children.",0,0,0,0,1,0,0,1
1139,"to accomplish that, it uses shapes represented by polyline structures.",0,0,0,0,1,0,0,0
1140,"these shapes are initially formed for each leaf, so that the polyline goes around the node, but leaves the left side open.",0,0,0,0,1,0,0,1
1141,"during the first phase of the algorithm s execution bottom up traversal , these shapes are merged shapes of parents are merged with shapes of children.",0,0,0,0,1,0,0,1
1143,"when merging contours, minimum horizontal vertical offsets at which siblings can be placed with resepct to their upper left sibling depending of the layout s orientation are calculated",0,0,0,0,0,0,1,1
1144,"once the bottom up traversal is finished, calculation of offsets is finished as well.",0,0,0,0,0,0,1,0
1145,"at that point, the tree is traversed again, but this time from top root to the bottom.",0,0,0,0,0,0,1,1
1146,"during this second traversal, positions of the tree s nodes are set.",0,0,0,0,0,0,1,0
1149,"this is done through calculation of differences in sizes of nodes compared to the largest nodes on the same level, as well as the differences in sizes of their parents compared to the largest nodes on the parent level.",0,0,0,0,0,0,1,1
1150,gtgradtreelayout is a superclass of gtgradhorizontaltreelayout and gtgradverticaltreelayout classes and contains generic tree layout methods and definitions of methods the two subclasses need to redefine.,0,1,0,0,0,0,0,0
1181,i compute the smallest circle that encloses the specified array of circles.,0,0,0,0,0,0,1,0
1182,the enclosing circle is computed using the matou ek sharir welzl http www^inf.ethz^ch personal emo publfiles subexlinprog alg16 96^pdf algorithm.,0,0,0,0,0,0,1,0
1185,example gtgraphcircleenclosureexamples #emptyenclosure previewshow #gtpreviewfor previewheight 300,0,0,1,0,0,0,0,1
1187,a circle enclosure is represented by a cyan circle.,0,0,1,0,0,0,0,1
1188,an enclosure of a single circle is a special case and can be computed directly by method gtgraphcircleenclosure class #enclosure .,0,0,1,0,0,0,0,0
1189,"note, that the added circle has a margin set which is taken into account by enclosure",0,0,1,0,0,0,0,1
1190,example gtgraphcircleenclosureexamples #enclosurewithonecircle previewshow #gtpreviewfor previewexpanded previewheight 300,0,0,1,0,0,0,0,0
1191,adding a second circle expands the enclosure circle to fit both circles c1 and c2 .,0,0,1,0,0,0,0,0
1193,example gtgraphcircleenclosureexamples #enclosurewithtwocircles previewshow #gtpreviewfor previewexpanded previewheight 300,0,0,1,0,0,0,0,1
1194,three circle enclosure is a special case too.,0,0,1,0,0,0,0,0
1195,method gtgraphcircleenclosure class #enclosure and and is responsible for the computation.,0,0,1,0,0,0,0,0
1196,let s add the third circle to our enclosure to see the result,0,0,1,0,0,0,0,0
1197,example gtgraphcircleenclosureexamples #enclosurewiththreecircles previewshow #gtpreviewfor previewexpanded previewheight 300,0,0,1,0,0,0,0,0
1198,"starting with four circles, an enclosure should be computed recursively by building and updating a basis enclosure consisting of one to three circles method gtgraphcircleenclosure class #enclosureall .",0,0,1,0,0,0,0,0
1199,example gtgraphcircleenclosureexamples #enclosurewithfourcircles previewshow #gtpreviewfor previewexpanded previewheight 300,0,0,1,0,0,0,0,0
1218,i am an abstract iterator over edges connected to a graph element,0,1,0,1,0,0,0,1
1221,a roforcebasedlayout is inspired from the code of d3.,0,0,0,1,0,0,0,0
1274,i am a class bllayoutconstraints for class gtgraphtreemapsquarifiedlayout layout.,1,1,0,1,0,0,0,0
1281,i use class gtgraphtreemapslicehorizontal to compute class blelement children positions and extents.,1,1,0,0,0,0,0,1
1282,example,0,0,1,0,0,0,0,0
1291,i use method gtgraphtreemapnode #weight node values to split an area into.,0,1,0,0,0,0,1,0
1294,algorithm explanation,0,0,1,0,0,0,0,0
1295,this is an adapted extract from the paper squarified treemaps mentioned above.,0,0,1,0,0,0,0,0
1296,"suppose we have a rectangle with width example gtgraphtreemaplayoutexamples #squarifywithsevennodes label #width and height example gtgraphtreemaplayoutexamples #squarifywithsevennodes label #height , and furthermore suppose that this rectangle must be subdivided in seven rectangles with areas example gtgraphtreemaplayoutexamples #squarifywithsevennodes label #nodevalues .",0,0,1,0,0,0,0,0
1297,the area will be subdivided as follows,0,0,1,0,0,0,0,0
1298,example gtgraphtreemaplayoutexamples #squarifywithsevennodes nocode codeexpanded false previewexpanded true previewshow #gtpreviewfor,0,0,1,0,0,0,0,0
1300,"we choose for a horizontal subdivision, because the original rectangle is wider than high.",0,0,1,0,0,0,0,0
1301,we next fill the left half.,0,0,1,0,0,0,0,1
1302,first we add a single rectangle.,0,0,1,0,0,0,0,0
1303,the aspect ratio of this first rectangle is example gtgraphtreemaplayoutexamples #squarifywithsevennodesfirststep label #worstvaluerounded .,0,0,1,0,0,0,0,1
1307,example gtgraphtreemaplayoutexamples #squarifywithsevennodessecondstep previewexpanded true nocode,0,0,1,0,0,0,0,1
1308,"however, if we add the next area 4 above these original rectangles, the aspect ratio of this rectangle is example gtgraphtreemaplayoutexamples #squarifywithsevennodesthirdstep label #worstvaluerounded .",0,0,1,0,0,0,0,0
1309,example gtgraphtreemaplayoutexamples #squarifywithsevennodesthirdstep previewexpanded true nocode,0,0,1,0,0,0,0,1
1310,"therefore, we decide that we have reached an optimum for the left half in step two, and start processing the right half.",0,0,1,0,0,0,0,0
1312,in step 4 we add the rectangle with area 4,0,0,1,0,0,0,0,0
1313,example gtgraphtreemaplayoutexamples #squarifywithsevennodesfourthstep previewexpanded true nocode,0,0,1,0,0,0,0,1
1315,the worst aspect ratio decreases from example gtgraphtreemaplayoutexamples #squarifywithsevennodesfourthstep label #worstvaluerounded to example gtgraphtreemaplayoutexamples #squarifywithsevennodesfifthstep label #worstvaluerounded,0,0,1,0,0,0,0,1
1318,example gtgraphtreemaplayoutexamples #squarifywithsevennodessixthstep previewexpanded true nocode,0,0,1,0,0,0,0,0
1319,so we reject the previous step and start to fill the right top partition,0,0,1,0,0,0,0,1
1321,these steps are repeated until all rectangles have been processed.,0,0,1,0,0,0,0,1
1363,i represent a rectangle.,0,0,0,1,0,0,0,1
1364,my height is smaller than my width.,0,0,0,1,0,0,0,1
1366,i am used by class gtgraphtreemapsquarifystep .,0,1,0,0,0,0,0,0
1367,example,0,0,1,0,0,0,0,1
1377,i am the installer of shared libraries along side image or vm.,0,0,1,1,0,0,0,1
1379,the following example shows how i am configured for sparta moz2d library.,0,0,1,0,0,0,0,0
1380,installer,0,0,1,0,0,0,0,1
1386,extension .,0,0,1,0,0,0,0,0
1402,i am sent by installer when it tries to log some messages.,0,0,0,0,0,0,1,0
1406,top most container of the whole installer,0,0,0,1,0,0,0,0
1408,i forward a view definition to another object.,0,0,0,0,0,0,1,0
1409,i am useful in situations when the object that has the view definition is expensive to create.,0,0,0,0,0,0,1,0
1410,"i am also useful in situtions, when the object is created only for the purpose of the view.",0,0,0,0,0,0,1,0
1411,i create the object only if someone clicks on my tab view .,0,0,0,0,0,0,1,0
1415,example,0,0,1,0,0,0,0,0
1423,i represent a projection value of a domain object on the axis.,0,0,0,1,0,0,0,0
1424,given a point 20@30 as a domain object and euclidian coordinate system.,0,0,1,0,0,0,0,0
1425,then projection of that point on continuous x axis would be 20 and projection on y axis would be 30.,0,0,1,0,0,0,0,0
1426,a projection of a domain object on discrete axis is an index of that object in a data set,0,0,0,0,1,0,0,0
1436,tasker is responsible for collectin class gttaskertask tasks and executing them when requested.,1,0,0,0,0,0,1,0
1437,mandatory methods are,0,0,0,0,0,1,0,0
1439,method gtprototasker #flush expanded true,0,0,0,0,0,1,0,0
1440,interesting taskers to explore are class gttaskerorderednonrepetitive and class gtpostponingtasker .,1,0,0,0,0,0,0,0
1449,gtremoteinspector provides a mechanism for remote viewing of objects over a rest json api.,0,0,0,0,0,0,1,0
1450,public api and key messages,0,0,0,0,0,1,0,0
1451,message one,0,0,0,0,0,1,0,0
1453,for bonus points how to create instances.,0,0,0,0,0,1,0,0
1464,i am a release strategy that uses the current loaded tag for a repository as the version number.,0,0,0,1,0,0,1,0
1466,the version number already exists in the repository.,0,0,0,0,0,0,1,0
1469,even if the repository has child repositories there will be no metadata exported.,0,0,0,0,1,0,0,0
1470,because of this i do not use metadata to check previous versions it is not reliable .,0,0,0,0,1,0,0,0
1472,see method gtrlbaselinetagreleasestrategy #assertcompatiblewithrepository for assertions that check when i can be used.,0,0,1,0,0,0,0,0
1482,i execute a commit of the current changes staged for commit and push a tag corresponding to the version number of the repository release.,0,0,0,0,0,0,1,0
1484,see method gtrlsemantictagreleasestrategy #commitandtagrelease for more implementation details.,0,0,0,0,1,0,0,0
1489,i increment the major number of a semantic version.,0,0,0,0,0,0,1,0
1492,if the symbolic version number on which i am applied has a patch or a minor number i reset them to zero in the created version number.,0,0,0,0,1,0,0,0
1498,i am an abstraction for a type of dependency in the loading configuration of a system.,0,0,0,1,0,0,1,0
1501,i model options for configuring how releases are performed.,0,0,0,0,0,0,1,0
1502,i am used by a class gtrlreleasebuilder to create a new release.,0,1,0,0,0,0,0,0
1503,"users can configure default options that apply to all repositories from a release, or configure options for individual repositories.",0,1,0,0,0,0,0,0
1504,my main api methods for setting other default options are,0,0,0,0,0,1,0,0
1505,method gtrlreleaseconfiguration #defaultreleasebranchname the branch name on which to perform the release.,0,0,0,0,0,1,0,0
1506,method gtrlreleaseconfiguration #defaultversioncomputation the strategy for computing the next version number in case a version already exists.,0,0,0,0,0,1,0,0
1507,these are subclasses of class gtrlsemanticversioncomputation,0,0,0,0,0,1,0,0
1508,method gtrlreleaseconfiguration #defaultversionnumber the version number to use in case there are no previous releases in a repository.,0,0,0,0,0,1,0,0
1528,i store the extents of a single glyph or a string of glyphs in user space coordinates.,0,0,0,0,0,0,1,0
1531,"they will change slightly due to hinting so you can t assume that metrics are independent of the transformation matrix , but otherwise will remain unchanged.",0,0,0,0,1,0,0,0
1546,i represent a sparta canvas and provide an api to perform various drawing operations.,0,0,0,1,0,0,0,0
1547,i define an abstract api of sparta canvas that all concrete implementations must have.,0,0,0,0,0,0,1,0
1549,my main responsibility is to create and provide backend specific builders and various objects.,0,0,0,0,0,0,1,0
1550,in order to create and perform a drawing operation users should rely on corresponding builder.,0,0,0,0,0,0,1,0
1551,for example if one wants to fill a path with a paint she needs to send #fill message to canvas to get a fill builder painter .,0,0,1,0,0,0,0,0
1552,there is a separate builder for every single operation.,0,0,0,0,0,0,1,0
1553,they can be found in api protocol.,0,0,0,0,0,0,1,0
1554,i m also responsible for creation of filter primitives filter types that are used with filter operation.,0,0,0,0,0,0,1,0
1555,they can be found in filters protocol.,0,0,0,0,0,0,1,0
1556,i am polymorphic with spartasurface .,1,1,0,0,0,0,0,0
1558,fill create a builder of fill drawing operation,0,0,0,0,0,1,0,0
1560,path create a path builder,0,0,0,0,0,1,0,0
1561,"paint create a paint builder linear, radial gradients",0,0,0,0,0,1,0,0
1563,transform create a builder to transform canvas,0,0,0,0,0,1,0,0
1564,font create a font build helper,0,0,0,0,0,1,0,0
1565,text create a text rendering builder,0,0,0,0,0,1,0,0
1566,filter create a builder of filter drawing operation,0,0,0,0,0,1,0,0
1567,mask create a builder of masking draw operation,0,0,0,0,0,1,0,0
1568,bitmap create a bitmap factory,0,0,0,0,0,1,0,0
1569,"shape create a common shapes factory ellipse, rounded rectangle, etc",0,0,0,0,0,1,0,0
1572,similar to create an empty canvas of size anextent and of the same type and format,0,0,0,0,0,1,0,0
1577,create an empty canvas of size 400@250,0,0,1,0,0,0,0,0
1579,canvas spartacanvas extent 400@250.,0,0,1,1,0,0,0,0
1581,create a triangle vector path,0,0,1,0,0,0,0,0
1587,close,0,0,1,0,0,0,0,0
1588,finish.,0,0,1,0,0,0,0,0
1589,https github^com syrel sparta raw master images spartacanvas 02 triangle path^png label trianglepath,0,0,1,1,0,0,0,0
1590,create a linear gradient,0,0,1,0,0,0,0,0
1591,language smalltalk,0,0,1,0,0,0,0,0
1593,begin 50@100,0,0,1,0,0,0,0,0
1594,end 150@200,0,0,1,0,0,0,0,0
1595,stops 0 color red.,0,0,1,0,0,0,0,0
1597,apply translation to place trangle in the center,0,0,1,0,0,0,0,0
1598,language smalltalk,0,0,1,0,0,0,0,0
1599,canvas transform,0,0,1,0,0,0,0,0
1600,push,0,0,1,0,0,0,0,0
1601,translateby 100@25,0,0,1,0,0,0,0,0
1602,apply.,0,0,1,0,0,0,0,0
1603,fill previously created path fith linear gradient,0,0,1,0,0,0,0,0
1604,language smalltalk,0,0,1,0,0,0,0,0
1605,canvas fill,0,0,1,0,0,0,0,0
1606,paint lineargradient,0,0,1,0,0,0,0,0
1607,path triangle,0,0,1,0,0,0,0,0
1608,draw.,0,0,1,0,0,0,0,0
1609,https github^com syrel sparta raw master images spartacanvas 03 fill path^png label fillpath,0,0,1,1,0,0,0,0
1610,stroke triangle with blue color,0,0,1,0,0,0,0,0
1612,canvas stroke,0,0,1,0,0,0,0,0
1613,paint color blue,0,0,1,0,0,0,0,0
1615,width 6,0,0,1,0,0,0,0,0
1617,https github^com syrel sparta raw master images spartacanvas 04 stroke path^png label strokepath,0,0,1,1,0,0,0,0
1618,restore transformation matrix,0,0,1,0,0,0,0,0
1621,create a gaussian blur filter,0,0,1,0,0,0,0,0
1622,language smalltalk,0,0,1,0,0,0,0,0
1623,blur canvas gaussianblurfilter,0,0,1,0,0,0,0,0
1625,apply filter on the whole canvas,0,0,1,0,0,0,0,0
1626,language smalltalk,0,0,1,0,0,0,0,0
1627,canvas filter,0,0,1,0,0,0,0,0
1628,area canvas bounds,0,0,1,0,0,0,0,0
1630,draw.,0,0,1,0,0,0,0,0
1631,https github^com syrel sparta raw master images spartacanvas 05 blur^png label blur,0,0,1,1,0,0,0,0
1718,"i am meant to be polymorphic with rectangle and path and can be used as path in various operations, except clipping.",0,0,0,0,0,0,1,0
1721,to get my end point,0,0,0,0,0,1,0,0
1734,i represent a font face source and know how to retrieve font contents from it,0,0,0,1,0,0,1,0
1737,i am a buffer source.,0,0,0,1,0,0,0,0
1740,i implement a basic infrastructure of event management.,0,0,0,0,0,0,1,0
1743,i am a composite filter and can have an arbitrary amount of input soures,0,0,0,1,0,0,0,0
1746,merge filter primitive is just a composite filter with over composion mode.,0,0,1,0,0,0,0,0
1747,merge canvas compositefilter,0,0,1,0,0,0,0,0
1748,over,0,0,1,0,0,0,0,0
1749,source filter1,0,0,1,0,0,0,0,0
1750,source filter2,0,0,1,0,0,0,0,0
1751,source filter3,0,0,1,0,0,0,0,0
1752,source filter4,0,0,1,0,0,0,0,0
1762,tspartapaint,0,0,0,0,0,0,1,0
1763,i define an api of a paint.,0,0,0,0,0,0,1,0
1765,overview,0,0,0,0,0,0,1,0
1767,i am instantiated by canvas and does not supposed to be created by refering paint class directly.,0,1,0,0,0,0,0,0
1768,sparta canvas provides a paint builder that should be used to build concerete paints.,0,1,0,0,0,0,0,0
1769,public api and key messages,0,0,0,0,0,1,0,0
1770,i define an api of an abstract paint.,0,0,0,0,0,1,0,0
1771,"transformation to get current transformation matrix, can not be mil",0,0,0,0,0,1,0,0
1772,transformation set new paint transformation.,0,0,0,0,0,1,0,0
1773,"if not set, supposed to be identity.",0,0,0,0,0,1,0,0
1774,clamp do not repeat me,0,0,0,0,0,1,0,0
1775,reflect mirror the image,0,0,0,0,0,1,0,0
1776,repeat repeat in both x and y axis,0,0,0,0,0,1,0,0
1779,rotatebydegrees rotate me by amount of degrees clockwise,0,0,0,0,0,1,0,0
1780,rotatebyradians rotate me by amount of radians clockwise,0,0,0,0,0,1,0,0
1783,internal representation and key implementation points.,0,0,0,0,1,0,0,0
1784,"generally, a paint is not meant to be an external object, however for additional flexibility i am implemented as a trait.",0,0,0,0,1,0,0,0
1807,i define an api of stroke options object.,0,0,0,0,0,1,1,0
1813,"i am a helper trait that defines basic font properties such as weight, style and stretch",0,0,0,1,0,0,1,0
1816,i define an api of a text run an object that holds an array of glyphs that represent a piece of text.,0,0,0,1,0,0,1,0
1822,how to create base64 string,0,0,1,0,0,0,0,0
1823,adocument anxdfile,0,0,1,0,0,0,0,0
1824,adocument gt2documentexamples new documentwithexistingclass.,0,0,1,0,0,0,0,0
1825,anxdfile adocument savetoxdoc.,0,0,1,0,0,0,0,0
1826,znbase64encoder new,0,0,1,0,0,0,0,0
1827,breaklines,0,0,1,0,0,0,0,0
1828,encode anxdfile streamingstrategy bytes,0,0,1,0,0,0,0,0
1836,check if the opposite class declared in a pragma #mseproperty type opposite is defined.,0,0,0,0,0,0,1,0
1838,famixannotationtypegroup is a moosegroup containing only famix enities of type famixannotationtype.,0,0,0,1,0,0,1,0
1843,g,0,0,1,0,0,0,0,0
1844,g famixgenerator new.,0,0,1,0,0,0,0,0
1845,g generatewithoutcleaning.,0,0,1,0,0,0,0,1
1846,famixcompatibilitygenerator resetmetamodel.,0,0,1,0,0,0,0,0
1851,file argouml 034^mse asfilereference readstream.,0,0,1,0,0,0,0,0
1852,dictionary dictionary newfrom,0,0,1,0,0,0,0,0
1853,famixjavaentity withallsubclasses collect c,0,0,1,0,0,0,0,0
1855,famix.,0,0,1,0,0,0,0,0
1856,", cn famixjava entities.",0,0,1,0,0,0,0,0
1858,dictionary at famix^javasourcelanguage put famixjava entities^sourcelanguage .,0,0,1,0,0,0,0,0
1859,repo moosemodel importfrom file withmetamodel famixjavagenerator metamodel translationdictionary dictionary.,0,0,1,0,0,0,0,0
1862,model entitystorage forruntime.,0,0,1,0,0,0,0,0
1863,model.,0,0,1,0,0,0,0,0
1882,represents an invocation which function is contained in a pointer.,0,0,0,1,0,0,0,0
1888,java extractors map java packages to famixnamespaces.,1,0,0,0,1,0,0,0
1889,they can also mirror the same information in terms of famixpackage instances.,1,0,0,0,1,0,0,0
1896,parametertype represents the symbolic type used in parameterizable classes.,0,0,0,1,0,0,0,0
1899,"public class aclass a,b,c",0,0,1,0,0,0,0,0
1900,where aclass is a parameterizableclass.,0,0,1,0,0,0,0,0
1901,"a, b and c are parametertype of aclass.",0,0,1,0,0,0,0,0
1908,famixtrait models a trait as it can be found in pharo or php.,0,1,0,0,0,0,1,0
1911,description,0,0,0,1,0,0,0,0
1913,i will be useful until all my values are resolved.,0,0,0,0,0,0,1,0
1914,each time a value is resolved i ll check if i can be resolved.,0,0,0,0,0,0,1,0
1927,description,0,0,0,1,0,0,0,0
1928,i am a model used in the scope of fame.,0,0,1,1,0,0,0,0
1929,i contains real instances of a class representing a concept in the current metamodel.,0,0,0,0,0,0,1,0
1930,this class is described by an entity of my meta model.,0,1,0,0,0,0,0,0
1931,i have a meta model containing descriptions of my content.,0,1,1,1,0,0,0,0
1932,a fmmodel has a fmmetamodel as meta model which has a fmmetametamodel has metamodel.,1,1,0,0,0,0,0,0
1935,a fmmetamodel containing instances of fm3elements describing famixstclass.,1,0,0,0,0,0,0,0
1937,i include a system of caches in case my users want to store informations to speed up an application.,0,0,0,0,1,0,0,0
1939,public api and key messages,0,0,0,0,0,1,0,0
1940,#metadescriptionon allows one to get the meta description of an element.,0,0,0,1,0,1,0,0
1946,model fmmodel withmetamodel fmmetamodel fromstring fmheinekenexample metamodelmse .,1,0,0,0,0,0,0,0
1951,metamodel afmmetamodel the meta model describing my entities.,1,0,1,0,0,0,0,0
1973,description,0,0,0,1,0,0,0,0
1974,i am responsible of printing the mse format markup during a model export.,0,0,0,1,0,0,0,0
1975,examples,0,0,1,0,0,0,0,0
1977,printer fmmseprinter onstring.,0,0,1,0,0,0,0,0
1978,fmmetametamodel default exportwithprinter printer.,0,0,1,0,0,0,0,0
1979,printer stream contents,0,0,1,0,0,0,0,0
1988,i am a relation slot representing a property containing only one element.,0,0,0,1,0,0,0,0
1989,examples,0,0,1,0,0,0,0,0
1991,slots #parenttype fmone type #famixtwithmethods opposite #methods,0,0,1,0,0,0,0,0
1999,description,0,0,0,1,0,0,0,0
2015,i m a visitor for instances of #famixmetamodelgenerator and subclasses.,0,0,0,1,0,0,0,0
2017,see fmxmbvisitor to see how to use me.,1,0,0,0,0,0,0,0
2021,i am a test resource building a famixstmodel with some of kgb packages used for metrics tests.,1,1,0,1,0,0,1,0
2026,lan interface comments for testing purposes.,0,0,0,1,0,0,1,0
2037,breadth first search bfs is an algorithm for traversing or searching tree or graph data structures.,0,0,0,1,0,0,1,0
2038,"it starts at the tree root or some arbitrary node of a graph, sometimes referred to as a search key and explores the neighbor nodes first, before moving to the next level neighbours.",0,0,0,0,0,0,1,0
2044,this class is part of hapax.,0,1,0,1,0,0,0,0
2050,malformalcontext mammals2 computeconcepts,0,0,1,0,0,0,0,0
2052,a malhgnode is a node inside a hierarchical graph.,0,0,0,1,0,0,0,1
2053,"it knows the graph it belongs to, its children and its parent, on which level in the graph it resides and its outgoing ind incoming edges.",0,0,0,0,0,1,1,0
2054,one can also store arbitrary informaition as attributes to a node.,0,0,0,0,0,1,1,1
2056,attributes dictionary,0,0,0,0,0,1,0,0
2057,children orderedcollection,0,0,0,0,0,1,0,1
2058,higraph malhierarchicalgraph,0,0,0,0,0,1,0,0
2059,incoming orderedcollection,0,0,0,0,0,1,0,1
2060,level number,0,0,0,0,0,1,0,0
2061,outgoing orderedcollection,0,0,0,0,0,1,0,1
2063,attributes,0,0,0,0,0,1,0,1
2065,children,0,0,0,0,0,1,0,1
2068,higraph,0,0,0,0,0,1,0,1
2069,the malhierarchicalgraph this node belongs to.,0,0,0,0,0,1,0,0
2070,incoming,0,0,0,0,0,1,0,0
2072,level,0,0,0,0,0,1,0,0
2074,"the larger the number, the deeper down in the hierarchy the node is located.",0,0,0,0,0,1,0,0
2075,outgoing,0,0,0,0,0,1,0,0
2077,parent,0,0,0,0,0,1,0,0
2098,kruskal s algorithm is a greedy algorithm in graph theory that finds a minimum spanning tree for a connected weighted graph.,0,0,0,0,0,0,1,0
2100,"if the graph is not connected, then it finds a minimum spanning forest a minimum spanning tree for each connected component .",0,0,0,0,0,0,1,0
2106,we can detect like horizontal decomposition with the algos in the class.,0,0,0,0,0,0,1,0
2107,data fca context lattice,0,0,1,0,0,0,0,1
2108,data # # #cat # #fourlegs #hair # #dog # #smart #fourlegs #hair # #dolphin # #smart #marine # #gibbon # #hair #smart #thumbed # #man # #smart #thumbed # #whale # #smart #marine .,0,0,1,0,0,0,0,0
2109,fca malformalcontext new.,0,0,1,0,0,0,0,1
2110,context fca with data using #first using #last.,0,0,1,0,0,0,0,0
2111,mallatticepatterns on mallattice on context reportpatterns,0,0,1,0,0,0,0,1
2112,for moose models,0,0,1,0,0,0,0,0
2113,fca model treillis context,0,0,1,0,0,0,0,1
2114,model moosemodel root allmodels second.,0,0,1,0,0,0,0,0
2115,fca malformalcontext new.,0,0,1,0,0,0,0,1
2116,context fca with model allmodelclasses using #yourself using cl cl methods collect m m name .,0,0,1,0,0,0,0,0
2117,treillis mallattice on context .,0,0,1,0,0,0,0,1
2118,transcript clear.,0,0,1,0,0,0,0,0
2119,mallatticepatterns on treillis reportpatterns.,0,0,1,0,0,0,0,1
2120,mallattice new viewlattice treillis .,0,0,1,0,0,0,0,0
2121,smalltalk collection class hierarchy,0,0,1,0,0,0,0,0
2122,fca model treillis context,0,0,1,0,0,0,0,0
2123,treillis mallattice on malformalcontext classhierarchycollection .,0,0,1,0,0,0,0,0
2124,mallatticepatterns on treillis reportmodules.,0,0,1,0,0,0,0,0
2145,a basic node able to host the model and to represent edges with no additional class.,0,0,0,0,0,0,1,0
2149,this class is part of hapax.,0,1,0,1,0,0,0,0
2150,"hapax is distributed under bsd license, see package comment.",0,1,0,1,0,0,0,1
2162,"copyright c , 2004 2007 adrian kuhn.",0,1,0,0,0,0,0,0
2163,this class is part of hapax.,0,1,0,0,0,0,0,0
2173,i store metadata for this package.,0,0,0,0,0,0,1,0
2174,these meta data are used by other tools such as the smalllintmanifestchecker and the critics browser,1,1,0,0,0,0,0,0
2178,i store metadata for this package.,0,0,0,0,0,0,1,0
2183,i m the root for the new importer.,0,0,0,1,0,0,0,0
2186,moosecustomtask is a task perform some computation specified as a block.,0,0,0,1,0,0,0,0
2187,the main api is then,0,0,0,0,0,1,0,0
2188,with ablock description adescription length anumber,0,0,0,0,0,1,0,0
2192,mooseentity is an abstract entity.,0,0,0,1,0,0,0,0
2194,"any moose entity should answer its mooseid, its moosename and its moosemodel.",0,0,0,0,0,1,0,0
2195,extension mechanism,0,0,1,0,0,0,0,0
2196,the state instance variable provides a mechanism for extending the state of entities.,0,0,1,0,0,0,0,0
2197,this is achieved through mooseentitystate.,0,0,1,0,0,0,0,0
2198,"using this mechanism, a package can extend an entity to add more state.",0,0,1,0,0,0,0,0
2199,this extension will only be visible when the package is loaded.,0,0,1,0,0,0,0,0
2200,this is an important mechanism to enable extensibility and modularity.,0,0,1,0,0,0,0,0
2201,"for example, if you have yourentity that subclasses mooseentity, you can extend it with",0,0,1,0,0,0,0,0
2202,yourentity yourextendingattribute,0,0,1,0,0,0,0,0
2203,^ self privatestate attributeat #yourextendingattribute,0,0,1,0,0,0,0,0
2209,this is achieved by means of pragmas,0,0,1,0,0,0,0,0
2210,"first, on the class side, you should have a method .",0,0,1,0,0,0,0,0
2211,"for example, yourentity could have",0,0,1,0,0,0,0,0
2212,yourentity class annotation,0,0,1,0,0,0,0,0
2213,mseclass #yourentity super #mooseentity,0,0,1,0,0,0,0,0
2214,package yourpackage,0,0,1,0,0,0,0,0
2215,msecomment the yourentity smalltalk class has a correspondent yourentity meta entity in the fame world,0,0,1,0,0,0,0,0
2216,the pragma mseproperty type must be placed in the getter method to denote a fame property.,0,0,1,0,0,0,0,0
2217,for example,0,0,1,0,0,0,0,0
2218,yourentity yourextendingattribute,0,0,1,0,0,0,0,0
2219,mseproperty #yourextendingattribute type #yourtype,0,0,1,0,0,0,0,0
2220,msecomment this is an attribute extended in a different package,0,0,1,0,0,0,0,0
2221,^ self privatestate attributeat #yourextendingattribute,0,0,1,0,0,0,0,0
2222,important api,0,0,0,0,0,1,0,0
2223,mooseid is an integer that uniquely identifies this entity within the entire moose environment.,0,0,0,0,0,1,0,0
2224,it should not change nor be nil.,0,0,0,0,0,1,0,0
2225,it is generated automatically during the creation of the mooseentity.,0,0,0,0,0,1,0,0
2226,moosemodel of an entity is must be an instance of moosemodel.,0,0,0,0,0,1,0,0
2227,it may be nil if the entity is not part of a model.,0,0,0,0,0,1,0,0
2228,"each entity belongs to one and only one model, if an entity has not yet been added to a model or if an entity has been removed from a model the moosemodel is undefined, that is it may be nil.",0,0,0,0,0,1,0,0
2230,moosename returns a symbol that should qualify the current entity.,0,0,0,0,0,1,0,0
2231,it does not have to be unique,0,0,0,0,0,1,0,0
2271,self openon moosemodel root allmodels last allmodelclasses,0,0,1,0,0,0,0,0
2274,it is meant to be subclassed.,0,0,0,0,1,0,0,0
2283,description,0,0,0,0,0,0,1,0
2284,"this trait provides a common, paradigm agnostic vocabulary to query dependencies of software entities.",0,0,0,0,0,0,1,0
2285,it includes some generic way to query an entity via its associations.,0,0,0,0,0,1,0,0
2286,the api offer the possibility to query an entity with three parameters,0,0,0,0,0,1,0,0
2288,"the kind of association famixacces, famixreference, all.",0,0,0,0,0,1,0,0
2289,"the scope of the query the receiver, the receiver and its children",0,0,0,0,0,1,0,0
2290,the actual core of the algorithms are in moosequerycalculator class.,1,1,0,0,0,0,0,0
2291,most of the generic methods takes a symbol to describe the direction.,0,0,0,0,1,0,0,0
2292,this symbol will be used to find a moosequeryabstactdirectionstrategy to configure a moosequerycalculator.,0,0,0,0,1,0,0,0
2294,public api and key messages,0,0,0,0,0,1,0,0
2295,#query asymbol with afamixassociation looks for the associations of the kind afamixassociation in the direction described by the symbol in the receiver and its children.,0,0,0,0,0,1,0,0
2300,examples,0,0,1,0,0,0,0,0
2301,afamixclass query #in with famixinheritance.,0,0,1,0,0,0,0,0
2302,will return a mooseincomingqueryresult containing the famixinheritance associations having afamixclass or its children as target,0,0,1,0,0,0,0,0
2303,afamixmethod query #out with famixaccess.,0,0,1,0,0,0,0,0
2304,will return a mooseoutgoingqueryresult containing the famixaccess associations having afamixmethod or its children as source,0,0,1,0,0,0,0,0
2305,afamixclass querylocal #in with famixinheritance.,0,0,1,0,0,0,0,1
2306,will return a mooseincomingqueryresult containing the famixinheritance associations having afamixclass as target,0,0,1,0,0,0,0,1
2309,afamixclass queryall #in.,0,0,1,0,0,0,0,0
2310,will return a mooseincomingqueryresult containing the famixassociation having afamixclass or its children as target,0,0,1,0,0,0,0,0
2311,afamixmethod queryall #out.,0,0,1,0,0,0,0,0
2312,will return a mooseoutgoingqueryresult containing the famixassociation having afamixmethod or its children as source,0,0,1,0,0,0,0,0
2314,will return a mooseincomingqueryresult containing the famixassociation having afamixclass as target,0,0,1,0,0,0,0,0
2316,will return a mooseoutgoingqueryresult containing the famixassociation having afamixmethod as source,0,0,1,0,0,0,0,0
2349,a toodependencyqueries defines a vocabulary to compute dependencies of object oriented entities.,0,0,0,0,0,0,1,0
2353,used by adding enabledebug before parsing.,0,1,0,0,0,0,0,0
2356,root,0,0,0,0,0,1,0,0
2357,xxxxx,0,0,0,0,0,1,0,0
2364,it is usefull to get parsing evaluation and stream position.,0,0,0,0,0,0,1,0
2380,abstract literal parser that parses some kind of literal type to be specified by subclasses .,0,1,0,1,0,0,0,0
2386,"i return failure, if the delegate parser did not consumed any input.",0,0,0,0,0,0,1,0
2388,"ppparserreplacerule replaces a matched grammar with another grammar, which may include patterns from the matching grammar.",0,0,0,0,0,0,1,0
2392,a pluggable parser that passes the parser stream into a block.,0,0,0,1,0,0,1,0
2393,this enables users to perform manual parsing or to embed other parser frameworks into petitparser.,1,1,0,0,0,0,1,0
2401,a pprelativepositionstream is a specialized stream to get the relative position according to another stream.,0,0,0,1,0,0,1,1
2405,these are some simple demo scripts of parser combinators for the compiler construction course.,0,0,0,1,0,0,0,0
2408,a ppisland allows for imprecise parsing.,0,0,0,0,0,1,1,0
2409,one can create it on a parser p by calling p island eg,0,0,0,0,0,1,1,0
2410,"p x, a island, y accepts following inputs",0,0,1,0,0,1,0,0
2411,x^^^^^a..,0,0,1,0,0,0,0,0
2413,b,0,0,1,0,0,0,0,0
2414,xab,0,0,1,0,0,0,0,0
2415,yet fails on,0,0,1,0,0,0,0,0
2416,x^^^^a..,0,0,1,0,0,0,0,0
2417,c,0,0,1,0,0,0,0,0
2418,xb,0,0,1,0,0,0,0,0
2420,x^^b..,0,0,1,0,0,0,0,0
2421,a^^^^b,0,0,1,0,0,0,0,0
2422,the input represented by dots is called water and water can appear before and after the island.,0,0,1,0,0,1,0,0
2423,"use it, if you don t want to define all the grammar rules and you want to skip something.",0,0,1,0,0,0,0,0
2424,"i am still an experiment, but if you know how to improve me, please contact jan kurs at kurs@iam^unibe.ch",0,0,1,0,0,0,0,0
2426,afterwaterparser object,0,0,0,0,0,1,0,0
2427,awp object,0,0,0,0,0,1,0,0
2428,beforewaterparser object,0,0,0,0,0,1,0,0
2429,bwp object,0,0,0,0,0,1,0,0
2431,island object,0,0,0,0,0,1,0,0
2433,xxxxx,0,0,0,0,0,1,0,1
2434,awp,0,0,0,0,0,1,0,0
2435,xxxxx,0,0,0,0,0,1,0,1
2437,xxxxx,0,0,0,0,0,1,0,1
2438,bwp,0,0,0,0,0,1,0,0
2439,xxxxx,0,0,0,0,0,1,0,1
2441,xxxxx,0,0,0,0,0,1,0,1
2442,island,0,0,0,0,0,1,0,0
2443,xxxxx,0,0,0,0,0,1,0,1
2473,i m a node filter.,0,0,0,1,0,0,0,0
2477,i m a pillar specific class to manage code not generated for the configuration class.,0,0,0,1,0,0,1,0
2481,i m an object managing configuration.,0,0,0,1,0,0,0,0
2485,when you type on the command line,0,0,1,0,0,0,0,0
2487,you can obtain the same doing,0,0,1,0,0,0,0,0
2488,prexportbuilder new,0,0,1,0,0,0,0,0
2489,createconfiguration pillar^conf,0,0,1,0,0,0,0,0
2490,basedirectory filesystem workingdirectory,0,0,1,0,0,0,0,0
2491,argdictionary,0,0,1,0,0,0,0,0
2495,export,0,0,1,0,0,0,0,0
2511,bash scripting language,0,0,0,1,0,0,0,0
2513,i am a visitor specialized in visiting books and testing their code.,0,1,0,1,0,0,0,0
2514,"therefore, i only redefine visitcodeblock and specify it with the different parameters the codelock may have.",0,0,0,0,0,0,1,0
2515,i gather all results as prbooktestresult s in alltestsresults.,1,0,0,0,0,0,1,0
2516,visitcodeblock uses executeandreport creating a prbooktestresult with the result of the evaluation of the codeblock.,1,0,0,0,0,1,0,0
2517,checkandreportfilenamed starts the visit in a given file.,0,0,0,0,0,1,0,0
2542,i am class representing a documentlistannotation.,0,0,0,1,0,0,0,0
2543,i allow users to get abstracts of files located in a directory and specify a link to access these files.,0,0,0,0,0,0,1,0
2544,i can choose the number of files to take and the way to sort them.,0,0,0,0,0,0,1,0
2545,we can also choose they way abstracts will be represented by specifying templates.,0,0,0,0,0,0,1,0
2546,we ahave the possibility of giving multiple templates.,0,0,0,0,0,0,1,0
2547,then abstracts will alternately change templates if you specified mutliple directories.,0,0,0,0,0,0,1,0
2548,"when no template file is specified, abstracts are generated as documentgroup containing different files elements.",0,0,0,0,0,0,1,0
2549,with templates the annotation is remplaced by a raw document in html.,0,0,0,0,0,0,1,0
2551,you have to specify complete path starting from the project directory.,0,0,0,0,0,0,1,0
2552,"also for the path, the complete path from the project directory.",0,0,1,0,0,0,0,0
2553,doclist path blogs limit 3 sort date templates # templates docarticle^mustache templates template^mustache,0,0,1,0,0,0,0,0
2554,doclist path wrongdirectory limit 3 sort date templates # templates docarticle^mustache templates template^mustache should raise an error,0,0,1,0,0,0,0,0
2568,"i am a footnote, you can create me with",0,0,0,1,0,0,0,0
2569,noted astring,0,0,1,0,0,0,0,1
2570,it create a footnote with note specified in parameter.,0,0,0,0,0,0,1,1
2574,convert from the level of a pillar heading to the level of heading in the exported document.,0,0,0,0,0,0,1,0
2575,"for example, a headingleveloffset of 3 converts a 1st level pillar heading to an h4 in html.",0,0,1,0,0,0,0,0
2579,the main method is #tag that allow you to write something like this,0,0,0,0,0,1,1,0
2588,hypertext markup language,0,0,0,1,0,0,0,1
2590,i include a reference to a pillar file.,0,0,0,0,0,0,1,0
2591,with me we can add a transformation to remplace an annotation to a pillar file by his tree.,0,0,0,0,0,0,1,1
2592,my tag is inputfile .,0,0,0,0,0,1,0,0
2594,"a path to a file with the key value required, you can write it without the key",0,0,0,0,0,1,0,0
2595,examples,0,0,1,0,0,0,0,1
2596,inputfile myfile^pillar,0,0,1,0,0,0,0,0
2597,inputfile value directory myfile^pillar,0,0,1,0,0,0,0,1
2606,a latex environment,0,0,0,1,0,0,0,0
2607,to emit,0,0,0,0,0,0,1,1
2613,i am an abstract list.,0,0,0,1,0,0,0,0
2622,i am a superclass of most objects within pier.,0,0,0,1,0,0,0,0
2623,"i hold a dictionary of properties, so that users can easily annotate me with new values.",0,0,0,0,0,0,1,0
2628,"i m a paragraph of text containing text, line breaks or annotations.",0,0,0,1,0,0,0,0
2629,i m close to a latex or html paragraph.,0,0,0,0,0,0,1,1
2630,"i do not contain complex structures such as lists, codeblocks.",0,0,0,0,0,0,1,0
2634,i represent a key and value pair.,0,0,0,1,0,0,0,1
2640,i am a warning for the parse of a pillar file.,0,0,0,1,0,0,0,0
2642,i am an abstract class to describe a phase of an export.,0,0,0,1,0,0,0,0
2643,"a phase takes an input, transforms it and returns an output.",0,0,0,0,0,0,1,0
2644,a phase holds a configuration.,0,0,0,0,0,0,1,0
2645,this configuration is a the configuration of the export.,0,0,0,0,0,0,1,0
2646,to create a new phase you have to define its prority as a class method then to define the action of the phase with a method actionon aninput.,0,0,1,0,0,0,0,0
2648,you can also add some transformations to the output like,0,0,1,0,0,0,0,0
2651,acollection,0,0,1,0,0,0,0,0
2652,do each,0,0,1,0,0,0,0,0
2653,prfileinclusion new,0,0,1,0,0,0,0,0
2654,configuration self configuration,0,0,1,0,0,0,0,0
2655,start each,0,0,1,0,0,0,0,0
2670,i use the prpillargrammar and i build a prdocument.,1,1,0,0,0,0,1,0
2675,i m responsible for starting the parsing process of a pillar document.,0,0,0,0,0,0,1,0
2676,"if possible, i will use a compiled version of prpillarparser.",1,1,0,0,0,0,0,0
2677,i will also use the ston reader to read potentital metadata at the begining of the stream.,1,1,0,0,0,0,0,0
2683,i am a parser for a pillar syntax.,0,0,0,1,0,0,0,0
2684,i use the prpillargrammar and i build a prdocument.,1,1,0,0,0,0,1,0
2694,i am used in a prdocument to include a prpicture and add a png file to the figures chapter subfolder.,0,1,0,0,0,0,1,0
2695,my parameters are,0,0,0,0,0,1,0,1
2696,package the targetted package,0,0,0,0,0,1,0,0
2697,class the targetted class,0,0,0,0,0,1,0,0
2699,caption the caption that will appear under my figure in the final book,0,0,0,0,0,1,0,0
2700,width prfigure width as would be used in a more classic figure inclusion with caption .,0,0,0,0,0,1,0,0
2701,file width 50,0,0,0,0,0,1,0,0
2702,label prfigure label as would be used in a more classic figure inclusion with caption .,0,0,0,0,0,1,0,0
2704,i am used as follows in a document,0,0,1,0,0,0,0,0
2705,screenshot package kernel class integer method caption the plus method width 50 label aa,0,0,1,0,0,0,0,0
2725,i know how to visit a showclass annotation and the way to transform it.,0,0,0,0,0,0,1,0
2726,i create a prcodeblock with the class definition within it.,1,1,0,0,0,0,0,0
2733,i am an unordered list.,0,0,0,1,0,0,0,0
2734,i am typically used for unnumbered lists,0,1,0,0,0,0,0,0
2737,a class to watch served sites.,0,0,0,1,0,0,1,0
2738,"each 5 seconds, the website is regenerated",0,0,0,0,0,0,1,0
2745,"here are tests that would be in math tests dhb numerical, if it could construct random matrices",0,0,0,0,0,0,1,0
2747,it is stepper for adams moulton method of order 3.,0,0,0,1,0,0,0,0
2760,"the exponential distribution has a single parameter beta, here denoted as mean.",0,0,0,0,0,0,1,0
2761,"the default randomgenerator is pmrandom, but can be modified.",0,0,0,0,0,1,0,0
2762,the next method uses the formula,0,0,0,0,1,0,0,0
2763,x beta ln 1 u,0,0,0,0,1,0,0,0
2764,"to generate an exponential sample x from a uniform 0,1 sample u.",0,0,0,0,1,0,0,0
2772,computes the gradient of a function of a collection of numbers.,0,0,0,0,0,0,1,0
2774,g pmgradient of x x first squared x second .,0,0,1,0,0,0,0,0
2776,# 12 9,0,0,1,0,0,0,0,0
2777,g value # 1 1 .,0,0,1,0,0,0,0,0
2778,# 2 1,0,0,1,0,0,0,0,0
2789,an implicitannouncer is used by odesolver to announce step results implicitsolverannouncement .,0,1,0,1,0,0,0,0
2794,does a two sided kolmogorov smirnow test and checks whether sample data are from a population with a given distribution.,0,0,0,0,0,0,1,0
2797,"#ksstatistic returns kolmogorovs d, calculated as the maximum of d and d , iow it does not !",0,0,0,0,0,1,0,0
2798,use d max f y i i n .,0,0,0,0,0,1,0,0
2799,see eg http www^itl.nist^gov div898 handbook eda section3 eda35g^htm why this would be wrong.,0,0,0,0,0,1,0,0
2800,#pvalue returns the probability of getting a d ksstatistic .,0,0,0,0,0,1,0,0
2803,nd dhbnormaldistribution new.,0,0,1,0,0,0,0,0
2805,ks kolmogorovsmirnov comparedata 1 to 100 collect i nd random withdistribution nd.,0,0,1,0,0,0,0,0
2807,ks rejectequalityhypothesiswithalpha 005.,0,0,1,0,0,0,0,0
2824,"the method is initialized by g 0 , g 1 and g 0 .",0,0,0,0,0,0,1,1
2825,"the step from x 0 to x 1 suppose to minimize g x i^eg 0 0 , but due to nonlinearity of g x might fail to do so.",0,0,0,0,1,0,0,0
2826,"in this case, this method finds such an x that this function is minimized in the sense",0,0,0,0,1,0,0,1
2828,for some small alpha defaults to 1e 4 .,0,0,0,0,1,0,0,1
2831,pmlinesearch function funblock valueatzero g0 derivativeatzero dg0 valueatone g1 evaluate.,0,0,1,0,0,0,0,0
2832,"where funblock is the implementation of g x , g0 g 0 , dg0 g 0 and g1 g 0 .",0,0,1,0,0,0,0,1
2833,for repeated use,0,0,1,0,0,0,0,0
2834,storedmethod dhblinesearch new.,0,0,1,0,0,0,0,1
2835,storedmethod setfunction funblock.,0,0,1,0,0,0,0,0
2836,storedmethod setvalueatzero g0 derivativeatzero dg0 valueatone g1.,0,0,1,0,0,0,0,1
2837,storedmethod evaluate.,0,0,1,0,0,0,0,0
2838,optimization tip!!!,0,0,0,0,1,0,0,1
2839,it is guaranteed that g x will be called on the resulting x.,0,0,0,0,1,0,0,0
2840,see dhbnewtonzerofinder pmnewtonzerofinder that uses this to minimize the number of function evaluations.,0,0,0,0,1,0,0,1
2860,i represent a mathematical matrix.,0,0,0,1,0,0,0,0
2861,i can be build from rows as follows,0,0,1,0,0,0,0,1
2862,pmmatrix rows # 1 2 3 4 5 6 .,0,0,1,0,0,0,0,0
2863,i understand the usual matrix operations.,0,0,0,0,0,1,0,1
2868,an ode solver uses a stepper to solve a system.,0,1,0,0,0,0,0,0
2869,the main interface once the solver is set up it has a stepper and a solver is,0,0,0,0,0,1,0,1
2870,solve system x0 astate t0 starttime t1 endtime,0,0,0,0,0,1,0,0
2872,announcements are made when a step is taken.,0,0,0,0,1,0,0,1
2878,"quantiletest tests mainly #quantile method by calculating quartiles with every method on sortedcollections of size 4, 5, 6 and 11.",0,0,0,0,1,0,0,0
2880,this is the test class that exercises scikit learn eigenvector flip algorithm,0,0,0,1,0,0,1,0
2909,"solving ordinary differential equation numerically is usually done iteratively, that is a given state of an ordinary differential equation is iterated forward x t x t dt x t 2dt .",0,0,0,0,1,0,0,0
2910,steppers perform one single step.,0,0,0,0,1,0,0,0
2911,the most general stepper type is described by the stepper concept.,0,1,0,0,0,0,0,0
2913,the class method onsystem will assign the system to the stepper.,0,0,0,0,0,1,0,0
2920,a glmroassalmorphictest is xxxxxxxxx.,0,0,0,1,0,0,0,0
2922,i am bridging roassalmodel and rtview,1,1,0,0,0,0,1,0
2927,i am a class that display general information about roassal,0,0,0,0,0,0,1,0
2929,i am the super class of all the roassal examples.,0,0,0,1,0,0,0,0
2930,try to use this script to know the excecution of roassal examples,0,0,1,0,0,0,0,0
2931,examples errors,0,0,1,0,0,0,0,0
2932,examples orderedcollection new.,0,0,1,0,0,0,0,0
2933,errors orderedcollection new.,0,0,1,0,0,0,0,0
2934,rtabstractexample subclasses collect #new,0,0,1,0,0,0,0,0
2935,do example,0,0,1,0,0,0,0,0
2936,example gtexamples do met time builder,0,0,1,0,0,0,0,0
2937,time dateandtime now.,0,0,1,0,0,0,0,0
2938,builder example perform met selector.,0,0,1,0,0,0,0,0
2939,builder iskindof rtbuilder,0,0,1,0,0,0,0,0
2940,iftrue builder build .,0,0,1,0,0,0,0,0
2941,time dateandtime now time.,0,0,1,0,0,0,0,0
2942,time 1 asduration,0,0,1,0,0,0,0,0
2944,on error do errors add met,0,0,1,0,0,0,0,0
2945,displayingprogress running examples .,0,0,1,0,0,0,0,0
2946,examples errors,0,0,1,0,0,0,0,0
2965,a data set is a set of points intended to be charted.,0,0,0,1,0,0,0,0
2966,a data set has to be added to a rtgrapher.,0,1,0,0,0,0,0,0
2970,i am a base class for some builders of roassal like,0,1,0,1,0,0,0,0
2971,rttreemapbuilder,1,1,0,0,0,0,0,0
2973,rtbundlebuilder,1,1,0,0,0,0,0,0
2974,rtsunburstbuilder,1,1,0,0,0,0,0,0
2985,i am the superclass of the class hierarchy describing attach points.,0,0,0,1,0,0,0,0
2986,an attach point indicates where lines start and end.,0,0,0,0,0,0,1,0
2989,a rtaxisrenderer is a renderer for axis.,0,1,0,1,0,0,0,0
2990,it simply render in a view an axis configuration,0,1,0,0,0,0,1,0
2995,describe a cubic bezier spline,0,0,0,0,0,0,1,0
2996,here is an example,0,0,1,0,0,0,0,0
2997,v rtview new.,0,0,1,0,0,0,0,0
2998,s rtellipse new color color red alpha 04 size 30.,0,0,1,0,0,0,0,0
2999,e1 s elementon begin .,0,0,1,0,0,0,0,0
3001,e3 s elementon middle .,0,0,1,0,0,0,0,0
3002,lineshape rtbezier3line new.,0,0,1,0,0,0,0,0
3003,lineshape controlelement e3.,0,0,1,0,0,0,0,0
3004,lineshape attachpoint rtshorterdistanceattachpoint instance .,0,0,1,0,0,0,0,0
3005,edge lineshape edgefrom e1 to e2.,0,0,1,0,0,0,0,0
3006,v add e1 add e2 add e3 add edge.,0,0,1,0,0,0,0,0
3007,e1 @ rtdraggable.,0,0,1,0,0,0,0,0
3008,e2 @ rtdraggable.,0,0,1,0,0,0,0,0
3009,e3 @ rtdraggable.,0,0,1,0,0,0,0,0
3010,e2 translateby 80 @ 50.,0,0,1,0,0,0,0,0
3011,e3 translateby 40 @ 25.,0,0,1,0,0,0,0,0
3012,v,0,0,1,0,0,0,0,0
3031,i am an attach point that will end the line on the border of the end shapes.,0,0,0,1,0,0,0,0
3032,"unline continuousattachpoint & co. you don t need to care about what the end shape is, as long as it is one of the basic shapes.",1,0,0,0,1,0,0,0
3049,v,0,0,1,0,0,0,0,0
3050,v rtview new.,0,0,1,0,0,0,0,0
3051,v add rtbox new width 10 height 20 element.,0,0,1,0,0,0,0,0
3059,a scale of elements is discretized into buckets where elements of each bucket is associated to an element.,0,0,0,0,0,0,1,0
3060,the buckets are formed by creating partitions uniformly.,0,0,0,0,0,0,1,0
3064,code,0,0,1,0,0,0,0,0
3065,b tab colors dictionary,0,0,1,0,0,0,0,0
3066,"tab rttabtable new input http bl^ocks.org mbostock raw 4063318 dji^csv asurl retrievecontents usingdelimiter ,.",0,0,1,0,0,0,0,0
3067,tab removefirstrow.,0,0,1,0,0,0,0,0
3068,dictionary dictionary new.,0,0,1,0,0,0,0,0
3070,value ar fifth asnumber ar second asnumber ar second asnumber.,0,0,1,0,0,0,0,0
3071,dictionary at ar first asdate put value .,0,0,1,0,0,0,0,0
3072,colors # # 165 0 38 # 215 48 38 # 244 109 67,0,0,1,0,0,0,0,0
3073,# 253 174 97 # 254 224 139 # 255 255 191 # 217 239 139,0,0,1,0,0,0,0,1
3074,# 166 217 106 # 102 189 99 # 26 152 80 # 0 104 55,0,0,1,0,0,0,0,0
3075,collect ar color r ar first g ar second b ar third range 255 .,0,0,1,0,0,0,0,1
3076,b rtcalendarbuilder new.,0,0,1,0,0,0,0,0
3077,b dateshape rectangle size 15 color color white bordercolor color lightgray.,0,0,1,0,0,0,0,0
3080,comp add rtlabel new text d d year height 20 .,0,0,1,0,0,0,0,1
3081,comp add rtbox new color color transparent .,0,0,1,0,0,0,0,1
3082,.,0,0,1,0,0,0,0,1
3084,b datelayout gapsize 0.,0,0,1,0,0,0,0,1
3085,b monthlayout month.,0,0,1,0,0,0,0,1
3086,b yearlayout horizontalline.,0,0,1,0,0,0,0,1
3087,b dateshape if d dictionary includeskey d color,0,0,1,0,0,0,0,1
3089,value dictionary at d 005.,0,0,1,0,0,0,0,1
3090,index value 11 01 1.,0,0,1,0,0,0,0,0
3091,index 1 iftrue index 1 .,0,0,1,0,0,0,0,1
3092,index 11 iftrue index 11 .,0,0,1,0,0,0,0,0
3093,colors at index.,0,0,1,0,0,0,0,1
3094,.,0,0,1,0,0,0,0,0
3096,b build.,0,0,1,0,0,0,0,0
3097,b view elements select e e model iskindof month pushfront.,0,0,1,0,0,0,0,0
3098,^ b view,0,0,1,0,0,0,0,1
3135,i represent a circle described by its center and a radius .,0,0,0,1,0,0,0,1
3137,instead i am using in some circle related gemetric computations.,0,0,0,0,0,0,1,0
3141,i am a class helper to do the layout in rtcirculartreemapbuilder,0,1,0,1,0,0,1,1
3147,check it out by executing,0,0,1,0,0,0,0,1
3148,colorpalette qualitative show,0,0,1,0,0,0,0,0
3158,a rtdecoratedtest is a test class for testing the behavior of rtdecorated,0,1,0,1,0,0,1,0
3162,i am a new class to combine attach points,0,0,0,1,0,0,1,0
3165,"i am a class to create editable label shapes, but do not forget that roassal is for visualizations not to build morphs",0,0,0,1,0,0,1,0
3168,a rtellipsetest is a test class for testing the behavior of rtellipse,0,0,0,1,0,0,1,0
3172,code,0,0,1,0,0,0,0,0
3173,gtexample,0,0,1,0,0,0,0,1
3174,b v,0,0,1,0,0,0,0,0
3175,b rtobjectbrowser new.,0,0,1,0,0,0,0,1
3176,v rtview new.,0,0,1,0,0,0,0,0
3177,v addelement rtbox element.,0,0,1,0,0,0,0,0
3178,b object v.,0,0,1,0,0,0,0,1
3179,^ b,0,0,1,0,0,0,0,0
3189,a roexplorabuildertest is xxxxxxxxx.,0,0,0,1,0,0,0,0
3195,this interaction adds a set of menu in the view to filter in and out some elements,0,0,0,0,0,0,1,0
3196,here is an example,0,0,1,0,0,0,0,1
3197,b,0,0,1,0,0,0,0,1
3200,b nodes collection withallsubclasses .,0,0,1,0,0,0,0,1
3203,b view @ rtfilterinview.,0,0,1,0,0,0,0,1
3204,b,0,0,1,0,0,0,0,1
3205,with edges,0,0,1,0,0,0,0,0
3207,b rtmondrian new.,0,0,1,0,0,0,0,0
3208,b shape box size #numberofmethods.,0,0,1,0,0,0,0,1
3209,b nodes collection withallsubclasses .,0,0,1,0,0,0,0,0
3210,b normalizer normalizecolor #numberofmethods.,0,0,1,0,0,0,0,1
3212,b layout tree.,0,0,1,0,0,0,0,1
3213,b view @ rtfilterinview.,0,0,1,0,0,0,0,0
3214,b,0,0,1,0,0,0,0,1
3215,example using the spawn block,0,0,1,0,0,0,0,0
3216,b,0,0,1,0,0,0,0,1
3217,b rtmondrian new.,0,0,1,0,0,0,0,0
3220,b layout grid.,0,0,1,0,0,0,0,1
3221,b normalizer normalizecolor #numberofmethods.,0,0,1,0,0,0,0,0
3222,filter rtfilterinview new.,0,0,1,0,0,0,0,1
3223,filter spawnblock el rtview new addall el copy yourself .,0,0,1,0,0,0,0,0
3224,b view @ filter.,0,0,1,0,0,0,0,1
3225,b,0,0,1,0,0,0,0,0
3257,a roforcebasedlayout is inspired from the code of d3.,0,0,0,1,0,0,0,0
3312,g view rtview new.,0,0,1,0,0,0,0,0
3313,ds rtdata new.,0,0,1,0,0,0,0,0
3314,ds dotshape color color blue trans.,0,0,1,0,0,0,0,0
3315,ds points rtshape withallsubclasses.,0,0,1,0,0,0,0,0
3316,ds y cls cls numberofmethods 50 .,0,0,1,0,0,0,0,0
3317,ds x cls cls numberoflinesofcode 150 .,0,0,1,0,0,0,0,0
3318,g add ds.,0,0,1,0,0,0,0,0
3319,rtgrapherselectrangeviewcontext ongrapher g callback elements g view attributeat #presentation selection elements .,0,0,1,0,0,0,0,0
3320,g,0,0,1,0,0,0,0,0
3333,it changes the cursor aspect,0,1,0,0,0,0,0,0
3334,"eg,",0,0,1,0,0,0,0,0
3335,b,0,0,1,0,0,0,0,0
3336,b rtumlclassbuilder new,0,0,1,0,0,0,0,0
3338,methodselector #selector,0,0,1,0,0,0,0,0
3339,methodsnames #rtmethods,0,0,1,0,0,0,0,0
3340,attributeselector #yourself.,0,0,1,0,0,0,0,0
3341,b attributeshape color color black.,0,0,1,0,0,0,0,0
3342,b methodshape color color black.,0,0,1,0,0,0,0,0
3343,b classnameshape color color black.,0,0,1,0,0,0,0,0
3344,b lineshape color color black.,0,0,1,0,0,0,0,0
3345,b boxshape bordercolor color black.,0,0,1,0,0,0,0,0
3346,b addobjects collection withallsubclasses .,0,0,1,0,0,0,0,0
3347,b layout tree.,0,0,1,0,0,0,0,0
3348,b build.,0,0,1,0,0,0,0,0
3349,b view elements @ rthighlightablewithcursor.,0,0,1,0,0,0,0,0
3350,^b view,0,0,1,0,0,0,0,0
3353,b interaction showedge,0,0,1,0,0,0,0,0
3354,connecttoall #subclasses.,0,0,1,0,0,0,0,0
3355,b interaction showlabel,0,0,1,0,0,0,0,0
3356,highlightobjects #subclasses.,0,0,1,0,0,0,0,0
3357,nodes b nodes collection withallsubclasses .,0,0,1,0,0,0,0,0
3358,nodes @ rthighlightablewithcursor.,0,0,1,0,0,0,0,0
3359,b edges movebehind connectfrom #superclass.,0,0,1,0,0,0,0,0
3360,b layout radial.,0,0,1,0,0,0,0,0
3361,b,0,0,1,0,0,0,0,0
3396,rtdata renders bars and dots in vertical way,0,0,0,0,0,0,1,0
3398,a rtlabeled adds a label above an element.,0,0,0,0,0,0,1,0
3399,the label may be particularized using #text in the default string representation is not sufficient.,0,0,0,0,0,1,1,0
3400,consider,0,0,0,0,0,0,1,0
3401,"eg,",0,0,1,0,0,0,0,0
3402,v rtview new.,0,0,1,0,0,0,0,0
3404,v add e.,0,0,1,0,0,0,0,0
3405,"e @ rtlabeled new text value my value is , value asstring .",0,0,1,0,0,1,0,0
3406,v,0,0,1,0,0,0,0,0
3408,canvas object,0,0,0,0,0,1,0,0
3409,color object,0,0,0,0,0,1,0,0
3410,highlightable object,0,0,0,0,0,1,0,0
3412,offsetonedge object,0,0,0,0,0,1,0,0
3414,text object,0,0,0,0,0,1,0,0
3415,canvas,0,0,0,0,0,1,0,0
3416,xxxxx,0,0,0,0,0,1,0,0
3418,xxxxx,0,0,0,0,0,1,0,0
3419,highlightable,0,0,0,0,0,1,0,0
3420,xxxxx,0,0,0,0,0,1,0,0
3422,xxxxx,0,0,0,0,0,1,0,0
3423,offsetonedge,0,0,0,0,0,1,0,0
3424,xxxxx,0,0,0,0,0,1,0,0
3425,position,0,0,0,0,0,1,0,0
3426,xxxxx,0,0,0,0,0,1,0,0
3427,text,0,0,0,0,0,1,0,0
3428,xxxxx,0,0,0,0,0,1,0,0
3452,rtlinedecorationexample new installtitle cool,0,0,1,0,0,0,0,0
3454,v b1 b2 edges,0,0,1,0,0,0,0,0
3455,b1 rtbox new,0,0,1,0,0,0,0,0
3456,size 100,0,0,1,0,0,0,0,0
3457,element,0,0,1,0,0,0,0,0
3458,translateto 0 @ 0,0,0,1,0,0,0,0,0
3460,b2 rtbox new,0,0,1,0,0,0,0,0
3461,size 100,0,0,1,0,0,0,0,0
3462,element,0,0,1,0,0,0,0,0
3463,translateto 400 @ 0,0,0,1,0,0,0,0,0
3464,@ rtdraggable.,0,0,1,0,0,0,0,0
3465,edges orderedcollection new.,0,0,1,0,0,0,0,0
3466,edges add rtarrowedline new head rtfilleddiamond ashead color color black width 2 attachpoint rtrectangleattachpoint new offset 15 edgefrom b1 to b2 .,0,0,1,0,0,0,0,0
3467,edges add rtdecoratedline new color color blue width 2 attachpoint rtrectangleattachpoint new offset 15 edgefrom b1 to b2 .,0,0,1,0,0,0,0,0
3468,edges add rtdecoratedline new filleddiamondhead color color green width 2 attachpoint rtrectangleattachpoint new offset 15 edgefrom b1 to b2 .,0,0,1,0,0,0,0,0
3469,edges add rtdecoratedline new filleddiamondhead emptycircletail color color red width 2 attachpoint rtrectangleattachpoint new offset 15 edgefrom b1 to b2 .,0,0,1,0,0,0,0,0
3470,v rtview new,0,0,1,0,0,0,0,0
3471,add b1,0,0,1,0,0,0,0,0
3473,addall edges.,0,0,1,0,0,0,0,0
3474,edges do each each update .,0,0,1,0,0,0,0,0
3475,v,0,0,1,0,0,0,0,0
3500,an interpolator a way to create lines in svg,0,0,0,0,0,0,1,0
3503,"for instance if in your visualization rtview, you have elements that have visualizalitations you can use it to explore it in a web browser",0,0,1,0,0,0,0,0
3504,rtlinkview works with rthtml5exporter and,1,1,0,0,0,0,0,0
3505,rtsvgexporter,1,1,0,0,0,0,0,0
3525,i am a basic class to have the platform popup instead of the roassal popup rtpopup,0,0,0,1,0,0,0,0
3527,a roabstractpopuptest is xxxxxxxxx.,0,0,0,1,0,1,0,0
3530,view object,0,0,0,0,0,1,0,0
3532,xxxxx,0,0,0,0,0,1,0,0
3533,view,0,0,0,0,0,1,0,0
3540,continuous attach point which presumes both shapes are not rotated rectangles,0,0,0,0,0,0,1,0
3541,v rtview new.,0,0,1,0,0,0,0,0
3542,e1 rtbox new size 50 elementon 1.,0,0,1,0,0,0,0,0
3543,e2 rtellipse new size 50 elementon 2.,0,0,1,0,0,0,0,0
3544,v add e1 add e2.,0,0,1,0,0,0,0,0
3546,e1 @ rtdraggable.,0,0,1,0,0,0,0,0
3547,e2 @ rtdraggable.,0,0,1,0,0,0,0,0
3548,s rtarrowedline new color color black.,0,0,1,0,0,0,0,0
3549,s attachpoint rtrectangleattachpoint new.,0,0,1,0,0,0,0,0
3550,l s edgefrom e1 to e2.,0,0,1,0,0,0,0,0
3552,v,0,0,1,0,0,0,0,0
3566,i am fired when resize operation is canceled globally for the whole view.,0,0,0,0,0,0,1,0
3567,collaborators,0,1,0,0,0,0,0,0
3568,dcrtresizable,0,1,0,0,0,0,0,0
3572,a rtrotatedlabel describes rotated labels.,0,0,0,0,0,0,1,0
3573,v shape es,0,0,1,0,0,0,0,0
3574,v rtview new.,0,0,1,0,0,0,0,0
3575,"shape rtrotatedlabel new text c class , c name angleindegree c c numberofmethods 360 .",0,0,1,0,0,0,0,0
3576,es shape elementson collection withallsubclasses.,0,0,1,0,0,0,0,0
3578,v addall es.,0,0,1,0,0,0,0,0
3579,v open,0,0,1,0,0,0,0,0
3588,a class to have nice scales checks subclasses,0,0,0,1,0,0,0,1
3590,a rtscrollbarbuilder is a scroll bar that you can add to navigate in your view.,0,0,0,1,0,0,0,0
3591,"more than a draggable view, it allows to keep a mark about your position in the view and it scale for large views.",0,0,0,0,0,0,1,0
3592,"it can be static, movable, using #isstatic or #ismovable",0,0,0,0,0,1,0,0
3593,aving an orientation #vertical or #horizontal.,0,0,0,0,0,1,0,0
3594,"the default configuration is #isbasic and #isstatic,",0,0,0,0,0,1,0,0
3595,the bar shape is defined by #barshape #abox or default value #anellipse,0,0,0,0,0,1,0,0
3596,"the bar can have a specificity like #scalable, so it give an idea of the size of the view.",0,0,0,0,0,1,0,0
3597,size or fixedposition can be defined as blocks.,0,0,0,0,0,1,0,0
3598,width to set a static size of width.,0,0,0,0,0,1,0,0
3608,a rosmoothlayouttranslator is xxxxxxxxx.,0,0,0,1,0,1,0,1
3610,move object,0,0,0,0,0,1,0,0
3611,nbcycles object,0,0,0,0,0,1,0,1
3612,move,0,0,0,0,0,1,0,0
3613,xxxxx,0,0,0,0,0,1,0,1
3614,nbcycles,0,0,0,0,0,1,0,0
3615,xxxxx,0,0,0,0,0,1,0,1
3621,"i am a class to create visualizations about rings, center is the root of the tree and arcs are the sub trees.",0,0,0,1,0,0,1,0
3622,"you can customize the angle of the arc, and play with the with radius and width of each arc.",0,0,0,0,0,0,1,1
3626,rtsunburstbuilderexamples new installtitle basic15,0,0,1,0,0,0,0,0
3627,code,0,0,1,0,0,0,0,1
3628,b,0,0,1,0,0,0,0,0
3629,b rtsunburstbuilder new.,0,0,1,0,0,0,0,1
3630,b strategy rtsunburstextentstrategy new extent 800@800 .,0,0,1,0,0,0,0,0
3631,b shape colorelement el el model subclasses isempty iftrue color purple iffalse color lightgray .,0,0,1,0,0,0,0,1
3632,b explore morph using #subclasses.,0,0,1,0,0,0,0,0
3633,b view @ rtdraggableview.,0,0,1,0,0,0,0,1
3634,b build.,0,0,1,0,0,0,0,0
3635,^ b view,0,0,1,0,0,0,0,1
3646,a rtsvgabstractline refers to the common interface for both regular svg lines and bezier lines as paths .,0,0,0,1,0,0,0,0
3647,the decoration refers to the maker of the line.,0,0,0,1,0,0,0,0
3651,"a rtsvgboxedtextpopup is a text popup, contained in a square box.",0,0,0,1,0,0,0,1
3652,"this boxing, in svg, supports many features, not included in this class.",0,0,0,0,0,0,1,0
3655,a rtsvgpopup is any kind of popup born from a certain element.,0,0,0,1,0,0,0,0
3656,the click refers to the posibility of activating the popup only when the element is clicked.,0,0,0,0,0,0,1,0
3657,this is disabled by default.,0,0,0,0,0,0,1,1
3661,i am a simple test class for rtsvgvisitor2,1,0,0,1,0,0,0,0
3664,rttabtable is made to work with csv file contents.,0,0,0,0,0,0,1,0
3666,i am a simple class to generate text in roassal with athens cairo that uses the textpathcommand from roassal,0,1,0,1,0,0,1,1
3670,a rttextword represents one word of an original text.,0,0,0,1,0,1,0,0
3672,interval interval,0,0,0,0,0,1,0,1
3673,text string text,0,0,0,0,0,1,0,0
3674,interval,0,0,0,0,0,1,0,0
3675,interval of the word in the original text,0,0,0,0,0,1,0,0
3676,text,0,0,0,0,0,1,0,0
3683,a rttimelinesettest is a test class for testing the behavior of rttimelineset,1,1,0,1,0,0,1,0
3688,examples of rttreemap,1,0,0,1,0,0,0,0
3691,rtverticalmultipledata represents a group of data points that are vertically located.,0,1,0,1,0,0,0,0
3692,each group has the same x value.,0,0,0,0,1,0,0,1
3693,negative data are not allowed.,0,0,0,0,1,0,0,0
3694,here is an example,0,0,1,0,0,0,0,1
3695,b d,0,0,1,0,0,0,0,0
3696,b rtgrapher new.,0,0,1,0,0,0,0,1
3697,d rtverticalmultipledata new.,0,0,1,0,0,0,0,0
3698,d points # # hello 1 2 1 # world 2 4 2 # bonjour 3 5 4 # bonjour 3 5 4 # bonjour 3 5 4 .,0,0,1,0,0,0,0,1
3700,d addmetric #third.,0,0,1,0,0,0,0,1
3702,d barchartwithbartitle #first rotation 30.,0,0,1,0,0,0,0,0
3703,b add d.,0,0,1,0,0,0,0,1
3705,here another example,0,0,1,0,0,0,0,1
3707,classes collection withallsubclasses reversesortedas #numberofmethods first 10.,0,0,1,0,0,0,0,0
3709,d rtverticalmultipledata new.,0,0,1,0,0,0,0,0
3710,d points classes.,0,0,1,0,0,0,0,0
3711,d addmetric #numberoflinesofcode.,0,0,1,0,0,0,0,0
3713,d barchartwithbartitle #name rotation 30.,0,0,1,0,0,0,0,0
3715,b,0,0,1,0,0,0,0,0
3742,rtweightedcirclelayout is a circle layout that gives more space to big elements and fewer space to small elements.,0,0,0,1,0,0,1,0
3743,here is an example,0,0,1,0,0,0,0,1
3744,v rtview new.,0,0,1,0,0,0,0,0
3745,elements rtellipse new size 5 color color red size vv vv 4 elementson 1 to 15 .,0,0,1,0,0,0,0,1
3746,v addall elements.,0,0,1,0,0,0,0,0
3747,rtweightedcirclelayout on elements.,0,0,1,0,0,0,0,1
3748,v,0,0,1,0,0,0,0,0
3757,this shape represent an openstreetmap background object which tracks the camera zoom level and translation to build a view of the corresponding part of the openstreetmap.,0,0,0,1,0,1,1,0
3762,rectangle rectangle,0,0,0,0,0,1,0,0
3763,scale point,0,0,0,0,0,1,0,0
3764,tiles dictionary of point form,0,0,0,0,0,1,0,0
3765,zoom point,0,0,0,0,0,1,0,0
3768,position,0,0,0,0,0,1,0,0
3771,bounds of the shape,0,0,0,0,0,1,0,0
3772,scale,0,0,0,0,0,1,0,0
3774,tiles,0,0,0,0,0,1,0,0
3776,zoom,0,0,0,0,0,1,0,0
3778,principle,0,0,0,0,1,0,0,0
3779,10 in roassal space 1km in osm.,0,0,0,0,1,0,0,0
3780,r zoom to osm zoom level base is 1km pixel,0,0,0,0,1,1,0,0
3781,1000 rzoom 156543034 meters pixel 2 ^ zoomlevel,0,0,0,0,1,1,0,0
3783,remainderzoom 156543034 rzoom 2 ^ zoomlevel,0,0,0,0,1,1,0,0
3784,lon to roassal space l 40075016686 l 360,0,0,0,0,1,0,0,0
3785,lat to roassal space l float pi 4 l degreestoradians 2 tan ln 40075016686 20 float pi,0,0,0,0,1,0,0,0
3786,remember working limit for lat lon is 8505113,0,0,0,0,1,0,0,0
3787,goal,0,0,0,0,1,0,0,0
3789,algorithm,0,0,0,0,1,0,0,0
3791,compute the osm zoom level with the camera zoom value .,0,0,0,0,1,1,0,0
3793,"take corners of bounding box, get lat long, get tiles x and y based on previous zoom level.",0,0,0,0,1,1,0,0
3794,set clipping rectangle to trosmshape bounds.,0,0,0,0,1,1,0,0
3796,cache each tile.,0,0,0,0,1,0,0,0
3797,"when displaying, check if tile exists.",0,0,0,0,1,0,0,0
3798,remove tile if not used in display.,0,0,0,0,1,0,0,0
3834,load html from a remote file and inject it into the dom.,0,0,0,0,0,0,1,0
3836,i am a cache that reaps all elements at once instead of incrementally.,0,0,0,1,0,0,0,0
3837,i am intended to be used in gemstone s instead of wahashcache.,1,1,0,0,0,0,0,0
3838,a background process should send #reap to me.,0,1,0,0,0,0,0,0
3845,creates a cancel submit button.,0,0,0,0,0,0,1,0
3847,a common superclass for all widgets that want to use wahtmlcanvas as their renderer.,1,0,0,1,0,0,0,1
3850,wacomboresponse is a combination of a buffered and a streaming response.,0,0,0,1,0,0,0,0
3851,"by default, wacomboresponse will buffer the entire response to be sent at the end of the request processing cycle.",0,0,0,0,0,0,1,0
3852,"if streaming is desired, the response can be flushed by sending it the #flush message.",0,0,0,0,0,0,1,0
3853,flushing a response will sent all previously buffered data using chunked transfer encoding which preserves persistent connections .,0,1,0,0,0,0,0,1
3855,"for example, a search results page might use something like",0,0,1,0,0,0,0,1
3856,rendercontenton acanvas,0,0,1,0,0,0,0,0
3857,render the search page,0,0,1,0,0,0,0,1
3858,self rendersearchlabelon acanvas.,0,0,1,0,0,0,0,0
3859,acanvas flush.,0,0,1,0,0,0,0,1
3860,flush before starting search to give immediate feedback,0,0,1,0,0,0,0,0
3862,self rendersearchresulton acanvas.,0,0,1,0,0,0,0,0
3864,flush after each search result,0,0,1,0,0,0,0,0
3865,"after a response has been flushed once, header modifications are no longer possible and will raise a waillegalstateexception.",0,1,0,0,0,0,0,0
3866,"server adaptors need to be aware that a committed response must be closed, when complete.",0,1,0,0,0,0,0,0
3867,an uncommitted response should be handled as usual by the server adapter.,0,1,0,0,0,0,0,0
3886,"i represent a cookie, a piece of information that is stored on the client and read and writable by the server.",0,0,0,1,0,0,0,0
3887,i am basically a key value pair of strings.,0,0,0,1,0,0,0,0
3889,i model only a part of the full cookie specification.,0,0,0,0,1,0,1,1
3890,browser support,0,0,0,0,1,0,0,0
3891,http www^mnot.net blog 2006 10 27 cookie fun,0,0,0,0,1,0,0,0
3892,netscape spec,0,0,0,0,1,0,0,0
3893,http cgi^netscape.com newsref std cookie spec^html,0,0,0,0,1,0,0,0
3895,http tools^ietf.org html rfc2109,0,0,0,0,1,0,0,0
3897,https tools^ietf.org html rfc6265,0,0,0,0,1,0,0,0
3898,httponly,0,0,0,0,1,0,0,0
3899,http msdn2^microsoft.com en us library ms533046^aspx,0,0,0,0,1,0,0,0
3900,https bugzilla^mozilla.org show bug^cgi?id 178993,0,0,0,0,1,0,0,0
3901,compared to warequestcookie i represent the information that is sent to the user agent.,0,1,0,1,0,0,0,0
3921,input list browsers,0,0,1,0,0,0,0,0
3922,datalist id browsers,0,0,1,0,0,0,0,0
3923,option value safari,0,0,1,0,0,0,0,0
3924,option value internet explorer,0,0,1,0,0,0,0,0
3925,option value opera,0,0,1,0,0,0,0,1
3926,option value firefox,0,0,1,0,0,0,0,0
3927,datalist,0,0,1,0,0,0,0,1
3936,wadelayedanswerdecoration adds a delay in displaying a component.,0,0,0,0,0,0,1,1
3946,i exist for legacy purposes.,0,0,0,0,0,0,1,0
3953,handleerror,1,0,0,0,0,1,0,0
3954,handlewarning,1,0,0,0,0,1,0,0
3963,i am the abstract base class for caches that remove entries.,0,0,0,1,0,0,0,0
3967,maximumrelativeage integer,0,0,0,0,0,1,0,0
3968,maximumabsoluteage integer,0,0,0,0,0,1,0,0
3969,overflowaction symbol,0,0,0,0,0,1,0,0
3970,maximumsize,0,0,0,0,0,1,0,0
3971,number of sessions supported.,0,0,0,0,0,1,0,0
3972,when this limit is reached the overflow action is run.,0,0,0,0,0,1,0,0
3973,0 for no maximum size.,0,0,0,0,0,1,0,0
3974,has to be positive.,0,0,0,0,0,1,0,0
3975,maximumrelativeage,0,0,0,0,0,1,0,0
3976,after so many seconds of inactivity a session is considered expired.,0,0,0,0,0,1,0,0
3977,0 for no limit.,0,0,0,0,0,1,0,0
3978,has to be positive.,0,0,0,0,0,1,0,0
3979,maximumabsoluteage,0,0,0,0,0,1,0,0
3980,after so many seconds after its creation a session is considered expired no matter when it was last accessed.,0,0,0,0,0,1,0,0
3981,0 for no limit.,0,0,0,0,0,1,0,0
3984,what to do when the maximum number of sessions is reached.,0,0,0,0,0,1,0,0
3985,only matters when the maximum size is bigger than 0.,0,0,0,0,0,1,0,0
3986,possible values,0,0,0,0,0,1,0,0
3987,#removerelativeoldest remove the entry that hasn t been accessed for the longest time,0,0,0,0,0,1,0,0
3988,#removeabsoluteoldest remove the entry that has been created the longest time ago,0,0,0,0,0,1,0,0
3989,#signalerror signal wamaximumnumberofsessionsexceedederror,0,0,0,0,0,1,0,0
4011,i test that the encoding from the handler is taken if a handler is present but a codec is missing.,0,0,0,0,0,0,1,0
4013,a waformdecoration places its component inside an html form tag.,0,1,0,0,0,0,1,0
4014,the buttons inst var must be set.,0,0,0,0,0,1,0,0
4017,"for each string symbol in the buttons inst var the decorated component must implement a method of the same name, which is called when the button is selected.",0,0,0,0,0,1,0,0
4019,buttons collection of strings or symbols,0,0,0,0,0,1,0,0
4020,buttons,0,0,0,0,0,1,0,0
4021,"list of strings or symbols, each string symbol is the label first letter capitalized for a button and the name of the callback method on component when button is pressed,",0,0,0,0,0,1,0,0
4026,the form element acts as a container for input elements and buttons.,0,1,0,0,0,0,1,0
4028,the input fields callbacks will be evaluated in the order they,0,0,0,0,1,0,0,0
4029,appear in the xhtml.,0,0,0,0,1,0,0,0
4030,"buttons will always be evaluated last, no matter",0,0,0,0,1,0,0,0
4031,where they are positioned.,0,0,0,0,1,0,0,0
4039,"this exception handler also catches halts, in order to prevent debugger windows from popping up and blocking server processes in deployed images.",0,1,0,0,0,0,1,0
4043,the iframe element allows authors to insert a frame within a block of text.,0,0,0,0,0,0,1,0
4046,"the contents of the iframe element, on the other hand, should only be displayed by user agents that do not support frames or are configured not to display frames.",0,0,0,0,1,0,0,0
4052,creates a graphical submit button.,0,0,0,0,0,0,1,0
4053,the value of the src attribute specifies the uri of the image that will decorate the button.,0,0,0,0,0,0,1,0
4054,"for accessibility reasons, authors should provide alternate text for the image via the alt attribute.",0,0,0,0,1,0,0,0
4055,"when a pointing device is used to click on the image, the form is submitted and the click coordinates passed to the server.",0,0,0,0,1,0,0,0
4056,"the x value is measured in pixels from the left of the image, and the y value in pixels from the top of the image.",0,0,0,0,1,0,0,0
4064,a waimagestatus displays information about the current smalltalk image.,0,0,0,0,0,0,1,0
4066,this is an abstract implementation of a web based object inspector.,0,0,0,1,0,0,0,0
4067,"platforms should implement their own subclasses, specifying behaviour for all unimplemented methods.",0,0,0,0,0,0,1,0
4073,i am the abstract base class for classes that that use some request attribute that is present on every request for tracking sessions.,0,0,0,1,0,0,1,0
4074,for document handlers query fields are used.,0,1,0,0,0,0,0,0
4078,walabelledformdialog is an abstract class for generating html forms.,0,0,0,1,0,0,0,0
4079,given a data model walabelledformdialog displays a label and input field for each instance variable of interest.,0,0,1,0,0,1,1,0
4080,user supplied data is placed in the data model.,0,0,1,0,0,1,1,0
4082,the model method just returns the object whose fields we wish to populate with date.,0,0,1,0,0,1,0,0
4083,the rows method returns a collections of symbols.,0,0,1,0,0,1,0,0
4085,the symbol is used generate the accessor methods for the data in the model.,0,0,1,0,0,1,0,0
4087,a standard text input field is used for each row of data.,0,0,0,0,0,0,1,0
4088,to use other html widgets for input for a datum implement the method renderxxxon where xxx is the symbol for the row.,0,0,0,0,0,0,1,0
4089,see rendernameon in example below.,0,0,0,0,0,0,1,0
4090,the default form has one button ok .,0,0,1,0,1,1,0,0
4091,override the buttons method to change the text or number of submit buttons on the form.,0,0,1,0,1,1,0,0
4092,override the defaultbutton method to indicate which button is the default.,0,0,0,0,1,0,0,0
4093,"for each button in the form the subclass needs a method with the same name as the button, which is called when the user clicks that button.",0,0,0,0,1,0,0,0
4094,see example below.,0,0,0,0,1,0,0,0
4095,labelledformdialogexample subclass of walabelledformdialog instance methods,0,0,1,0,0,0,0,0
4096,initialize,0,0,1,0,0,0,0,0
4098,contact contact new.,0,0,1,0,0,0,0,1
4100,self addmessage please enter the followning information .,0,0,1,0,0,0,0,1
4101,model,0,0,1,0,0,1,0,0
4103,ok,0,0,1,0,0,1,0,1
4104,self answer contact,0,0,1,0,0,1,0,1
4105,cancel,0,0,1,0,0,1,0,0
4106,self answer,0,0,1,0,0,1,0,1
4107,rows,0,0,1,0,0,1,0,1
4108,^ # name phonenumber,0,0,1,0,0,1,0,1
4109,buttons,0,0,1,0,0,1,0,1
4111,labelforselector asymbol,0,0,1,0,0,1,0,0
4113,asymbol #phonenumber iftrue ^ phone number .,0,0,1,0,0,1,0,0
4117,rendernameon html,0,0,1,0,0,0,0,1
4118,show how to specily special input instead of using simple text field.,0,0,1,0,0,0,0,1
4119,html select,0,0,1,0,0,0,0,1
4121,selected roger,0,0,1,0,0,0,0,1
4122,callback v contact name v,0,0,1,0,0,0,0,1
4123,"contact class used above has instance variables name, phonenumber with standard getter and setter methods",0,0,0,0,0,1,0,1
4180,walistattribute is an attribute that is restricted to a list of values.,0,0,0,1,0,0,0,1
4184,a wamemoryinput is a dialog that allows the user to enter an amount of memory.,0,0,0,1,0,0,1,0
4185,this is a seaside internal class.,0,0,0,1,0,0,0,1
4191,i display the memory usage tool.,0,0,0,0,0,0,1,0
4193,defines an embedded object.,0,0,0,1,0,0,0,0
4198,the optgroup element allows authors to group choices logically.,0,0,0,0,0,0,1,0
4199,this is particularly helpful when the user must choose from a long list of options groups of related choices are easier to grasp and remember than a single long list of options.,0,0,0,0,0,0,1,1
4201,see wainputtest #renderoptiongroupon for examples.,1,0,1,0,0,0,0,0
4206,an implementation of the visitor pattern for painter subclasses.,0,1,0,1,0,0,1,0
4210,wapath represents a path navigation breadcrumbs for a web page and displays standard breadcrumbs xxx yyy zzz .,0,0,0,1,0,0,1,0
4211,"wapath maintains a stack of associations, one for each location or page in the path.",0,1,0,0,0,0,1,0
4212,the association key is the text that is displayed in the breadcrimb.,0,1,0,0,0,0,0,0
4213,"the association value is an object of your choosing, which your code uses to restore that page .",0,1,0,0,0,0,0,0
4214,to add to the path use the method wapath pushsegment anobject name lulu .,0,0,0,0,0,1,0,0
4215,"the name arguement is the association key, the segment argument is the association value.",0,0,0,0,0,1,0,0
4216,the method wapath currentsegment returns object associated with the current page .,0,0,0,0,0,1,0,0
4217,your code is not notified when the user clicks on a link in the wapath object.,0,0,0,0,0,1,0,0
4218,"so when you render a page call wapath currentsegment to get the current object, and generate the page accordingly.",0,0,0,0,0,1,0,0
4219,see wainspector for example use.,1,0,0,0,0,0,0,0
4220,use watrail to handle breadcrumbs for sequences of call and answers .,1,0,0,0,0,0,0,0
4237,i am the common superclass for pharo encoders.,0,0,0,1,0,0,1,0
4242,i am a pharo specific xml encoder.,0,0,0,1,0,0,0,0
4244,i am an abstract root class for all plugins.,0,0,0,1,0,0,0,0
4245,plugins are an easy way to add or remove additional tools without changing the codebase.,0,0,0,0,0,0,1,0
4246,to add a new plugin make sure you choose the right superclass so that the tool can detect your code.,0,0,0,0,0,0,1,0
4252,the protection filter ensures that the wrapped request handler only accepts requests from the same ip.,0,0,0,0,0,0,1,0
4253,"do add this filter to a wasession for example to avoid session hijacking, do not add it to static request handlers such as waapplication or wadispatcher as this might restrict access to the handler if your ip changes.",0,0,0,0,0,0,1,0
4257,i revert to the old 33.0 behavior which is easier for tests.,0,0,0,0,0,0,1,0
4259,warequestcontext encapsulates all the knowledge that should be available while processing a single request.,0,0,0,0,0,0,1,0
4260,"it does not matter if this is a request to a static file, an ajax request, a long comet request or a normal seaside requestion.",0,0,0,0,0,0,1,0
4271,waselection creates a selectable list.,0,0,1,0,0,0,1,0
4272,items can be any object.,0,0,0,0,1,0,0,0
4273,"if optional labelblock is not given the string versions of the items are displayed to user, otherwise labelblock is used to generate the text to display for each item.",0,0,0,0,1,0,0,0
4274,"returns the item selected by user, not the index nor the text shown the user .",0,0,0,0,1,0,0,0
4275,selection,0,0,1,0,0,0,0,0
4278,selection,0,0,1,0,0,0,0,0
4296,a waserver is the abstract base class for all servers.,0,0,0,1,0,0,0,0
4299,#usessmalltalkencoding,0,0,0,0,0,1,0,0
4302,codec,0,0,0,0,0,1,0,0
4309,this is the superclass for all xml element classes.,0,0,0,1,0,0,0,0
4312,attributes instance of wahtmlattributes,0,0,0,0,1,0,0,0
4313,"common events onxxx , this is a hack and would better be solved with traits",0,0,0,0,1,0,0,0
4319,wauptimetracker is used to track the timestamp when the image last booted.,0,0,0,0,0,0,1,0
4320,access the timestamp when the image booted as follows,0,1,0,0,0,1,1,0
4321,wauptimetracker imageboottime.,0,1,0,0,0,1,1,0
4342,waurlattribute represents a url attribute.,0,0,0,1,0,0,0,0
4343,it converts between text entered on the configuration page and waurl instances.,0,0,0,0,0,0,1,0
