comment_sentence_id,class,comment_sentence,Expand,Ownership,Pointer,deprecation,rational,summary,usage,label_count,partition_official
1,Abfss.java,azure blob file system implementation of abstractfilesystem.,0,0,0,0,0,1,0,1,0
2,Abfss.java,this impl delegates to the old filesystem,1,0,0,0,0,0,0,1,1
5,AbstractContractGetFileStatusTest.java,test getfilestatus and related listing operations.,0,0,0,0,0,1,0,1,1
6,AbstractContractGetFileStatusTest.java,the tree parameters.,1,0,0,0,0,0,0,1,0
7,AbstractContractGetFileStatusTest.java,kept small to avoid killing object store test runs too much.,1,0,0,0,0,0,0,1,1
8,AbstractContractGetFileStatusTest.java,accept everything.,1,0,0,0,0,0,0,1,0
9,AbstractContractGetFileStatusTest.java,the tree parameters.,1,0,0,0,0,0,0,1,0
10,AbstractContractGetFileStatusTest.java,kept small to avoid killing object store test runs too much.,1,0,0,0,0,0,0,1,1
11,AbstractContractGetFileStatusTest.java,accept nothing.,1,0,0,0,0,0,0,1,0
12,AbstractContractGetFileStatusTest.java,the tree parameters.,1,0,0,0,0,0,0,1,0
13,AbstractContractGetFileStatusTest.java,kept small to avoid killing object store test runs too much.,1,0,0,0,0,0,0,1,0
14,AbstractContractGetFileStatusTest.java,path filter which only expects paths whose final name element,1,0,0,0,0,0,0,1,1
15,AbstractContractGetFileStatusTest.java,equals the @code match field.,1,0,0,0,0,0,0,1,0
16,AbstractContractGetFileStatusTest.java,the tree parameters.,1,0,0,0,0,0,0,1,1
17,AbstractContractGetFileStatusTest.java,kept small to avoid killing object store test runs too much.,1,0,0,0,0,0,0,1,0
18,AbstractContractGetFileStatusTest.java,a filesystem filter which exposes the protected method,1,0,0,0,0,0,0,1,1
19,AbstractContractGetFileStatusTest.java,"@link #listlocatedstatus path, pathfilter .",1,0,0,0,0,0,0,1,1
44,AbstractS3ACommitterFactory.java,dynamically create the output committer based on subclass type and settings.,1,0,0,0,0,0,0,1,0
53,ApplicationConstants.java,the type of launch for the container.,1,0,0,0,0,0,0,1,1
54,ApplicationConstants.java,environment for applications.,1,0,0,0,0,0,0,1,1
61,ApplicationStateData.java,contains all the state data that needs to be stored persistently for an application,0,0,0,0,1,1,0,2,0
66,AutoInputFormat.java,it can currently handle text and sequence files.,1,0,0,0,0,0,0,1,0
70,BalancingPolicy.java,balancing policy.,0,0,0,0,0,1,0,1,1
74,BalancingPolicy.java,cluster is balanced if each node is balanced.,0,0,0,0,1,0,0,1,0
75,BalancingPolicy.java,cluster is balanced if each pool in each node is balanced.,0,0,0,0,1,0,0,1,1
81,BaseRouterWebServicesTest.java,base class for all the routerrmadminservice test cases.,0,0,0,0,0,1,0,1,1
86,BatchedRequests.java,a grouping of scheduling requests which are sent to the placementalgorithm,0,0,0,0,0,1,0,1,1
87,BatchedRequests.java,to place as a batch.,0,0,0,0,0,1,0,1,1
88,BatchedRequests.java,the placement algorithm tends to give more optimal,1,0,0,0,0,0,0,1,1
89,BatchedRequests.java,placements if more requests are batched together.,1,0,0,0,0,0,0,1,1
90,BatchedRequests.java,placementalgorithmoutput attempt the number of times the requests in this,0,0,0,0,0,0,1,1,0
91,BatchedRequests.java,iterator type.,0,0,0,0,0,1,0,1,0
98,BlockPlacementStatusWithNodeGroup.java,an implementation of @see blockplacementstatus for,0,0,0,0,0,1,0,1,0
103,BlocksMap.java,this class maintains the map from a block to its metadata.,0,0,0,0,0,1,0,1,0
104,BlocksMap.java,block s metadata currently includes blockcollection it belongs to and,1,0,0,0,0,0,0,1,1
105,BlocksMap.java,the datanodes that store the block.,1,0,0,0,0,0,0,1,0
109,BlockUtils.java,utils functions to help block functions.,0,0,0,0,1,1,0,2,0
116,CapacitySchedulerPlanFollower.java,this class implements a @link planfollower .,0,0,0,0,0,1,0,1,0
117,CapacitySchedulerPlanFollower.java,"this is invoked on a timer, and",0,0,0,0,0,1,0,1,0
118,CapacitySchedulerPlanFollower.java,it is in charge to publish the state of the @link plan s to the underlying,0,0,0,0,0,1,0,1,0
119,CapacitySchedulerPlanFollower.java,@link capacityscheduler .,0,0,0,0,0,1,0,1,1
120,CapacitySchedulerPlanFollower.java,"this implementation does so, by",1,0,0,0,0,0,0,1,0
121,CapacitySchedulerPlanFollower.java,"adding removing resizing leaf queues in the scheduler, thus affecting the",1,0,0,0,0,0,0,1,0
122,CapacitySchedulerPlanFollower.java,dynamic behavior of the scheduler in a way that is consistent with the,1,0,0,0,0,0,0,1,1
123,CapacitySchedulerPlanFollower.java,content of the plan.,1,0,0,0,0,0,0,1,1
124,CapacitySchedulerPlanFollower.java,it also updates the plan s view on how much resources,1,0,0,0,0,0,0,1,0
125,CapacitySchedulerPlanFollower.java,are available in the cluster.,1,0,0,0,0,0,0,1,0
126,CapacitySchedulerPlanFollower.java,"this implementation of planfollower is relatively stateless, and it can",0,0,0,0,1,0,0,1,0
127,CapacitySchedulerPlanFollower.java,synchronize schedulers and plans that have arbitrary changes performing set,0,0,0,0,1,0,0,1,1
128,CapacitySchedulerPlanFollower.java,differences among existing queues .,0,0,0,0,1,0,0,1,0
129,CapacitySchedulerPlanFollower.java,this makes it resilient to frequency of,0,0,0,0,1,0,0,1,1
130,CapacitySchedulerPlanFollower.java,"synchronization, and rm restart issues no catch up is necessary .",0,0,0,0,1,0,0,1,0
151,Classpath.java,the output likely will include wildcards in the classpath.,1,0,0,0,0,0,0,1,0
156,Classpath.java,this is useful in situations where wildcard syntax isn t usable.,1,0,0,0,0,0,0,1,1
157,Classpath.java,"with the jar argument, it writes the classpath as a manifest in a jar file.",1,0,0,0,0,0,0,1,0
172,ComparableVersion.java,code source of this file http grepcode^com file repo1^maven.org maven2 org^apache.maven maven artifact 31.1 org apache maven artifact versioning comparableversion^java modifications made on top of the source 1.,0,0,1,0,0,0,0,1,1
173,ComparableVersion.java,changed package org^apache.maven^artifact.versioning to package org^apache.hadoop^util 2.,0,0,1,0,0,0,0,1,1
175,ComparableVersion.java,generic implementation of version comparison.,0,0,0,0,0,1,1,2,0
176,ComparableVersion.java,p features,0,0,0,0,0,0,1,1,0
177,ComparableVersion.java,ul,0,0,0,0,0,0,1,1,0
188,ComparableVersion.java,li code milestone code or code m code li,0,0,0,0,0,0,1,1,1
189,ComparableVersion.java,li code rc code or code cr code li,0,0,0,0,0,0,1,1,0
190,ComparableVersion.java,li code snapshot code li,0,0,0,0,0,0,1,1,0
191,ComparableVersion.java,li code the empty string code or code ga code or code final code li,0,0,0,0,0,0,1,1,1
192,ComparableVersion.java,li code sp code li,0,0,0,0,0,0,1,1,0
193,ComparableVersion.java,ul,0,0,0,0,0,0,1,1,0
194,ComparableVersion.java,"unknown qualifiers are considered after known qualifiers, with lexical order always case insensitive ,",0,0,0,0,0,0,1,1,0
195,ComparableVersion.java,li,0,0,0,0,0,0,1,1,0
197,ComparableVersion.java,li,0,0,0,0,0,0,1,1,1
199,ComparableVersion.java,@see a href https cwiki^apache.org confluence display mavenold versioning versioning on maven wiki a,0,0,1,0,0,0,0,1,1
200,ComparableVersion.java,represents a numeric item in the version item list.,0,0,0,0,0,1,1,2,0
201,ComparableVersion.java,"represents a string in the version item list, usually a qualifier.",0,0,0,0,0,1,1,2,0
202,ComparableVersion.java,represents a version list item.,0,0,0,0,0,1,1,2,0
203,ComparableVersion.java,this class is used both for the global item list and for sub lists which start,0,0,0,0,0,1,1,2,0
204,ComparableVersion.java,with number in the version specification .,0,0,0,0,0,1,0,1,0
239,ConfigurationException.java,exception to throw in case of a configuration problem.,0,0,0,0,0,1,0,1,0
245,CpuTimeTracker.java,utility for sampling and computing cpu usage.,0,0,0,0,1,1,0,2,0
248,DBProfile.java,user visible configs based rocksdb tuning page.,0,0,0,0,0,1,0,1,0
249,DBProfile.java,documentation for options.,0,0,1,0,0,0,1,2,0
250,DBProfile.java,p,0,0,1,0,0,0,1,2,0
251,DBProfile.java,https github^com facebook rocksdb blob master include rocksdb options^h,0,0,1,0,0,0,1,2,0
252,DBProfile.java,p,0,0,1,0,0,0,1,2,0
253,DBProfile.java,most tuning parameters are based on this url.,0,0,1,0,0,0,1,2,0
254,DBProfile.java,p,0,0,1,0,0,0,1,2,0
255,DBProfile.java,https github^com facebook rocksdb wiki setup options and basic tuning,0,0,1,0,0,0,1,2,0
271,DefaultAnonymizingRumenSerializer.java,default rumen json serializer.,0,0,0,0,0,1,0,1,0
273,DelegatingSSLSocketFactory.java,a @link sslsocketfactory that can delegate to various ssl implementations.,0,0,1,0,0,1,1,3,0
274,DelegatingSSLSocketFactory.java,"specifically, either openssl or jsse can be used.",1,0,0,0,0,0,0,1,0
275,DelegatingSSLSocketFactory.java,openssl offers better,1,0,1,0,0,0,0,2,0
276,DelegatingSSLSocketFactory.java,performance than jsse and is made available via the,1,0,1,0,0,0,0,2,0
277,DelegatingSSLSocketFactory.java,a href https github^com wildfly wildfly openssl wildlfy openssl a,1,0,1,0,0,0,0,2,0
278,DelegatingSSLSocketFactory.java,library.,1,0,1,0,0,0,1,3,0
279,DelegatingSSLSocketFactory.java,p,0,0,0,0,1,0,1,2,0
280,DelegatingSSLSocketFactory.java,the factory has several different modes of operation,0,0,0,0,0,0,1,1,0
281,DelegatingSSLSocketFactory.java,ul,0,0,0,0,0,0,1,1,0
282,DelegatingSSLSocketFactory.java,li openssl uses the wildly openssl library to delegate to the,0,0,0,0,0,0,1,1,0
283,DelegatingSSLSocketFactory.java,system installed openssl.,0,0,0,0,0,0,1,1,0
284,DelegatingSSLSocketFactory.java,if the wildfly openssl integration is not,0,0,0,0,0,0,1,1,0
285,DelegatingSSLSocketFactory.java,"properly setup, an exception is thrown.",0,0,0,0,0,0,1,1,0
286,DelegatingSSLSocketFactory.java,li,0,0,0,0,0,0,1,1,0
289,DelegatingSSLSocketFactory.java,li,0,0,0,0,0,0,1,1,0
291,DelegatingSSLSocketFactory.java,it disables the gcm cipher when running on java 8.,0,0,0,0,0,0,1,1,0
292,DelegatingSSLSocketFactory.java,li,0,0,0,0,0,0,1,1,0
295,DelegatingSSLSocketFactory.java,li,0,0,0,0,0,0,1,1,0
296,DelegatingSSLSocketFactory.java,ul,0,0,0,0,0,0,1,1,0
297,DelegatingSSLSocketFactory.java,p,0,0,0,0,1,0,1,2,0
301,DelegatingSSLSocketFactory.java,p,0,0,0,0,1,0,1,2,0
302,DelegatingSSLSocketFactory.java,default jsse is not truly the the default jsse implementation because,0,0,0,0,1,0,1,2,0
303,DelegatingSSLSocketFactory.java,the gcm cipher is disabled when running on java 8.,0,0,0,0,1,0,0,1,0
304,DelegatingSSLSocketFactory.java,"however, the name",0,0,0,0,1,0,0,1,0
305,DelegatingSSLSocketFactory.java,was not changed in order to preserve backwards compatibility.,0,0,0,0,1,0,1,2,0
306,DelegatingSSLSocketFactory.java,"instead,",0,0,0,0,1,0,0,1,0
307,DelegatingSSLSocketFactory.java,a new mode called default jsse with gcm delegates to the default jsse,0,0,0,0,1,0,1,2,0
308,DelegatingSSLSocketFactory.java,implementation with no changes to the list of enabled ciphers.,0,0,0,0,1,0,1,2,0
309,DelegatingSSLSocketFactory.java,p,0,0,0,0,1,0,1,2,0
352,DelegationTokenIdentifier.java,a delegation token identifier that is specific to hdfs.,1,0,0,0,0,1,0,2,0
362,DfsServlet.java,a base class for the servlets in dfs.,0,0,0,0,0,1,0,1,0
364,DiskBalancerCluster.java,diskbalancercluster represents the nodes that we are working against.,0,0,0,0,0,1,0,1,0
365,DiskBalancerCluster.java,p,1,0,0,0,0,0,0,1,0
366,DiskBalancerCluster.java,please note,1,0,0,0,0,0,0,1,0
367,DiskBalancerCluster.java,semantics of inclusionlist and exclusionlists.,1,0,0,0,0,0,0,1,0
368,DiskBalancerCluster.java,p,1,0,0,0,0,0,0,1,0
369,DiskBalancerCluster.java,if a non empty inclusionlist is specified then the diskbalancer assumes that,1,0,0,0,0,0,0,1,0
370,DiskBalancerCluster.java,the user is only interested in processing that list of nodes.,1,0,0,0,0,0,0,1,0
371,DiskBalancerCluster.java,this node list,1,0,0,0,0,0,0,1,0
372,DiskBalancerCluster.java,is checked against the exclusionlist and only the nodes in inclusionlist but,1,0,0,0,0,0,0,1,0
373,DiskBalancerCluster.java,not in exclusionlist is processed.,1,0,0,0,0,0,0,1,0
374,DiskBalancerCluster.java,p,1,0,0,0,0,0,0,1,0
375,DiskBalancerCluster.java,"if inclusionlist is empty, then we assume that all live nodes in the nodes is",1,0,0,0,0,0,0,1,0
376,DiskBalancerCluster.java,to be processed by diskbalancer.,1,0,0,0,0,0,0,1,0
377,DiskBalancerCluster.java,in that case diskbalancer will avoid any,1,0,0,0,0,0,0,1,0
378,DiskBalancerCluster.java,nodes specified in the exclusionlist but will process all nodes in the,1,0,0,0,0,0,0,1,0
379,DiskBalancerCluster.java,cluster.,1,0,0,0,0,0,0,1,0
380,DiskBalancerCluster.java,p,1,0,0,0,0,0,0,1,0
381,DiskBalancerCluster.java,"in other words, an empty inclusionlist is means all the nodes otherwise",1,0,0,0,0,0,0,1,0
382,DiskBalancerCluster.java,only a given list is processed and exclusionlist is always honored.,1,0,0,0,0,0,0,1,0
401,DistributedSchedulingAllocateRequest.java,"object used by the application master when distributed scheduling is enabled,",0,0,0,0,0,1,0,1,0
408,DockerKillCommand.java,encapsulates the docker kill command and its command line arguments.,0,0,0,0,0,1,0,1,0
410,EditLogTailer.java,editlogtailer represents a thread which periodically reads from edits,0,0,0,0,0,1,0,1,0
411,EditLogTailer.java,journals and applies the transactions contained within to a given,0,0,0,0,0,1,0,1,0
412,EditLogTailer.java,fsnamesystem.,0,0,0,0,0,1,0,1,0
413,EditLogTailer.java,the thread which does the actual work of tailing edits journals and,1,0,0,0,0,0,0,1,0
414,EditLogTailer.java,applying the transactions to the fsns.,1,0,0,0,0,0,0,1,0
415,EditLogTailer.java,manage the active namenode proxy .,0,0,0,0,1,0,0,1,0
416,EditLogTailer.java,this cannot just be the a single proxy since we could,0,0,0,0,1,0,0,1,0
417,EditLogTailer.java,"failover across a number of namenodes, rather than just between an active and a standby.",0,0,0,0,1,0,0,1,0
418,EditLogTailer.java,p,0,0,0,0,1,0,0,1,0
419,EditLogTailer.java,we lazily get a proxy to one of the configured namenodes and attempt to make the request,0,0,0,0,1,0,0,1,0
420,EditLogTailer.java,against it.,0,0,0,0,1,0,0,1,0
421,EditLogTailer.java,"if it doesn t succeed, either because the proxy failed to be created or the request",0,0,0,0,1,0,0,1,0
422,EditLogTailer.java,"failed, we try the next nn in the list.",0,0,0,0,1,0,0,1,0
423,EditLogTailer.java,we try this up to the configuration maximum number of,0,0,0,0,1,0,0,1,0
424,EditLogTailer.java,retries before throwing up our hands.,0,0,0,0,1,0,0,1,0
425,EditLogTailer.java,a working proxy is retained across attempts since we,0,0,0,0,1,0,0,1,0
426,EditLogTailer.java,expect the active namenode to switch rarely.,0,0,0,0,1,0,0,1,0
427,EditLogTailer.java,p,0,0,0,0,1,0,0,1,0
428,EditLogTailer.java,this mechanism is b very bad b for cases where we care about being i fast i it just,0,0,0,0,1,0,0,1,0
429,EditLogTailer.java,blindly goes and tries namenodes.,0,0,0,0,1,0,0,1,0
450,ErasureCodingPolicyManager.java,this manages erasure coding policies predefined and activated in the system.,0,0,0,0,0,1,0,1,0
451,ErasureCodingPolicyManager.java,it loads customized policies and syncs with persisted ones in,1,0,0,0,0,0,0,1,0
452,ErasureCodingPolicyManager.java,namenode image.,1,0,0,0,0,0,0,1,0
453,ErasureCodingPolicyManager.java,this class is instantiated by the fsnamesystem.,0,0,1,0,0,0,1,2,0
459,EventWatcher.java,event watcher the re send a message after timeout.,0,0,0,0,0,1,0,1,0
461,EventWatcher.java,event watcher will send the tracked payload event after a timeout period,0,0,0,0,1,0,0,1,0
462,EventWatcher.java,unless a confirmation from the original event completion event is arrived.,0,0,0,0,1,0,0,1,0
463,EventWatcher.java,@param timeout payload the type of the events which are tracked.,0,0,1,0,0,0,0,1,0
464,EventWatcher.java,@param completion payload the type of event which could cancel the,0,0,1,0,0,0,0,1,0
465,EventWatcher.java,tracking.,0,0,1,0,0,0,0,1,0
477,FairOrderingPolicy.java,an orderingpolicy which orders schedulableentities for fairness see,0,0,1,0,0,1,0,2,0
478,FairOrderingPolicy.java,fairscheduler,0,0,1,0,0,1,0,2,0
479,FairOrderingPolicy.java,"fairsharepolicy , generally, processes with lesser usage are lesser.",0,0,1,0,0,1,0,2,0
480,FairOrderingPolicy.java,if,0,0,0,0,0,0,1,1,0
481,FairOrderingPolicy.java,sizedbasedweight is set to true then an application with high demand,0,0,0,0,0,0,1,1,0
482,FairOrderingPolicy.java,may be prioritized ahead of an application with less usage.,0,0,0,0,0,0,1,1,0
483,FairOrderingPolicy.java,this,0,0,0,0,0,0,1,1,0
484,FairOrderingPolicy.java,"is to offset the tendency to favor small apps, which could result in",0,0,0,0,0,0,1,1,0
486,FairOrderingPolicy.java,"continuously optional, default false",0,0,0,0,0,0,1,1,0
500,FederationPolicyException.java,generic policy exception.,0,0,0,0,0,1,0,1,0
506,FederationStateStoreInvalidInputException.java,"exception thrown by the @code federationmembershipstatestoreinputvalidator ,",0,0,0,0,0,1,0,1,0
511,FileSystemApplicationHistoryStore.java,file system implementation of @link applicationhistorystore .,0,0,1,0,0,1,0,2,0
516,FileSystemApplicationHistoryStore.java,@link #applicationstarted applicationstartdata is supposed to,1,0,1,0,0,0,0,2,0
517,FileSystemApplicationHistoryStore.java,be invoked first when writing any history data of one application and it will,1,0,1,0,0,0,0,2,0
518,FileSystemApplicationHistoryStore.java,"open a file, while @link #applicationfinished applicationfinishdata is",1,0,1,0,0,0,0,2,0
519,FileSystemApplicationHistoryStore.java,supposed to be last writing operation and will close the file.,1,0,1,0,0,0,0,2,0
531,FsConstants.java,filesystem related constants.,0,0,0,0,0,1,0,1,0
537,GetNamespaceInfoResponse.java,api response for listing hdfs namespaces present in the state store.,0,0,0,0,0,1,0,1,0
554,HadoopIllegalArgumentException.java,indicates that a method has been passed illegal or invalid argument.,0,0,0,0,0,1,0,1,0
560,HashResolver.java,order the destinations based on consistent hashing.,0,0,0,0,0,1,0,1,0
562,HttpHeaderConfigurations.java,responsible to keep all abfs http headers here.,1,0,0,0,0,0,0,1,0
564,IDataLoader.java,an idataloader loads data on demand,0,0,0,0,0,1,0,1,0
566,InconsistentS3ClientFactory.java,s3 client factory used for testing with eventual consistency fault injection.,0,0,0,0,0,1,0,1,0
567,InconsistentS3ClientFactory.java,this client is for testing i only i it is in the production,0,0,0,0,0,0,1,1,0
568,InconsistentS3ClientFactory.java,@code hadoop aws module to enable integration tests to use this,0,0,0,0,0,0,1,1,0
569,InconsistentS3ClientFactory.java,just by editing the hadoop configuration used to bring up the client.,0,0,0,0,0,0,1,1,0
574,InfoKeyHandler.java,executes info object.,0,0,0,0,0,1,0,1,0
579,ITestAbfsReadWriteAndSeek.java,"test read, write and seek.",0,0,0,0,0,1,0,1,0
584,ITestAzureNativeContractSeek.java,contract test.,0,0,0,0,0,1,0,1,0
588,ITestCommitOperations.java,this is done with an inconsistent client.,0,0,0,0,0,0,1,1,0
591,ITestListPerformance.java,test list performance.,0,0,0,0,0,1,0,1,0
593,ITestS3Select.java,test the s3 select feature with some basic sql commands.,0,0,0,0,0,1,0,1,0
594,ITestS3Select.java,executed if the destination store declares its support for the feature.,1,0,0,0,0,0,0,1,0
600,KerberosDelegationTokenAuthenticator.java,the code kerberosdelegationtokenauthenticator code provides support for,0,0,0,0,0,1,0,1,0
601,KerberosDelegationTokenAuthenticator.java,kerberos spnego authentication mechanism and support for hadoop delegation,0,0,0,0,0,1,0,1,0
602,KerberosDelegationTokenAuthenticator.java,token operations.,0,0,0,0,0,1,0,1,0
604,KerberosDelegationTokenAuthenticator.java,it falls back to the @link pseudodelegationtokenauthenticator if the http,1,0,1,0,0,0,0,2,0
605,KerberosDelegationTokenAuthenticator.java,endpoint does not trigger a spnego authentication,1,0,1,0,0,0,0,2,0
613,LocalizationStatusPBImpl.java,pb impl of @link localizationstatus .,0,0,1,0,0,1,0,2,0
616,LocatedFileStatus.java,this class defines a filestatus that includes a file s block locations.,0,0,0,0,0,1,0,1,0
618,LoggedTask.java,a @link loggedtask represents a hadoop task that is part of a hadoop job.,0,0,1,0,0,1,0,2,0
619,LoggedTask.java,"it knows about the pssibly empty sequence of attempts, its i o footprint,",1,0,0,0,0,0,0,1,0
620,LoggedTask.java,and its runtime.,1,0,0,0,0,0,0,1,0
621,LoggedTask.java,all of the public methods are simply accessors for the instance variables we,0,0,0,0,0,0,1,1,0
622,LoggedTask.java,want to write out in the json files.,0,0,0,0,0,0,1,1,0
629,LogParserUtil.java,common utility functions for @link logparser .,0,0,1,0,0,1,0,2,0
632,LogWebService.java,support only atsv2 client only.,0,0,0,1,0,0,0,1,0
634,LRUCacheHashMap.java,lru cache with a configurable maximum cache size and access order.,1,0,0,0,0,1,0,2,0
637,MapContext.java,the context that is given to the @link mapper .,0,0,1,0,0,1,0,2,0
638,MapContext.java,@param keyin the key input type to the mapper,0,0,0,0,0,0,1,1,0
639,MapContext.java,@param valuein the value input type to the mapper,0,0,0,0,0,0,1,1,0
640,MapContext.java,@param keyout the key output type from the mapper,0,0,0,0,0,0,1,1,0
641,MapContext.java,@param valueout the value output type from the mapper,0,0,0,0,0,0,1,1,0
649,MetaBlockAlreadyExists.java,exception meta block with the same name already exists.,0,0,0,0,0,1,0,1,0
651,MetricsCache.java,a metrics cache for sinks that don t support sparse updates.,0,0,0,0,0,1,0,1,0
652,MetricsCache.java,cached record,1,0,0,0,0,0,0,1,0
656,NativeBatchProcessor.java,"used to create channel, transfer data and command between java and native",0,0,0,0,1,0,0,1,0
658,NativeSingleLineParser.java,this sample parser will parse the sample log and extract the resource,0,0,0,0,0,1,0,1,0
659,NativeSingleLineParser.java,skyline.,0,0,0,0,0,1,0,1,0
660,NativeSingleLineParser.java,p the expected log format is normalizedjobname numinstances submittime,1,0,0,0,0,0,0,1,0
661,NativeSingleLineParser.java,starttime endtime jobinstancename memusage coreusage,1,0,0,0,0,0,0,1,0
669,Nfs3Status.java,success or error status is reported in nfs3 responses.,0,0,0,0,0,1,0,1,0
671,Node2ObjectsMap.java,this data structure maintains the list of containers that is on a datanode.,0,0,0,0,0,1,0,1,0
672,Node2ObjectsMap.java,this information is built from the dn container reports.,1,0,0,0,0,0,0,1,0
677,NodeUpdateType.java,p,1,0,0,0,0,1,0,2,0
682,NullOutputFormat.java,consume all outputs and put them in dev null.,1,0,0,0,0,1,0,2,0
685,OMNodeDetails.java,this class stores om node details.,0,0,0,0,0,1,0,1,0
686,OMNodeDetails.java,builder class for omnodedetails.,0,0,1,0,0,1,0,2,0
690,OpportunisticContainersStatusPBImpl.java,protocol buffer implementation of opportunisticcontainersstatus.,0,0,0,0,0,1,0,1,0
692,OzoneObj.java,class representing an unique ozone object.,0,0,0,0,0,1,0,1,0
693,OzoneObj.java,ozone objects supported for acl.,1,0,0,0,0,0,0,1,0
694,OzoneObj.java,ozone objects supported for acl.,1,0,0,0,0,0,0,1,0
697,Parser.java,a class for parsing outputs,0,0,0,0,0,1,0,1,0
699,PartialOutputCommitter.java,interface for an @link org^apache.hadoop^mapreduce.outputcommitter,0,0,1,0,0,0,0,1,0
703,PartitionResourcesInfo.java,this class represents queue user resource usage info for a given partition,0,0,0,0,1,1,0,2,0
709,ProcessIdFileReader.java,helper functionality to read the pid from a file.,0,0,0,0,0,1,0,1,0
711,QuasiMonteCarlo.java,a map reduce program that estimates the value of pi,0,0,0,0,0,1,0,1,0
712,QuasiMonteCarlo.java,using a quasi monte carlo qmc method.,1,0,0,0,0,0,0,1,0
713,QuasiMonteCarlo.java,arbitrary integrals can be approximated numerically by qmc methods.,1,0,0,0,0,0,0,1,0
714,QuasiMonteCarlo.java,"in this example,",0,0,1,0,0,0,1,2,0
715,QuasiMonteCarlo.java,"we use a qmc method to approximate the integral i int s f x dx ,",0,0,1,0,0,0,1,2,0
716,QuasiMonteCarlo.java,"where s 0,1 ^2 is a unit square,",0,0,0,0,0,0,1,1,0
717,QuasiMonteCarlo.java,"x x 1,x 2 is a 2 dimensional point,",0,0,0,0,0,0,1,1,0
718,QuasiMonteCarlo.java,"and f is a function describing the inscribed circle of the square s ,",0,0,0,0,0,0,1,1,0
719,QuasiMonteCarlo.java,"f x 1 if 2x 1 1 ^2 2x 2 1 ^2 &lt 1 and f x 0 , otherwise.",0,0,0,0,0,0,1,1,0
720,QuasiMonteCarlo.java,it is easy to see that pi is equal to 4i .,0,0,0,0,0,0,1,1,0
721,QuasiMonteCarlo.java,so an approximation of pi is obtained once i is evaluated numerically.,0,0,0,0,0,0,1,1,0
722,QuasiMonteCarlo.java,there are better methods for computing pi.,1,0,0,0,0,0,1,2,0
723,QuasiMonteCarlo.java,we emphasize numerical approximation of arbitrary integrals in this example.,1,0,0,0,0,0,1,2,0
724,QuasiMonteCarlo.java,"for computing many digits of pi, consider using bbp.",1,0,0,0,0,0,1,2,0
725,QuasiMonteCarlo.java,the implementation is discussed below.,1,0,0,0,0,0,0,1,0
726,QuasiMonteCarlo.java,mapper,1,0,0,0,0,0,0,1,0
727,QuasiMonteCarlo.java,generate points in a unit square,1,0,0,0,0,0,0,1,0
728,QuasiMonteCarlo.java,and then count points inside outside of the inscribed circle of the square.,1,0,0,0,0,0,0,1,0
729,QuasiMonteCarlo.java,reducer,1,0,0,0,0,0,0,1,0
741,QuasiMonteCarlo.java,generate points in a unit square,1,0,0,0,0,0,0,1,0
742,QuasiMonteCarlo.java,and then count points inside outside of the inscribed circle of the square.,1,0,0,0,0,0,0,1,0
775,Query.java,check if a record matches a query.,0,0,0,0,0,1,0,1,0
776,Query.java,the query is usually a partial record.,1,0,0,0,0,0,0,1,0
777,Query.java,@param t type of the record to query.,0,0,1,0,0,0,0,1,0
781,QueueName.java,represents a queue name.,0,0,0,0,0,1,0,1,0
783,RandomKeyGenerator.java,data generator tool to generate as much keys as possible.,0,0,0,0,0,1,0,1,0
784,RandomKeyGenerator.java,wrapper to hold ozone keyvalidate entry.,1,0,0,0,0,0,0,1,0
785,RandomKeyGenerator.java,validates the write done in ozone cluster.,1,0,0,0,0,0,0,1,0
789,ReencryptionUpdater.java,"class for finalizing re encrypt edek operations, by updating file xattrs with",0,0,0,0,1,1,0,2,0
791,ReencryptionUpdater.java,p,1,0,0,0,0,0,0,1,0
792,ReencryptionUpdater.java,the tasks are submitted by reencryptionhandler.,0,0,0,0,0,1,0,1,0
793,ReencryptionUpdater.java,p,1,0,0,0,0,0,0,1,0
794,ReencryptionUpdater.java,"it is assumed only 1 updater will be running, since updating file xattrs",1,0,0,0,0,1,0,2,0
795,ReencryptionUpdater.java,"requires namespace write lock, and performance gain from multi threading",1,0,0,0,0,1,0,2,0
796,ReencryptionUpdater.java,is limited.,1,0,0,0,0,1,0,2,0
797,ReencryptionUpdater.java,class to track re encryption submissions of a single zone.,1,0,0,0,0,0,0,1,0
798,ReencryptionUpdater.java,it contains,1,0,0,0,0,1,0,2,0
799,ReencryptionUpdater.java,"all the submitted futures, and statistics about how far the futures are",1,0,0,0,0,1,0,2,0
800,ReencryptionUpdater.java,processed.,1,0,0,0,0,0,0,1,0
801,ReencryptionUpdater.java,class representing the task for one batch of a re encryption command.,0,0,0,0,0,1,0,1,0
802,ReencryptionUpdater.java,it,0,0,0,0,0,1,0,1,0
803,ReencryptionUpdater.java,also contains statistics about how far this single batch has been executed.,0,0,0,0,0,1,0,1,0
804,ReencryptionUpdater.java,class that encapsulates re encryption details of a file.,0,0,0,0,0,1,0,1,0
830,RegistryInternalConstants.java,internal constants for the registry.,0,0,0,0,0,1,0,1,0
831,RegistryInternalConstants.java,these are the things which aren t visible to users.,0,0,0,0,1,0,0,1,0
834,RegistryOperations.java,registry operations,0,0,0,0,0,1,0,1,0
837,ResourceBlacklistRequest.java,@link resourceblacklistrequest encapsulates the list of resource names which should be added or removed from the em blacklist em of resources for the application.,0,0,1,0,0,1,0,2,0
838,ResourceBlacklistRequest.java,@see resourcerequest,0,0,1,0,0,0,0,1,0
839,ResourceBlacklistRequest.java,@see applicationmasterprotocol#allocate org^apache.hadoop^yarn.api^protocolrecords.allocaterequest,0,0,1,0,0,0,0,1,0
844,ResourceRequestsJsonVerifications.java,performs value verifications on,0,0,1,0,0,1,0,2,0
845,ResourceRequestsJsonVerifications.java,@link org^apache.hadoop^yarn.server^resourcemanager.webapp^dao.resourcerequestinfo,0,0,1,0,0,1,0,2,0
846,ResourceRequestsJsonVerifications.java,objects against the values of @link resourcerequest .,0,0,1,0,0,1,0,2,0
847,ResourceRequestsJsonVerifications.java,with the help of the,1,0,1,0,0,0,0,2,0
848,ResourceRequestsJsonVerifications.java,"@link builder , users can also make verifications of the custom resource",1,0,1,0,0,0,0,2,0
849,ResourceRequestsJsonVerifications.java,types and its values.,1,0,1,0,0,0,0,2,0
850,ResourceRequestsJsonVerifications.java,builder class for @link resourcerequestsjsonverifications .,0,0,1,0,0,1,0,2,0
868,RMAdminRequestInterceptor.java,"defines the contract to be implemented by the request intercepter classes,",0,0,0,0,0,1,0,1,0
873,RSLegacyRawErasureCoderFactory.java,a raw coder factory for the legacy raw reed solomon coder in java.,0,0,0,0,0,1,0,1,0
876,SafeModeException.java,client cannot modified namespace until the safe mode is off.,0,0,0,0,0,0,1,1,0
878,SchedulerQueueManager.java,context of the queues in scheduler.,0,0,0,0,0,1,0,1,0
880,SequenceFileRecordReader.java,an @link recordreader for @link sequencefile s.,0,0,1,0,0,1,0,2,0
883,ShellBasedUnixGroupsMapping.java,a simple shell based implementation of @link groupmappingserviceprovider that exec s the code groups code shell command to fetch the group,0,0,0,0,0,1,0,1,0
887,StandardSocketFactory.java,specialized socketfactory to create sockets with a socks proxy,0,0,0,0,0,1,0,1,0
889,StateStoreFileSystemImpl.java,@link statestoredriver implementation based on a filesystem.,0,0,1,0,0,1,0,2,0
898,StreamBaseRecordReader.java,shared functionality for hadoopstreaming formats.,0,0,0,0,0,1,0,1,0
899,StreamBaseRecordReader.java,a custom reader can be,0,0,0,0,0,0,1,1,0
900,StreamBaseRecordReader.java,defined to be a recordreader with the constructor below and is selected with,0,0,0,0,0,0,1,1,0
901,StreamBaseRecordReader.java,the option bin hadoopstreaming inputreader .,0,0,0,0,0,0,1,1,0
902,StreamBaseRecordReader.java,@see streamxmlrecordreader,0,0,1,0,0,0,0,1,0
909,StructureGenerator.java,this program generates a random namespace structure with the following,1,0,0,0,0,1,0,2,0
910,StructureGenerator.java,constraints,1,0,0,0,0,0,0,1,0
911,StructureGenerator.java,1,1,0,0,0,0,0,0,1,0
912,StructureGenerator.java,"the number of subdirectories is a random number in minwidth, maxwidth .",1,0,0,0,0,0,0,1,0
913,StructureGenerator.java,2,1,0,0,0,0,0,0,1,0
914,StructureGenerator.java,"the maximum depth of each subdirectory is a random number 2 maxdepth 3, maxdepth .",1,0,0,0,0,0,0,1,0
915,StructureGenerator.java,3,1,0,0,0,0,0,0,1,0
916,StructureGenerator.java,files are randomly placed in the empty directories.,1,0,0,0,0,0,0,1,0
917,StructureGenerator.java,the size of each,1,0,0,0,0,0,0,1,0
918,StructureGenerator.java,file follows gaussian distribution.,1,0,0,0,0,0,0,1,0
919,StructureGenerator.java,the generated namespace structure is described by two files in the output,1,0,0,0,0,0,0,1,0
920,StructureGenerator.java,directory.,1,0,0,0,0,0,0,1,0
922,StructureGenerator.java,each line of the second file contains,1,0,0,0,0,0,0,1,0
923,StructureGenerator.java,"the full name of a file and its size, separated by a blank.",1,0,0,0,0,0,0,1,0
924,StructureGenerator.java,the synopsis of the command is,0,0,0,0,0,0,1,1,0
925,StructureGenerator.java,java structuregenerator,0,0,0,0,0,0,1,1,0
926,StructureGenerator.java,maxdepth maxdepth maximum depth of the directory tree default is 5.,0,0,0,0,0,0,1,1,0
927,StructureGenerator.java,minwidth minwidth minimum number of subdirectories per directories default is 1,0,0,0,0,0,0,1,1,0
928,StructureGenerator.java,maxwidth maxwidth maximum number of subdirectories per directories default is 5,0,0,0,0,0,0,1,1,0
929,StructureGenerator.java,numoffiles #offiles the total number of files default is 10.,0,0,0,0,0,0,1,1,0
930,StructureGenerator.java,avgfilesize avgfilesizeinblocks average size of blocks default is 1.,1,0,0,0,0,0,1,2,0
931,StructureGenerator.java,outdir outdir output directory default is the current directory.,1,0,0,0,0,0,1,2,0
932,StructureGenerator.java,seed seed random number generator seed default is the current time.,0,0,0,0,0,0,1,1,0
933,StructureGenerator.java,in memory representation of a directory in memory representation of a file,0,0,0,0,0,0,1,1,0
960,SwiftBadRequestException.java,thrown to indicate that data locality can t be calculated or requested path is incorrect.,0,0,0,0,0,1,0,1,0
961,SwiftBadRequestException.java,data locality can t be calculated if openstack swift version is old.,0,0,0,1,0,0,0,1,0
964,SwiftRestClient.java,this implements the client side of the swift rest api.,0,0,0,0,0,1,0,1,0
971,SwiftRestClient.java,get the current operation statistics.,0,0,1,0,0,0,0,1,0
972,SwiftRestClient.java,@return a snapshot of the statistics,0,0,1,0,0,0,0,1,0
973,SwiftRestClient.java,base class for all swift rest operations.,0,0,1,0,0,0,0,1,0
974,SwiftRestClient.java,@param m request,0,0,1,0,0,0,0,1,0
975,SwiftRestClient.java,@param r result,0,0,1,0,0,0,0,1,0
976,SwiftRestClient.java,get the current operation statistics.,0,0,1,0,0,0,0,1,0
977,SwiftRestClient.java,@return a snapshot of the statistics,0,0,1,0,0,0,0,1,0
981,SwiftRestClient.java,get the current operation statistics.,0,0,1,0,0,0,0,1,0
982,SwiftRestClient.java,@return a snapshot of the statistics,0,0,1,0,0,0,0,1,0
983,SwiftRestClient.java,generate an auth message.,0,0,1,0,0,0,0,1,0
984,SwiftRestClient.java,@param r response,0,0,1,0,0,0,0,1,0
985,SwiftRestClient.java,get the current operation statistics.,0,0,1,0,0,0,0,1,0
986,SwiftRestClient.java,@return a snapshot of the statistics,0,0,1,0,0,0,0,1,0
987,SwiftRestClient.java,create operation.,0,0,1,0,0,0,0,1,0
989,SwiftRestClient.java,get the current operation statistics.,0,0,1,0,0,0,0,1,0
990,SwiftRestClient.java,@return a snapshot of the statistics,0,0,1,0,0,0,0,1,0
991,SwiftRestClient.java,delete operation.,0,0,1,0,0,0,0,1,0
992,SwiftRestClient.java,@param r,0,0,1,0,0,0,0,1,0
1015,TableConfig.java,class that maintains table configuration.,0,0,0,0,0,1,0,1,0
1017,TestAddBlock.java,test addblockop is written and read correctly,1,0,0,0,0,1,0,2,0
1020,TestAdlContractDeleteLive.java,test delete contract test.,0,0,0,0,0,1,0,1,0
1022,TestAdlContractSeekLive.java,test seek operation on adl file system.,0,0,0,0,0,1,0,1,0
1028,TestConnCache.java,this class tests the client connection caching in a single node,0,0,0,0,0,1,0,1,0
1032,TestCustomOauthTokenProvider.java,test custom oauth token providers.,0,0,0,0,0,1,0,1,1
1035,TestCustomOauthTokenProvider.java,instead this just checks that the creation works and that everything,1,0,0,0,0,0,0,1,1
1036,TestCustomOauthTokenProvider.java,is propagated.,1,0,0,0,0,0,0,1,1
1042,TestDataDrivenDBInputFormat.java,test aspects of datadrivendbinputformat,0,0,0,0,0,1,0,1,0
1047,TestEditLogFileOutputStream.java,test the editlogfileoutputstream,0,0,0,0,0,1,0,1,0
1049,TestFederationPolicyUtils.java,unit test for @link federationpolicyutils .,0,0,1,0,0,1,0,2,1
1052,TestFileSizeCountTask.java,unit test for file size count task.,0,0,0,0,0,1,0,1,0
1054,TestHandler.java,tests handler interface.,0,0,0,0,0,1,0,1,1
1056,TestHDFSServerPorts.java,this test checks correctness of port usage by hdfs components,0,0,0,0,0,1,0,1,0
1057,TestHDFSServerPorts.java,"namenode, datanode, secondarynamenode and backupnode.",0,0,0,0,0,1,0,1,1
1058,TestHDFSServerPorts.java,the correct behavior is br when a specific port is provided the server must either start on that port or fail by throwing @link java^net.bindexception .,1,0,0,0,0,0,0,1,0
1059,TestHDFSServerPorts.java,br,1,0,0,0,0,0,0,1,1
1060,TestHDFSServerPorts.java,if the port 0 ephemeral then the server should choose a free port and start on it.,1,0,0,0,0,0,0,1,0
1066,TestKeyInputStream.java,tests @link keyinputstream .,0,0,1,0,0,1,0,2,1
1069,TestMetricsVisitor.java,test the metric visitor interface,0,0,0,0,0,1,0,1,1
1071,TestNativeAzureFileSystemUploadLogic.java,"tests for the upload, buffering and flush logic in wasb.",0,0,0,0,0,1,0,1,0
1072,TestNativeAzureFileSystemUploadLogic.java,just an arbitrary number so that the values i write have a predictable,1,0,0,0,0,0,0,1,1
1073,TestNativeAzureFileSystemUploadLogic.java,various scenarios to test in how often we flush data while uploading.,0,0,0,0,1,0,0,1,0
1077,TestOmMultipartKeyInfoCodec.java,this class tests ommultipartkeyinfocodec.,0,0,0,0,0,1,0,1,0
1079,TestOMVolumeRequest.java,base test class for volume request.,0,0,0,0,1,1,0,2,0
1082,TestOzoneNativeAuthorizer.java,test class for @link ozonenativeauthorizer .,0,0,1,0,0,1,0,2,1
1085,TestProtoBufRpc.java,test for testing protocol buffer based rpc mechanism.,0,0,0,0,0,1,0,1,0
1086,TestProtoBufRpc.java,this test depends on test^proto definition of types in src test proto,1,0,0,0,0,0,0,1,0
1087,TestProtoBufRpc.java,and protobuf service definition from src test test rpc service^proto,1,0,0,0,0,0,0,1,1
1091,TestRDBStore.java,rdbstore tests.,0,0,0,0,0,1,0,1,1
1093,TestRegistrySecurityHelper.java,test for registry security operations,0,0,0,0,0,1,0,1,0
1099,TestRouterWebServiceUtil.java,test class to validate routerwebserviceutil methods.,0,0,0,0,0,1,0,1,0
1101,TestS3BucketManager.java,tests for s3 bucket manager.,0,0,1,0,0,1,0,2,1
1104,TestSaveNamespace.java,test various failure scenarios during savenamespace operation.,0,0,0,0,0,1,0,1,1
1105,TestSaveNamespace.java,cases covered,1,0,0,0,0,0,0,1,0
1106,TestSaveNamespace.java,ol,1,0,0,0,0,0,0,1,1
1107,TestSaveNamespace.java,li recover from failure while saving into the second storage directory li,1,0,0,0,0,0,0,1,0
1108,TestSaveNamespace.java,li recover from failure while moving current into lastcheckpoint^tmp li,1,0,0,0,0,0,0,1,1
1109,TestSaveNamespace.java,li recover from failure while moving lastcheckpoint^tmp into,1,0,0,0,0,0,0,1,0
1110,TestSaveNamespace.java,previous^checkpoint li,1,0,0,0,0,0,0,1,1
1111,TestSaveNamespace.java,li recover from failure while rolling edits file li,1,0,0,0,0,0,0,1,0
1112,TestSaveNamespace.java,ol,1,0,0,0,0,0,0,1,0
1122,TestSCMDatanodeHeartbeatDispatcher.java,this class tests the behavior of scmdatanodeheartbeatdispatcher.,0,0,0,0,0,1,0,1,0
1124,TestSequenceFile.java,support for flat files of binary key value pairs.,1,0,0,0,0,1,0,2,0
1127,TestSeveralNameNodes.java,test that we can start several and run with namenodes on the same minicluster,1,0,0,0,0,1,0,2,0
1130,TestSwiftFileSystemContract.java,this is the full filesystem contract test which requires the,0,0,0,0,0,1,0,1,0
1131,TestSwiftFileSystemContract.java,default config set up to point to a filesystem.,0,0,0,0,0,1,0,1,0
1132,TestSwiftFileSystemContract.java,some of the tests override the base class tests these,0,0,0,0,1,0,0,1,1
1133,TestSwiftFileSystemContract.java,"are where swiftfs does not implement those features, or",0,0,0,0,1,0,0,1,1
1134,TestSwiftFileSystemContract.java,when the behavior of swiftfs does not match the normal,0,0,0,0,1,0,0,1,0
1135,TestSwiftFileSystemContract.java,contract which normally means that directories and equal files,0,0,0,0,1,0,0,1,0
1136,TestSwiftFileSystemContract.java,are being treated as equal.,0,0,0,0,1,0,0,1,0
1144,TestTaskCommit.java,special committer that does not cleanup temporary files in,0,0,0,0,0,1,0,1,0
1145,TestTaskCommit.java,aborttask,0,0,0,0,0,1,0,1,0
1146,TestTaskCommit.java,the framework s fileoutputcommitter cleans up any temporary,0,0,0,0,1,0,0,1,0
1147,TestTaskCommit.java,files left behind in aborttask.,0,0,0,0,1,1,0,2,0
1148,TestTaskCommit.java,we want the test case to,0,0,0,0,1,0,0,1,1
1149,TestTaskCommit.java,find these files and hence short circuit aborttask.,0,0,0,0,1,1,0,2,0
1150,TestTaskCommit.java,special committer that always requires commit.,0,0,0,0,0,0,1,1,0
1158,TestTaskContext.java,tests context api and @link statusreporter#getprogress via @link taskattemptcontext#getprogress api .,0,0,1,0,0,1,0,2,1
1161,TestTopCLI.java,test class for topcli.,0,0,0,0,0,1,0,1,0
1163,TestUpgradeDomainBlockPlacementPolicy.java,end to end test case for upgrade domain,0,0,0,0,0,1,0,1,1
1164,TestUpgradeDomainBlockPlacementPolicy.java,the test configs upgrade domain for nodes via admin json,1,0,0,0,0,0,0,1,0
1165,TestUpgradeDomainBlockPlacementPolicy.java,config file and put some nodes to decommission state.,1,0,0,0,0,0,0,1,1
1166,TestUpgradeDomainBlockPlacementPolicy.java,the test then verifies replicas are placed on the nodes that,1,0,0,0,0,0,0,1,0
1167,TestUpgradeDomainBlockPlacementPolicy.java,satisfy the upgrade domain policy.,1,0,0,0,0,0,0,1,1
1173,TextInputFormat.java,an @link inputformat for plain text files.,0,0,1,0,0,1,0,2,0
1174,TextInputFormat.java,files are broken into lines.,0,0,1,0,0,1,0,2,1
1175,TextInputFormat.java,either linefeed or carriage return are used to signal end of line.,1,0,0,0,0,0,0,1,1
1178,TextInputFormat.java,.,1,0,0,0,0,0,0,1,0
1186,TimelineDataToRetrieve.java,encapsulates information regarding which data to retrieve for each entity,1,0,1,0,0,1,0,3,1
1187,TimelineDataToRetrieve.java,while querying.,0,0,0,0,0,1,0,1,0
1188,TimelineDataToRetrieve.java,br,0,0,0,0,0,1,0,1,1
1189,TimelineDataToRetrieve.java,data to retrieve contains the following br,1,0,1,0,0,1,0,3,0
1190,TimelineDataToRetrieve.java,ul,1,0,1,0,0,0,0,2,1
1191,TimelineDataToRetrieve.java,li b confstoretrieve b used for deciding which configs to return,0,0,1,0,0,0,0,1,0
1192,TimelineDataToRetrieve.java,in response.,1,0,1,0,0,0,0,2,1
1193,TimelineDataToRetrieve.java,this is represented as a @link timelinefilterlist object,0,0,1,0,0,0,0,1,0
1194,TimelineDataToRetrieve.java,containing @link timelineprefixfilter objects.,0,0,1,0,0,0,0,1,1
1195,TimelineDataToRetrieve.java,these can either be,1,0,1,0,0,0,0,2,0
1196,TimelineDataToRetrieve.java,exact config keys or prefixes which are then compared against config,1,0,1,0,0,0,0,2,0
1199,TimelineDataToRetrieve.java,"or empty, all configurations will be fetched if fieldstoretrieve",1,0,1,0,0,0,0,2,0
1200,TimelineDataToRetrieve.java,contains @link field#configs or @link field#all .,0,0,1,0,0,0,0,1,1
1202,TimelineDataToRetrieve.java,confused with configfilters which is used to decide which entities to,1,0,1,0,0,0,0,2,0
1203,TimelineDataToRetrieve.java,return instead.,1,0,1,0,0,0,0,2,0
1204,TimelineDataToRetrieve.java,li,1,0,1,0,0,0,0,2,0
1206,TimelineDataToRetrieve.java,in response.,1,0,1,0,0,0,0,2,0
1207,TimelineDataToRetrieve.java,this is represented as a @link timelinefilterlist object,0,0,1,0,0,0,0,1,1
1208,TimelineDataToRetrieve.java,containing @link timelineprefixfilter objects.,0,0,1,0,0,0,0,1,0
1209,TimelineDataToRetrieve.java,these can either be,1,0,1,0,0,0,0,2,0
1210,TimelineDataToRetrieve.java,exact metric ids or prefixes which are then compared against metric,1,0,1,0,0,0,0,2,0
1213,TimelineDataToRetrieve.java,"or empty, all metrics will be fetched if fieldstoretrieve contains",1,0,1,0,0,0,0,2,1
1216,TimelineDataToRetrieve.java,with metricfilters which is used to decide which entities to return,1,0,1,0,0,0,0,2,1
1217,TimelineDataToRetrieve.java,instead.,1,0,1,0,0,0,0,2,1
1218,TimelineDataToRetrieve.java,li,1,0,1,0,0,0,0,2,1
1222,TimelineDataToRetrieve.java,"namely entity id, entity type and entity created time.",1,0,1,0,0,0,0,2,0
1223,TimelineDataToRetrieve.java,all fields will,1,0,1,0,0,0,0,2,0
1225,TimelineDataToRetrieve.java,li,1,0,1,0,0,0,0,2,1
1228,TimelineDataToRetrieve.java,number of metrics to return.,1,0,1,0,0,0,0,2,1
1229,TimelineDataToRetrieve.java,this parameter is ignored if metrics are not to,1,0,1,0,0,0,0,2,0
1230,TimelineDataToRetrieve.java,be fetched.,1,0,1,0,0,0,0,2,1
1231,TimelineDataToRetrieve.java,li,1,0,1,0,0,0,0,2,0
1233,TimelineDataToRetrieve.java,be retrieved.,1,0,1,0,0,0,0,2,1
1235,TimelineDataToRetrieve.java,li,1,0,1,0,0,0,0,2,0
1237,TimelineDataToRetrieve.java,be retrieved.,1,0,1,0,0,0,0,2,1
1239,TimelineDataToRetrieve.java,li,1,0,1,0,0,0,0,2,0
1240,TimelineDataToRetrieve.java,ul,1,0,1,0,0,0,0,2,0
1348,TimelineStorageMonitor.java,this abstract class is for monitoring health of timeline storage.,0,0,0,0,1,1,0,2,0
1352,TonyRuntimeFactory.java,implementation of runtimefactory with tony runtime,0,0,1,0,0,1,0,2,0
1355,TypedEvent.java,basic event implementation to implement custom events.,0,0,0,0,1,1,0,2,0
1356,TypedEvent.java,@param t,0,0,0,0,0,0,1,1,0
1360,UniformSizeInputFormat.java,"uniformsizeinputformat extends the inputformat class, to produce",0,0,0,0,0,1,0,1,0
1361,UniformSizeInputFormat.java,input splits for distcp.,0,0,0,0,0,1,0,1,0
1362,UniformSizeInputFormat.java,it looks at the copy listing and groups the contents into input splits such,1,0,0,0,0,0,0,1,0
1363,UniformSizeInputFormat.java,that the total number of bytes to be copied for each input split is,1,0,0,0,0,0,0,1,0
1364,UniformSizeInputFormat.java,uniform.,1,0,0,0,0,0,0,1,0
1370,Utils.java,a utility class.,0,0,0,0,0,1,0,1,0
1371,Utils.java,it provides,0,0,0,0,0,1,0,1,0
1372,Utils.java,a path filter utility to filter out output part files in the output dir,0,0,0,0,0,1,0,1,0
1373,Utils.java,this class filters output part files from the given directory,1,0,0,0,0,0,1,2,0
1374,Utils.java,it does not accept files with filenames logs and success.,1,0,0,0,0,0,1,2,0
1375,Utils.java,this can be used to list paths of output directory as follows,0,0,0,0,0,0,1,1,0
1376,Utils.java,"path filelist fileutil^stat2paths fs^liststatus outdir,",0,0,0,0,0,0,1,1,0
1377,Utils.java,new outputfilesfilter,0,0,0,0,0,0,1,1,0
1378,Utils.java,this class filters log files from directory given,1,0,0,0,0,0,1,2,0
1379,Utils.java,it doesnt accept paths having logs.,1,0,0,0,0,0,1,2,0
1380,Utils.java,this can be used to list paths of output directory as follows,0,0,0,0,0,0,1,1,0
1381,Utils.java,"path filelist fileutil^stat2paths fs^liststatus outdir,",0,0,0,0,0,0,1,1,0
1382,Utils.java,new outputlogfilter,0,0,0,0,0,0,1,1,0
1400,VolumeSet.java,volumeset to manage hdds volumes in a datanode.,0,0,1,0,0,1,0,2,0
1403,WritableComparator.java,a comparator for @link writablecomparable s.,0,0,1,0,0,1,0,2,0
1404,WritableComparator.java,p this base implementation uses the natural ordering.,1,0,1,0,0,0,1,3,0
1405,WritableComparator.java,to define alternate,1,0,1,0,0,0,1,3,0
1406,WritableComparator.java,"orderings, override @link #compare writablecomparable,writablecomparable .",1,0,1,0,0,0,1,3,0
1407,WritableComparator.java,p one may optimize compare intensive operations by overriding,0,0,1,0,0,0,1,2,0
1408,WritableComparator.java,"@link #compare byte ,int,int,byte ,int,int .",0,0,1,0,0,0,1,2,0
1409,WritableComparator.java,static utility methods are,0,0,1,0,0,0,1,2,0
1410,WritableComparator.java,provided to assist in optimized implementations of this method.,0,0,1,0,0,0,1,2,0
1430,YarnAuthorizationProvider.java,an implementation of the interface will provide authorization related,0,0,0,0,0,1,0,1,0
1431,YarnAuthorizationProvider.java,information and enforce permission check.,0,0,0,0,0,1,0,1,0
1432,YarnAuthorizationProvider.java,it is excepted that any of the,1,0,0,0,1,0,0,2,0
1433,YarnAuthorizationProvider.java,methods defined in this interface should be non blocking call and should not,1,0,0,0,1,0,0,2,0
1434,YarnAuthorizationProvider.java,involve expensive computation as these method could be invoked in rpc.,1,0,0,0,1,0,0,2,0
1443,YarnServiceJobSubmitter.java,submit a job to cluster.,0,0,0,0,0,1,0,1,0
1445,ChunkFetchSuccess.java,response to @link chunkfetchrequest when a chunk exists and has been successfully fetched.,0,0,0,0,0,1,0,1,0
1448,ChunkFetchSuccess.java,"similarly, the client side decoding will reuse the netty bytebuf as the buffer.",1,0,0,0,0,0,0,1,0
1451,ExecutorPlugin.java,a plugin which can be automatically instantiated within each spark executor.,0,0,0,0,0,1,0,1,1
1469,FlatMapFunction.java,a function that returns zero or more output records from each input record.,0,0,0,0,0,1,0,1,1
1471,JavaRecord.java,java bean class to be used with the example javasqlnetworkwordcount.,0,0,0,0,0,0,1,1,1
1473,JavaStreamingTestExample.java,"perform streaming testing using welch s 2 sample t test on a stream of data, where the data",0,0,0,0,0,1,0,1,0
1474,JavaStreamingTestExample.java,stream arrives as text files in a directory.,0,0,0,0,0,1,0,1,1
1475,JavaStreamingTestExample.java,stops when the two groups are statistically,0,0,0,0,0,1,0,1,0
1476,JavaStreamingTestExample.java,significant p value 005 or after a user specified timeout in number of batches is exceeded.,0,0,0,0,0,1,0,1,1
1477,JavaStreamingTestExample.java,"the rows of the text files must be in the form boolean, double .",1,0,0,0,0,0,0,1,0
1478,JavaStreamingTestExample.java,for example,1,0,0,0,0,0,0,1,1
1479,JavaStreamingTestExample.java,"false, 392",1,0,0,0,0,0,0,1,0
1480,JavaStreamingTestExample.java,"true, 9932",1,0,0,0,0,0,0,1,1
1481,JavaStreamingTestExample.java,usage,0,0,0,0,0,0,1,1,0
1482,JavaStreamingTestExample.java,javastreamingtestexample datadir batchduration numbatchestimeout,0,0,0,0,0,0,1,1,0
1483,JavaStreamingTestExample.java,to run on your local machine using the directory datadir with 5 seconds between each batch and,0,0,0,0,0,0,1,1,0
1484,JavaStreamingTestExample.java,"a timeout after 100 insignificant batches, call",0,0,0,0,0,0,1,1,0
1485,JavaStreamingTestExample.java,bin run example mllib^javastreamingtestexample datadir 5 100,0,0,0,0,0,0,1,1,0
1486,JavaStreamingTestExample.java,as you add text files to datadir the significance test wil continually update every,0,0,0,0,0,0,1,1,0
1487,JavaStreamingTestExample.java,batchduration seconds until the test becomes significant p value 005 or the number of,0,0,0,0,0,0,1,1,0
1488,JavaStreamingTestExample.java,batches processed exceeds numbatchestimeout .,0,0,0,0,0,0,1,1,0
1505,KVStore.java,abstraction for a local key value store for storing app data.,0,0,0,0,0,1,0,1,0
1506,KVStore.java,p,1,0,0,0,0,0,0,1,0
1507,KVStore.java,there are two main features provided by the implementations of this interface,1,0,0,0,0,0,0,1,0
1508,KVStore.java,p,1,0,0,0,0,0,0,1,0
1509,KVStore.java,h3 serialization h3,1,0,0,0,0,0,0,1,0
1510,KVStore.java,p,1,0,0,0,0,0,0,1,0
1511,KVStore.java,"if the underlying data store requires serialization, data will be serialized to and deserialized",1,0,0,0,0,0,0,1,0
1512,KVStore.java,"using a @link kvstoreserializer , which can be customized by the application.",1,0,1,0,0,0,0,2,0
1513,KVStore.java,the serializer is,1,0,0,0,0,0,0,1,0
1514,KVStore.java,"based on jackson, so it supports all the jackson annotations for controlling the serialization of",1,0,0,0,0,0,0,1,0
1515,KVStore.java,app defined types.,1,0,0,0,0,0,0,1,0
1516,KVStore.java,p,1,0,0,0,0,0,0,1,0
1517,KVStore.java,p,1,0,0,0,0,0,0,1,0
1518,KVStore.java,data is also automatically compressed to save disk space.,1,0,0,0,0,0,0,1,0
1519,KVStore.java,p,1,0,0,0,0,0,0,1,0
1520,KVStore.java,h3 automatic key management h3,1,0,0,0,0,0,0,1,0
1521,KVStore.java,p,1,0,0,0,0,0,0,1,0
1522,KVStore.java,"when using the built in key management, the implementation will automatically create unique",1,0,0,0,0,0,0,1,0
1523,KVStore.java,keys for each type written to the store.,1,0,0,0,0,0,0,1,0
1524,KVStore.java,"keys are based on the type name, and always start",1,0,0,0,0,0,0,1,0
1525,KVStore.java,with the prefix character so that it s easy to use both manual and automatic key,1,0,0,0,0,0,0,1,0
1526,KVStore.java,management apis without conflicts .,1,0,0,0,0,0,0,1,0
1527,KVStore.java,p,1,0,0,0,0,0,0,1,0
1528,KVStore.java,p,1,0,0,0,0,0,0,1,0
1529,KVStore.java,another feature of automatic key management is indexing by annotating fields or methods of,1,0,0,0,0,0,0,1,0
1530,KVStore.java,"objects written to the store with @link kvindex , indices are created to sort the data",1,0,1,0,0,0,0,2,0
1531,KVStore.java,by the values of those properties.,1,0,0,0,0,0,0,1,0
1532,KVStore.java,this makes it possible to provide sorting without having,1,0,0,0,0,0,0,1,0
1533,KVStore.java,to load all instances of those types from the store.,1,0,0,0,0,0,0,1,0
1534,KVStore.java,p,1,0,0,0,0,0,0,1,0
1535,KVStore.java,p,1,0,0,0,0,0,0,1,0
1536,KVStore.java,kvstore instances are thread safe for both reads and writes.,1,0,0,0,0,0,0,1,0
1537,KVStore.java,p,1,0,0,0,0,0,0,1,1
1573,LevelDB.java,implementation of kvstore that uses leveldb as the underlying data store.,0,0,0,0,0,1,0,1,1
1576,LocalDiskShuffleDataIO.java,implementation of the @link shuffledataio plugin system that replicates the local shuffle,0,0,1,0,0,1,0,2,1
1577,LocalDiskShuffleDataIO.java,storage and index file functionality that has historically been used from spark 24 and earlier.,0,0,0,0,0,1,0,1,0
1581,MessageWithHeader.java,a wrapper message that holds two separate pieces a header and a body .,0,0,0,0,0,1,0,1,0
1584,RemoveBlocks.java,request to remove a set of blocks.,0,0,0,0,0,1,0,1,1
1586,StreamHandle.java,identifier for a fixed number of chunks to read from a stream created by an open blocks,0,0,0,0,0,1,0,1,0
1587,StreamHandle.java,message.,0,0,0,0,0,1,0,1,1
1588,StreamHandle.java,this is used by @link org^apache.spark^network.shuffle^oneforoneblockfetcher .,0,0,1,0,0,0,0,1,0
1592,TBoolColumn.java,"the set of fields this struct contains, along with convenience methods for finding and manipulating them.",0,0,0,0,0,1,0,1,1
1594,UploadBlockStream.java,"a request to upload a block, which the destination should receive as a stream.",0,0,0,0,0,1,0,1,0
1595,UploadBlockStream.java,the actual block data is not contained here.,1,0,0,0,0,0,0,1,1
1596,UploadBlockStream.java,it will be passed to the streamcallbackwithid,1,0,0,0,0,0,0,1,0
1597,UploadBlockStream.java,that is returned from rpchandler^receivestream,1,0,0,0,0,0,0,1,0
1607,AbstractCPropertyTab.java,"in this case, we ll able to use",0,0,0,0,1,0,0,1,0
1608,AbstractCPropertyTab.java,a lot of utility methods via provider link.,0,0,0,0,1,0,0,1,1
1609,AbstractCPropertyTab.java,"in particular, it allows to get current project,",0,0,0,0,1,0,0,1,0
1610,AbstractCPropertyTab.java,configuration etc see icpropertyprovider interface.,0,0,0,0,1,0,0,1,0
1611,AbstractCPropertyTab.java,a standard way to create buttons ins edit del etc,0,0,0,0,1,0,0,1,0
1612,AbstractCPropertyTab.java,and to handle their events see buttonpressed int,0,0,0,0,1,0,0,1,0
1613,AbstractCPropertyTab.java,several utility methods to create widgets in the,0,0,0,0,1,0,0,1,0
1614,AbstractCPropertyTab.java,"uniform manner setuplabel , setuptext etc .",0,0,0,0,1,0,0,1,0
1615,AbstractCPropertyTab.java,means to handle control messages which are the main,0,0,0,0,1,0,0,1,0
1616,AbstractCPropertyTab.java,communication way for new cdt model pages and tabs.,0,0,0,0,1,0,0,1,0
1631,AbstractTrialUndoActionProvider.java,action for a null rule,1,0,0,0,0,0,0,1,0
1634,AddBreakpointRulerAction.java,ruler action to add breakpoint with a dialog properties.,0,0,0,0,0,1,0,1,1
1636,AddLineBreakpointActionDelegate.java,a delegate for the add line breakpoint action.,0,0,0,0,0,1,0,1,0
1638,AddLineBreakpointActionDelegate.java,initially derived from addfunctionbreakpointactiondelegate,1,0,0,0,0,0,0,1,0
1641,AddMemoryBlocks.java,adds memory blocks to the memory view.,0,0,0,0,0,1,0,1,1
1642,AddMemoryBlocks.java,p,1,0,0,0,0,0,0,1,0
1650,AddMemoryBlocks.java,p,1,0,0,0,0,0,0,1,0
1651,AddMemoryBlocks.java,@since 32,0,0,0,1,0,0,0,1,0
1652,AddMemoryBlocks.java,"in order to avoid duplicating the addmemoryblocks method one version for expressions, one for memory space address, we pass in a an opaque parameter and let the logic within addmemoryblocks differentiate where needed via isinstanceof request object used to get the memory spaces",0,0,0,0,0,0,1,1,0
1662,AllTemplateEngineTests.java,the test suite will execute all the testcases added to the suite.,1,0,0,0,0,0,0,1,0
1663,AllTemplateEngineTests.java,@since 40,0,0,0,1,0,0,0,1,0
1667,AutoconfMacroParameterListValidator.java,this class provides the macro call parameter parsing for the autoconf editor hover,0,0,0,0,0,1,0,1,0
1668,AutoconfMacroParameterListValidator.java,it is modified from the cdt class cparameterlistvalidator,1,0,0,0,0,0,0,1,0
1669,AutoconfMacroParameterListValidator.java,@author jjohnstn,0,1,0,0,0,0,0,1,0
1673,AutotoolsProblemMarkerInfo.java,@noextend this class is not intended to be subclassed by clients.,0,0,0,0,0,0,1,1,0
1675,BindingClassifierTest.java,tests for @link bindingclassifier .,0,0,1,0,0,1,0,2,1
1678,C99BuildASTParserAction.java,semantic actions called by the c99 parser to build an ast.,0,0,0,0,0,1,0,1,1
1679,C99BuildASTParserAction.java,@author mike kucera,0,1,0,0,0,0,0,1,0
1682,CConfigurationDescriptionCache.java,cconfigurationdescriptioncache is a proxy class for serialization of configuration description data.,0,0,0,0,0,1,0,1,1
1685,CConfigurationDescriptionCache.java,ol,0,0,0,0,0,0,1,1,0
1686,CConfigurationDescriptionCache.java,li initialization,0,0,0,0,0,0,1,1,1
1687,CConfigurationDescriptionCache.java,ul,0,0,0,0,0,0,1,1,0
1688,CConfigurationDescriptionCache.java,li after eclipse started a project is being opened.,0,0,0,0,0,0,1,1,0
1689,CConfigurationDescriptionCache.java,a new cconfigurationdescriptioncache is created,0,0,0,0,0,0,1,1,0
1690,CConfigurationDescriptionCache.java,"with cconfigurationdescriptioncache icstorageelement storage, cprojectdescription parent constructor.",0,0,0,0,0,0,1,1,0
1691,CConfigurationDescriptionCache.java,li any clients needed icconfigurationdescription get cconfigurationdescription using constructor,0,0,0,0,0,0,1,1,0
1692,CConfigurationDescriptionCache.java,"cconfigurationdescription cconfigurationdata data, string buildsystemid, icdataproxycontainer cr",0,0,0,0,0,0,1,1,1
1693,CConfigurationDescriptionCache.java,where the cconfigurationdescriptioncache is passed as data.,0,0,0,0,0,0,1,1,1
1694,CConfigurationDescriptionCache.java,the reference to cache is kept in field fcfgcache.,0,0,0,0,0,0,1,1,1
1695,CConfigurationDescriptionCache.java,"li fcfgcache is used to getspecsettings cconfigurationspecsettings, after that fcfgcache is set to null.",0,0,0,0,0,0,1,1,0
1696,CConfigurationDescriptionCache.java,ul,0,0,0,0,0,0,1,1,1
1697,CConfigurationDescriptionCache.java,li user enters project properties settings,0,0,0,0,0,0,1,1,0
1698,CConfigurationDescriptionCache.java,ul,0,0,0,0,0,0,1,1,0
1699,CConfigurationDescriptionCache.java,li another cconfigurationdescription settings configuration created using the same constructor setting fcfgcache,0,0,0,0,0,0,1,1,0
1700,CConfigurationDescriptionCache.java,to the cconfigurationdescriptioncache.,0,0,0,0,0,0,1,1,1
1701,CConfigurationDescriptionCache.java,ul,0,0,0,0,0,0,1,1,0
1702,CConfigurationDescriptionCache.java,li user changes settings in the settings configuration cconfigurationdescription and saves it,0,0,0,0,0,0,1,1,1
1703,CConfigurationDescriptionCache.java,ul,0,0,0,0,0,0,1,1,0
1704,CConfigurationDescriptionCache.java,li new cconfigurationdescriptioncache is created from the cconfigurationdescription via constructor,0,0,0,0,0,0,1,1,1
1705,CConfigurationDescriptionCache.java,"cconfigurationdescriptioncache icconfigurationdescription basedescription, .",0,0,0,0,0,0,1,1,0
1706,CConfigurationDescriptionCache.java,where,0,0,0,0,0,0,1,1,1
1707,CConfigurationDescriptionCache.java,basedescription is saved as fbasedescription.,0,0,0,0,0,0,1,1,0
1708,CConfigurationDescriptionCache.java,li cconfigurationdescriptioncache^applydata .,0,0,0,0,0,0,1,1,0
1709,CConfigurationDescriptionCache.java,is used to persist the data.,0,0,0,0,0,0,1,1,1
1710,CConfigurationDescriptionCache.java,at that point,0,0,0,0,0,0,1,1,1
1712,CConfigurationDescriptionCache.java,ul,0,0,0,0,0,0,1,1,1
1713,CConfigurationDescriptionCache.java,ol,0,0,0,0,0,0,1,1,0
1714,CConfigurationDescriptionCache.java,@see icconfigurationdescription,0,0,1,0,0,0,1,2,0
1715,CConfigurationDescriptionCache.java,@see cconfigurationdescription,0,0,1,0,0,0,1,2,0
1716,CConfigurationDescriptionCache.java,@see cprojectdescriptionevent,0,0,1,0,0,0,1,2,0
1755,CDebugModelPresentation.java,@see idebugmodelpresentation,0,0,1,0,0,0,0,1,0
1757,CElementDelta.java,@see icelementdelta,0,0,1,0,0,0,0,1,0
1759,ClangToolChain.java,the clang toolchain.,0,0,0,0,0,1,0,1,0
1762,ClangToolChain.java,@author dschaefer,0,1,0,0,0,0,0,1,0
1766,CommonBuildTab.java,common utilities for core build launch configuration tabs.,0,0,0,0,0,1,0,1,0
1767,CommonBuildTab.java,@since 91,0,0,0,1,0,0,0,1,0
1770,ContainerTabModel.java,@since 12.1,0,0,0,1,0,0,0,1,0
1771,ContainerTabModel.java,@author jjohnstn,0,1,0,0,0,0,0,1,0
1774,CoreBuildGenericLaunchConfigProvider.java,core launch configuration provider used by generic target types.,0,0,0,0,0,1,0,1,0
1775,CoreBuildGenericLaunchConfigProvider.java,@since 83,0,0,0,1,0,0,0,1,0
1778,CPPASTProblem.java,c specific implementation allows actions to visit the problem.,0,0,0,0,0,1,0,1,0
1780,CPPASTReferenceOperator.java,reference operator for declarators.,0,0,0,0,0,1,0,1,0
1784,CPPDeferredFunction.java,a compiler would resolve it during instantiation.,1,0,0,0,0,0,0,1,0
1787,CPPImplicitVariable.java,represents a variable implicitly created in c code.,0,0,0,0,0,1,0,1,0
1788,CPPImplicitVariable.java,for example the initializer of a structured binding decomposition dcl^struct.bind,0,0,0,0,0,0,1,1,0
1789,CPPImplicitVariable.java,"code auto first, second decomposed code",0,0,0,0,0,0,1,1,0
1790,CPPImplicitVariable.java,the code initializerevaluation code has to be supplied.,0,0,0,0,0,0,1,1,0
1798,CPropertyTester.java,a property tester that determines if a file is an executable or a c c project.,0,0,0,0,0,1,0,1,0
1800,CUIPreferenceInitializer.java,this class implements the setting of the cui initial preference store settings.,0,0,0,0,0,1,0,1,0
1801,CUIPreferenceInitializer.java,@noextend this class is not intended to be subclassed by clients.,0,0,0,0,0,0,1,1,0
1808,DefaultEnvironmentContextInfo.java,the default implementation of the icontextinfo used by the environment variable provider,0,0,0,0,0,1,0,1,0
1809,DefaultEnvironmentContextInfo.java,"used to represent the configuration, project, workspace and eclipse environment contexts",0,0,0,0,1,0,0,1,0
1810,DefaultEnvironmentContextInfo.java,@since 30,0,0,0,1,0,0,0,1,0
1823,DisplayDsfExecutor.java,@since 10,0,0,0,1,0,0,0,1,0
1828,DocCommentOwnerBlock.java,project property page for setting documentation comment owner.,0,0,0,0,0,1,0,1,0
1829,DocCommentOwnerBlock.java,em this class is not intended for use outside of cdt em,0,0,0,0,0,0,1,1,0
1830,DocCommentOwnerBlock.java,@noextend this class is not intended to be subclassed by clients.,0,0,0,0,0,0,1,1,0
1831,DocCommentOwnerBlock.java,@noinstantiate this class is not intended to be instantiated by clients.,0,0,0,0,0,0,1,1,0
1836,DOMGCCParserExtensionTestSuite.java,@author jcamelon,0,1,0,0,0,0,0,1,0
1838,DOMParserTestSuite.java,@author jcamelon,0,1,0,0,0,0,0,1,0
1840,DsfDebugUITools.java,@since 11,0,0,0,1,0,0,0,1,0
1842,DummyPage.java,this class is just to replace a category reference in org^eclipse.cdt^ui that we exclude because we do not bring in the org^eclipse.cdt^managedbuild.ui plug in.,0,0,0,0,1,1,0,2,0
1847,ElementNumberFormatsContribution.java,@since 22,0,0,0,1,0,0,0,1,0
1850,FindStdLibPath.java,the purpose is to find a path where stdc library is located.,0,0,0,0,1,0,0,1,0
1851,FindStdLibPath.java,currently the shell script is only for linux.,0,0,0,0,0,0,1,1,0
1855,FoldingConfigurationBlock.java,configures c editor folding preferences.,0,0,0,0,0,1,0,1,0
1856,FoldingConfigurationBlock.java,@since 30,0,0,0,1,0,0,0,1,0
1859,FormattedValueTests.java,tests to verify the operation of formattedvaluesvmutil,0,0,0,0,0,1,0,1,0
1860,FormattedValueTests.java,@since 22,0,0,0,1,0,0,0,1,0
1861,FormattedValueTests.java,helper class that stores some element paths and nodes using a certain format,1,0,0,0,0,0,0,1,0
1865,GCCKeywords.java,@noextend this interface is not intended to be extended by clients.,0,0,0,0,0,0,1,1,0
1866,GCCKeywords.java,@noinstantiate this class is not intended to be instantiated by clients.,0,0,0,0,0,0,1,1,0
1869,GDBControl_7_12.java,need a new finallaunchsequence for gdb 712,0,0,0,1,0,0,0,1,0
1870,GDBControl_7_12.java,@since 52,0,0,0,1,0,0,0,1,0
1873,GdbExpressionVMProvider.java,a specialization of expressionvmprovider that uses a gdb specific variable vm,0,0,0,0,0,1,0,1,0
1875,GdbExpressionVMProvider.java,"to understand why this is necessary, see gdbvariablevmnode.",0,0,1,0,0,0,0,1,0
1879,GDBSourceLookup.java,default implementation of @link igdbsourcelookup,0,0,0,0,0,1,0,1,0
1880,GDBSourceLookup.java,@since 50,0,0,0,1,0,0,0,1,0
1885,GnuMakefileGenerator.java,@since 12,0,0,0,1,0,0,0,1,0
1886,GnuMakefileGenerator.java,@noinstantiate this class is not intended to be instantiated by clients.,0,0,0,0,0,0,1,1,0
1887,GnuMakefileGenerator.java,string constants for makefile contents and messages private static final string auto dep comment ^autodeps non nls 1 private static final string message managedmakebuilder^message non nls 1 private static final string build error message ^error non nls 1 private static final string dep incl comment ^module.dep^includes non nls 1 private static final string mod incl comment ^module.make^includes non nls 1 private itool buildtools private boolean buildtoolsused private imanagedbuildinfo info private set outputextensionsset maps of macro names string to values list dependency file variables private vector dependencymakefiles ipath s relative to the top build directory or absolute,0,0,0,0,0,0,1,1,0
1888,GnuMakefileGenerator.java,imanagedbuildermakefilegenerator m e t h o d s,0,0,0,0,0,0,1,1,0
1889,GnuMakefileGenerator.java,m a k e f i l e s p o p u l a t i o n m e t h o d s,0,0,0,0,0,0,1,1,0
1890,GnuMakefileGenerator.java,m a i n makefile m a k e f i l e m e t h o d s,0,0,0,0,0,0,1,1,0
1891,GnuMakefileGenerator.java,s o u r c e s sources^mk m a k e f i l e m e t h o d s,0,0,0,0,0,0,1,1,0
1892,GnuMakefileGenerator.java,f r a g m e n t subdir^mk m a k e f i l e m e t h o d s,0,0,0,0,0,0,1,1,0
1893,GnuMakefileGenerator.java,m a k e f i l eg e n e r a t i o n c o m m o n m e t h o d s,0,0,0,0,0,0,1,1,0
1894,GnuMakefileGenerator.java,adds a macro addition prefix to a map of macro names to entries.,0,0,0,0,0,0,1,1,0
1895,GnuMakefileGenerator.java,entry prefixes look like,0,0,0,0,0,0,1,1,0
1896,GnuMakefileGenerator.java,c srcs,0,0,0,0,0,0,1,1,0
1897,GnuMakefileGenerator.java,"addprefix root ,",0,0,0,0,0,0,1,1,0
1898,GnuMakefileGenerator.java,r e s o u r c e v i s i t o r m e t h o d s,0,0,0,0,0,0,1,1,0
1899,GnuMakefileGenerator.java,o t h e r m e t h o d s,0,0,0,0,0,0,1,1,0
1900,GnuMakefileGenerator.java,"process a string denoting a filepath in a way compatible for gnu make rules, handling",0,0,0,0,0,0,1,1,0
1901,GnuMakefileGenerator.java,windows drive letters and whitespace appropriately.,0,0,0,0,0,0,1,1,0
1902,GnuMakefileGenerator.java,p p,0,0,0,0,0,0,1,1,0
1903,GnuMakefileGenerator.java,the context these paths appear in is on the right hand side of a rule header.,0,0,0,0,0,0,1,1,0
1904,GnuMakefileGenerator.java,ie,0,0,0,0,0,0,1,1,0
1905,GnuMakefileGenerator.java,p p,0,0,0,0,0,0,1,1,0
1906,GnuMakefileGenerator.java,target dep1 dep2 dep3,0,0,0,0,0,0,1,1,0
1907,GnuMakefileGenerator.java,p,0,0,0,0,0,0,1,1,0
1908,GnuMakefileGenerator.java,@param path the string denoting the path to process,0,0,0,0,0,0,1,1,0
1909,GnuMakefileGenerator.java,@throws nullpointerexception is path is null,0,0,0,0,0,0,1,1,0
1910,GnuMakefileGenerator.java,@return a suitable make rule compatible path,0,0,0,0,0,0,1,1,0
1912,GnuMakefileGenerator.java,what resources have been changed.,0,0,0,0,0,0,1,1,0
1913,GnuMakefileGenerator.java,the logic is very simple.,0,0,0,0,0,0,1,1,0
1914,GnuMakefileGenerator.java,if a,0,0,0,0,0,0,1,1,0
1916,GnuMakefileGenerator.java,in which they are located are dirty so the makefile fragments for them,0,0,0,0,0,0,1,1,0
1917,GnuMakefileGenerator.java,have to be regenerated.,0,0,0,0,0,0,1,1,0
1918,GnuMakefileGenerator.java,p,0,0,0,0,0,0,1,1,0
1920,GnuMakefileGenerator.java,itself.,0,0,0,0,0,0,1,1,0
1921,GnuMakefileGenerator.java,we are relying on make to do the right things when confronted,0,0,0,0,0,0,1,1,0
1922,GnuMakefileGenerator.java,with a dependency on a moved header file.,0,0,0,0,0,0,1,1,0
1923,GnuMakefileGenerator.java,"that said, make will treat",0,0,0,0,0,0,1,1,0
1924,GnuMakefileGenerator.java,the missing header file in a dependency rule as a target it has to build,0,0,0,0,0,0,1,1,0
1925,GnuMakefileGenerator.java,unless told otherwise.,0,0,0,0,0,0,1,1,0
1926,GnuMakefileGenerator.java,these dummy targets are added to the makefile,0,0,0,0,0,0,1,1,0
1927,GnuMakefileGenerator.java,to avoid a missing target error.,0,0,0,0,0,0,1,1,0
1928,GnuMakefileGenerator.java,string constants for makefile contents and messages private static final string auto dep comment ^autodeps non nls 1 private static final string message managedmakebuilder^message non nls 1 private static final string build error message ^error non nls 1 private static final string dep incl comment ^module.dep^includes non nls 1 private static final string mod incl comment ^module.make^includes non nls 1 private itool buildtools private boolean buildtoolsused private imanagedbuildinfo info private set outputextensionsset maps of macro names string to values list dependency file variables private vector dependencymakefiles ipath s relative to the top build directory or absolute,0,0,0,0,0,0,1,1,0
1929,GnuMakefileGenerator.java,imanagedbuildermakefilegenerator m e t h o d s,0,0,0,0,0,0,1,1,0
1930,GnuMakefileGenerator.java,m a k e f i l e s p o p u l a t i o n m e t h o d s,0,0,0,0,0,0,1,1,0
1931,GnuMakefileGenerator.java,m a i n makefile m a k e f i l e m e t h o d s,0,0,0,0,0,0,1,1,0
1932,GnuMakefileGenerator.java,s o u r c e s sources^mk m a k e f i l e m e t h o d s,0,0,0,0,0,0,1,1,0
1933,GnuMakefileGenerator.java,f r a g m e n t subdir^mk m a k e f i l e m e t h o d s,0,0,0,0,0,0,1,1,0
1934,GnuMakefileGenerator.java,m a k e f i l eg e n e r a t i o n c o m m o n m e t h o d s,0,0,0,0,0,0,1,1,0
1935,GnuMakefileGenerator.java,adds a macro addition prefix to a map of macro names to entries.,0,0,0,0,0,0,1,1,0
1936,GnuMakefileGenerator.java,entry prefixes look like,0,0,0,0,0,0,1,1,0
1937,GnuMakefileGenerator.java,c srcs,0,0,0,0,0,0,1,1,0
1938,GnuMakefileGenerator.java,"addprefix root ,",0,0,0,0,0,0,1,1,0
1939,GnuMakefileGenerator.java,r e s o u r c e v i s i t o r m e t h o d s,0,0,0,0,0,0,1,1,0
1940,GnuMakefileGenerator.java,o t h e r m e t h o d s,0,0,0,0,0,0,1,1,0
1941,GnuMakefileGenerator.java,"process a string denoting a filepath in a way compatible for gnu make rules, handling",0,0,0,0,0,0,1,1,0
1942,GnuMakefileGenerator.java,windows drive letters and whitespace appropriately.,0,0,0,0,0,0,1,1,0
1943,GnuMakefileGenerator.java,p p,0,0,0,0,0,0,1,1,0
1944,GnuMakefileGenerator.java,the context these paths appear in is on the right hand side of a rule header.,0,0,0,0,0,0,1,1,0
1945,GnuMakefileGenerator.java,ie,0,0,0,0,0,0,1,1,0
1946,GnuMakefileGenerator.java,p p,0,0,0,0,0,0,1,1,0
1947,GnuMakefileGenerator.java,target dep1 dep2 dep3,0,0,0,0,0,0,1,1,0
1948,GnuMakefileGenerator.java,p,0,0,0,0,0,0,1,1,0
1949,GnuMakefileGenerator.java,@param path the string denoting the path to process,0,0,0,0,0,0,1,1,0
1950,GnuMakefileGenerator.java,@throws nullpointerexception is path is null,0,0,0,0,0,0,1,1,0
1951,GnuMakefileGenerator.java,@return a suitable make rule compatible path,0,0,0,0,0,0,1,1,0
1952,GnuMakefileGenerator.java,this class is used to recursively walk the project and determine which,0,0,0,0,0,0,1,1,0
1953,GnuMakefileGenerator.java,modules contribute buildable source files.,0,0,0,0,0,0,1,1,0
2024,GroupDebugContextsCommandHandler.java,command handler to trigger grouping of debug contexts operation.,0,0,0,0,0,1,0,1,0
2025,GroupDebugContextsCommandHandler.java,@since 71,0,0,0,1,0,0,0,1,0
2028,IBHistoryAction.java,action used for the include browser forward backward buttons,0,0,0,0,0,1,0,1,0
2030,IBuildObject.java,@noextend this class is not intended to be subclassed by clients.,0,0,0,0,0,0,1,1,0
2031,IBuildObject.java,@noimplement this interface is not intended to be implemented by clients.,0,0,0,0,0,0,1,1,0
2036,ICLanguageSettingPathEntry.java,see interface hierarchy for more specifics.,0,0,1,0,0,0,0,1,0
2041,ICLibraryFileEntry.java,see @link icsettingentry#library file .,0,0,1,0,0,0,0,1,0
2046,ICodeReaderFactory.java,@author jcamelon,0,1,0,0,0,0,0,1,0
2047,ICodeReaderFactory.java,@deprecated replaced by @link includefilecontentprovider,0,0,1,1,0,0,0,2,0
2048,ICodeReaderFactory.java,@noreference this interface is not intended to be referenced by clients.,0,0,0,0,0,0,1,1,0
2055,ICPointerType.java,@noimplement this interface is not intended to be implemented by clients.,0,0,0,0,0,0,1,1,1
2058,ICPPAliasTemplateInstance.java,represents an instance of an alias template 145.7 .,0,0,0,0,0,1,0,1,0
2059,ICPPAliasTemplateInstance.java,@since 55,0,0,0,1,0,0,0,1,1
2060,ICPPAliasTemplateInstance.java,@noextend this interface is not intended to be extended by clients.,0,0,0,0,0,0,1,1,0
2061,ICPPAliasTemplateInstance.java,@noimplement this interface is not intended to be implemented by clients.,0,0,0,0,0,0,1,1,1
2066,ICPPASTLinkageSpecification.java,this interface represents a linkage specification.,0,0,0,0,0,1,0,1,0
2067,ICPPASTLinkageSpecification.java,eg extern c .,0,0,0,0,0,1,0,1,1
2068,ICPPASTLinkageSpecification.java,@noextend this interface is not intended to be extended by clients.,0,0,0,0,0,0,1,1,1
2069,ICPPASTLinkageSpecification.java,@noimplement this interface is not intended to be implemented by clients.,0,0,0,0,0,0,1,1,0
2074,ICPPASTVirtSpecifier.java,a virt specifier at the end of a function declaration.,0,0,0,0,0,1,0,1,0
2075,ICPPASTVirtSpecifier.java,"there are two virt specifiers, final and override .",1,0,0,0,0,0,0,1,0
2076,ICPPASTVirtSpecifier.java,@noimplement this interface is not intended to be implemented by clients.,0,0,0,0,0,0,1,1,1
2077,ICPPASTVirtSpecifier.java,@noextend this interface is not intended to be extended by clients.,0,0,0,0,0,0,1,1,0
2078,ICPPASTVirtSpecifier.java,@since 57,0,0,0,1,0,0,0,1,1
2085,ICPPPointerToMemberType.java,@noimplement this interface is not intended to be implemented by clients.,0,0,0,0,0,0,1,1,1
2090,ICSourceNotFoundDescription.java,an instance is usually provided by an adapter.,1,0,0,0,0,0,0,1,0
2093,IDsfDebugServicesFactory.java,a factory to create dsf services.,0,0,0,0,0,1,0,1,1
2096,IDsfDebugServicesFactory.java,@since 11,0,0,0,1,0,0,0,1,1
2100,IGDBTraceControl.java,the tracecontrol service provides access to the debugger tracing functionality.,0,0,0,0,0,1,0,1,0
2101,IGDBTraceControl.java,it is used to do such things as start and stop tracing.,0,0,0,0,1,0,0,1,0
2102,IGDBTraceControl.java,@since 30,0,0,0,1,0,0,0,1,1
2103,IGDBTraceControl.java,gdb specific part,1,0,0,0,0,0,0,1,0
2104,IGDBTraceControl.java,marker interface for a context on which trace operations can be performed,1,0,0,0,0,0,0,1,1
2105,IGDBTraceControl.java,gdb specific part,1,0,0,0,0,0,0,1,0
2106,IGDBTraceControl.java,specific trace record context.,1,0,0,0,0,0,0,1,1
2107,IGDBTraceControl.java,it describes tracing data.,1,0,0,0,0,0,0,1,0
2108,IGDBTraceControl.java,gdb specific part,1,0,0,0,0,0,0,1,1
2109,IGDBTraceControl.java,this is the model data interface that corresponds to itracerecorddmcontext.,1,0,0,0,0,0,0,1,0
2110,IGDBTraceControl.java,gdb specific part,1,0,0,0,0,0,0,1,1
2111,IGDBTraceControl.java,trace events,1,0,0,0,0,0,0,1,0
2112,IGDBTraceControl.java,gdb specific part @since 44,1,0,0,1,0,0,0,2,1
2127,IInclude.java,represents an include declaration in a c translation unit.,0,0,0,0,0,1,0,1,1
2128,IInclude.java,@noextend this interface is not intended to be extended by clients.,0,0,0,0,0,0,1,1,0
2129,IInclude.java,@noimplement this interface is not intended to be implemented by clients.,0,0,0,0,0,0,1,1,1
2136,IMacroEntry.java,@noextend this interface is not intended to be extended by clients.,0,0,0,0,0,0,1,1,0
2137,IMacroEntry.java,@noimplement this interface is not intended to be implemented by clients.,0,0,0,0,0,0,1,1,1
2140,IMIBackend.java,service for controlling the back end process.,0,0,0,0,0,1,0,1,0
2141,IMIBackend.java,@since 11,0,0,0,1,0,0,0,1,0
2142,IMIBackend.java,event indicating that the back end process has started or terminated.,1,0,0,0,0,0,0,1,1
2146,IMSASTDeclspecList.java,"represents a microsoft attribute specifier, introduced by declspec.",0,0,0,0,0,1,0,1,0
2147,IMSASTDeclspecList.java,@since 66,0,0,0,1,0,0,0,1,1
2148,IMSASTDeclspecList.java,@noextend this interface is not intended to be extended by clients.,0,0,0,0,0,0,1,1,0
2149,IMSASTDeclspecList.java,@noimplement this interface is not intended to be implemented by clients.,0,0,0,0,0,0,1,1,1
2154,INodeFactory.java,control flow graph node factory,0,0,0,0,0,1,0,1,0
2155,INodeFactory.java,@noextend this interface is not intended to be extended by clients.,0,0,0,0,0,0,1,1,1
2161,IPropertyChangeParticipant.java,p,0,0,0,0,0,0,1,1,0
2162,IPropertyChangeParticipant.java,clients may implement this interface.,0,0,0,0,0,0,1,1,1
2163,IPropertyChangeParticipant.java,p,0,0,0,0,0,0,1,1,0
2164,IPropertyChangeParticipant.java,@since 50,0,0,0,1,0,0,0,1,1
2172,IRefreshAllTarget.java,@since 11,0,0,0,1,0,0,0,1,0
2175,IRegisters2.java,service extension of iregisters to manage user defined register groups,0,0,0,0,0,1,0,1,1
2176,IRegisters2.java,@since 26,0,0,0,1,0,0,0,1,1
2179,IScannerInfoConsoleParser.java,parses a line of command output looking for scanner info entries.,0,0,0,0,0,1,0,1,1
2180,IScannerInfoConsoleParser.java,@author vhirsl,0,1,0,0,0,0,0,1,0
2185,ITestItem.java,@noextend this interface is not intended to be extended by clients.,0,0,0,0,0,0,1,1,0
2186,ITestItem.java,@noimplement this interface is not intended to be implemented by clients.,0,0,0,0,0,0,1,1,1
2187,ITestItem.java,represents status of the test item.,0,0,0,0,0,1,0,1,0
2195,IViewInMemory.java,provides the ability to view a variable in the memory view.,0,0,0,0,0,1,0,1,0
2196,IViewInMemory.java,@since 74,0,0,0,1,0,0,0,1,1
2199,LanguageSettingsProvidersSerializer.java,helper class handling serialization and notifications for language settings entries @link iclanguagesettingentry .,0,0,0,0,0,1,0,1,1
2200,LanguageSettingsProvidersSerializer.java,those are for readability of xml only,0,0,0,0,0,1,0,1,1
2201,LanguageSettingsProvidersSerializer.java,dummy class to represent ill defined provider.,0,0,0,0,0,1,0,1,1
2202,LanguageSettingsProvidersSerializer.java,those are for readability of xml only,0,0,0,0,0,1,0,1,1
2204,LanguageSettingsProvidersSerializer.java,those are for readability of xml only,0,0,0,0,0,1,0,1,0
2205,LanguageSettingsProvidersSerializer.java,wrapper for workspace providers to ensure level of indirection.,0,0,0,0,0,1,0,1,0
2209,LanguageSettingsProvidersSerializer.java,those are for readability of xml only,0,0,0,0,0,1,0,1,1
2210,LanguageSettingsProvidersSerializer.java,language settings change event implementation.,0,0,0,0,0,1,0,1,1
2219,MachOBinaryParserPage.java,@noextend this class is not intended to be subclassed by clients.,0,0,0,0,0,0,1,1,1
2221,ManageConfigRunner.java,@noextend this class is not intended to be subclassed by clients.,0,0,0,0,0,0,1,1,0
2223,MIAsyncErrorProcessor.java,in some cases gdb reports exec commands failure after the ^running event is fired.,0,0,0,0,1,0,0,1,0
2237,MIAsyncErrorProcessor.java,this class handles these type of situations by firing mierrorevent when such an error appears.,0,0,0,0,0,1,0,1,0
2238,MIAsyncErrorProcessor.java,@since 53,0,0,0,1,0,0,0,1,0
2246,MIBreakpointsSynchronizer.java,p,0,0,1,0,0,0,0,1,1
2247,MIBreakpointsSynchronizer.java,"bug 530377 prior to fixing 530377, events that arrived from gdb faster than",0,0,1,0,0,0,0,1,0
2248,MIBreakpointsSynchronizer.java,dsf eclipse fully processed them could cause the state within the,0,0,1,0,0,0,0,1,0
2249,MIBreakpointsSynchronizer.java,synchronizer and manager to become corrupt.,0,0,1,0,0,0,0,1,0
2250,MIBreakpointsSynchronizer.java,this would happen because it,0,0,1,0,0,0,0,1,0
2251,MIBreakpointsSynchronizer.java,"takes multiple dsf stages to complete handling 1 event, so the handling of",0,0,1,0,0,0,0,1,0
2252,MIBreakpointsSynchronizer.java,the next event would become intermingled.,0,0,1,0,0,0,0,1,0
2253,MIBreakpointsSynchronizer.java,that violated many assumptions in,0,0,1,0,0,0,0,1,0
2254,MIBreakpointsSynchronizer.java,the code that the code run in the respective requestmonitor would be on the,0,0,1,0,0,0,0,1,0
2255,MIBreakpointsSynchronizer.java,same state.,0,0,1,0,0,0,0,1,0
2256,MIBreakpointsSynchronizer.java,this is an unsuprising assumption based on the general idea of,0,0,1,0,0,0,0,1,0
2257,MIBreakpointsSynchronizer.java,dsf as not requiring the normal synchronization primitives as everything is,0,0,1,0,0,0,0,1,0
2258,MIBreakpointsSynchronizer.java,single threaded.,0,0,1,0,0,0,0,1,0
2259,MIBreakpointsSynchronizer.java,"to resolve this problem, there is some code",0,0,1,0,0,0,0,1,0
2260,MIBreakpointsSynchronizer.java,@link #queueevent breakpointevent that ensures each event is fully,0,0,1,0,0,0,0,1,0
2261,MIBreakpointsSynchronizer.java,processed before the next event starts processing.,0,0,1,0,0,0,0,1,0
2262,MIBreakpointsSynchronizer.java,@since 42,0,0,0,1,0,0,0,1,0
2263,MIBreakpointsSynchronizer.java,catchpoint expressions gdb tracepoint commands,1,0,0,0,0,0,0,1,0
2264,MIBreakpointsSynchronizer.java,class to store an event that needs to be performed by the synchronizer,1,0,0,0,0,0,0,1,0
2265,MIBreakpointsSynchronizer.java,@see mibreakpointssynchronizer class documentation for design comments,1,0,0,0,0,0,0,1,0
2287,MIDataListRegisterNames.java,data list register names regno,0,0,0,0,0,0,1,1,0
2288,MIDataListRegisterNames.java,show a list of register names for the current target.,0,0,0,0,0,1,0,1,0
2301,MIEnvironmentDirectory.java,environment directory r pathdir,0,0,0,0,0,0,1,1,0
2302,MIEnvironmentDirectory.java,add directory pathdir to beginning of search path for source files.,0,0,0,0,0,1,0,1,0
2303,MIEnvironmentDirectory.java,r will first reset the path to its default,0,0,0,0,0,0,1,1,0
2309,MIReverseDebugEnabler.java,@since 42,0,0,0,1,0,0,0,1,0
2313,MIStack.java,provide the data.,0,0,0,0,1,0,0,1,0
2314,MIStack.java,sub classes must supply the miarg object.,0,0,0,0,0,0,1,1,0
2315,MIStack.java,class to track stack depth and debug frames for our internal cache,1,0,0,0,0,0,0,1,0
2316,MIStack.java,"a map of threadid framescacheinfo, that can be cleared based on a context.",0,0,0,0,1,0,0,1,0
2317,MIStack.java,we use this cache for a few reasons,0,0,0,0,1,0,0,1,0
2318,MIStack.java,br,0,0,0,0,1,0,0,1,0
2319,MIStack.java,"first, two commands such as",0,0,0,0,1,0,0,1,0
2320,MIStack.java,pre,0,0,0,0,1,0,0,1,0
2321,MIStack.java,stack info depth 11,0,0,0,0,1,0,0,1,0
2322,MIStack.java,stack info depth 2,0,0,0,0,1,0,0,1,0
2323,MIStack.java,pre,0,0,0,0,1,0,0,1,0
2324,MIStack.java,would both be sent to gdb because the command cache sees them as different.,0,0,0,0,1,0,0,1,0
2325,MIStack.java,this cache allows us to know that if we already asked for a stack depth,0,0,0,0,1,0,0,1,0
2326,MIStack.java,we can potentially re use the answer.,0,0,0,0,1,0,0,1,0
2327,MIStack.java,br,0,0,0,0,1,0,0,1,0
2328,MIStack.java,the same concept is applicable for the stack list frames command with different limits.,0,0,0,0,1,0,0,1,0
2329,MIStack.java,"also, the stack depth can be deduced from the frames list, so we don t need to ask gdb for it again.",0,0,0,0,1,0,0,1,0
2330,MIStack.java,p,0,0,0,0,1,0,0,1,0
2331,MIStack.java,the second reason is that gdb is unreliable when it comes to returning frames.,0,0,0,0,1,0,0,1,0
2332,MIStack.java,the mi protocol only allows to reply,0,0,0,0,1,0,0,1,0
2333,MIStack.java,with data or with error.,0,0,0,0,1,0,0,1,0
2334,MIStack.java,"when gdb is unwinding sometimes it gets both, and while the console cli protocol has no",0,0,0,0,1,0,0,1,0
2335,MIStack.java,"problem with that, for mi, gdb replies randomly, sometimes with data, sometimes with error.",0,0,0,0,1,0,0,1,0
2336,MIStack.java,if we cache the valid data,0,0,0,0,1,0,0,1,0
2337,MIStack.java,it will eliminate the issue with invalid data on subsequent invocations.,0,0,0,0,1,0,0,1,0
2338,MIStack.java,we don t cache errors.,0,0,0,0,1,0,0,1,0
2339,MIStack.java,base class for the iframedmdata object that uses an miframe object to,0,0,0,0,1,0,0,1,0
2340,MIStack.java,provide the data.,0,0,0,0,1,0,0,1,0
2341,MIStack.java,sub classes must provide the miframe object,0,0,0,0,1,0,0,1,0
2372,MIThreadCreatedEvent.java,this can only be detected by gdb mi after gdb 68.,0,0,0,1,0,0,0,1,0
2374,MIThreadGroupAddedEvent.java,"thread group added,id i1",1,0,0,0,0,0,0,1,0
2375,MIThreadGroupAddedEvent.java,this can only be detected by gdb mi with gdb 72.,0,0,0,1,0,0,0,1,0
2376,MIThreadGroupAddedEvent.java,@since 51,0,0,0,1,0,0,0,1,0
2380,MultiCfgContributedEnvironment.java,@noextend this class is not intended to be subclassed by clients.,0,0,0,0,0,0,1,1,0
2382,MultiLaunchConfigurationTabGroup.java,tab group for launch group.,0,0,0,0,0,1,0,1,0
2383,MultiLaunchConfigurationTabGroup.java,"@deprecated see bug 517722, launch groups are now part of platform.",0,0,0,1,0,0,0,1,0
2386,PDOMDependencyGenerator.java,@author doug schaefer,0,1,0,0,0,0,0,1,0
2387,PDOMDependencyGenerator.java,@noextend this class is not intended to be subclassed by clients.,0,0,0,0,0,0,1,1,0
2388,PDOMDependencyGenerator.java,@noinstantiate this class is not intended to be instantiated by clients.,0,0,0,0,0,0,1,1,0
2392,PDOMMacroReferenceName.java,"represents declarations, definitions and references to bindings, except for macros.",0,0,0,0,0,1,0,1,0
2397,ProblemMarkerManager.java,visitors used to filter the element delta changes,1,0,0,0,0,0,0,1,0
2401,ProcessLauncher.java,this class implements external process launching for internal builder.,0,0,0,0,0,1,0,1,0
2405,ProcStatParser.java,@author marc dumais,0,1,0,0,0,0,0,1,0
2407,ProcStatParser.java,@see also http www^linuxhowtos.org system procstat^htm,0,0,1,0,0,0,0,1,0
2410,QtPDOMNameIndex.java,a data structure for storing lists of pdomnames that are indexed by a string key.,0,0,0,0,0,1,0,1,0
2411,QtPDOMNameIndex.java,"this is equivalent to the java type map string, list pdomname .",1,0,0,0,0,0,0,1,0
2414,RenameCSourceFolderChange.java,@author ee4 graf ifs,0,1,0,0,0,0,0,1,0
2424,ReturnCheckerTest.java,test for @see returncheckertest class,0,0,1,0,0,1,0,2,0
2431,RulerColumnDescriptor.java,instances can be obtained from a @link rulercolumnregistry .,0,0,1,0,0,0,1,2,0
2432,RulerColumnDescriptor.java,@since 72,0,0,0,1,0,0,0,1,0
2433,RulerColumnDescriptor.java,@noinstantiate this class is not intended to be instantiated by clients.,0,0,0,0,0,0,1,1,0
2440,SCDOptionsEnum.java,enumeration class for scanner configuration affecting command line options,0,0,0,0,0,1,0,1,0
2441,SCDOptionsEnum.java,@author vhirsl,0,1,0,0,0,0,0,1,0
2445,SourceLookupTest.java,tests that interaction with source lookups works as expected.,0,0,0,0,0,1,0,1,0
2446,SourceLookupTest.java,p,1,0,0,1,0,0,0,2,0
2450,SourceLookupTest.java,"located in the @link #build path directory, but it is now located in the",0,0,0,0,0,0,1,1,0
2451,SourceLookupTest.java,@link basetestcase#source path directory.,0,0,0,0,0,0,1,1,0
2452,SourceLookupTest.java,p,1,0,0,1,0,0,0,2,0
2453,SourceLookupTest.java,the wild card in sourcelookup ^exe can be one of the following to cover the,0,0,0,0,0,0,1,1,0
2454,SourceLookupTest.java,different effective types of source lookups that need to be done depending on,0,0,0,0,0,0,1,1,0
2455,SourceLookupTest.java,how the program was compiled.,0,0,0,0,0,0,1,1,0
2456,SourceLookupTest.java,each of these options produces different debug,0,0,0,0,0,0,1,1,0
2457,SourceLookupTest.java,information about where to find the source file.,0,0,0,0,0,0,1,1,0
2458,SourceLookupTest.java,see the makefile for more,0,0,1,0,0,0,1,2,0
2459,SourceLookupTest.java,information.,0,0,1,0,0,0,1,2,0
2460,SourceLookupTest.java,ul,0,0,0,0,0,0,1,1,0
2461,SourceLookupTest.java,li b ac b absolute and canonical path no .,0,0,0,0,0,0,1,1,0
2462,SourceLookupTest.java,.,0,0,0,0,0,0,1,1,0
2463,SourceLookupTest.java,in path passed to gcc,0,0,0,0,0,0,1,1,0
2464,SourceLookupTest.java,li,0,0,0,0,0,0,1,1,0
2466,SourceLookupTest.java,.,0,0,0,0,0,0,1,1,0
2467,SourceLookupTest.java,in path passed to gcc,0,0,0,0,0,0,1,1,0
2468,SourceLookupTest.java,li,0,0,0,0,0,0,1,1,0
2470,SourceLookupTest.java,.,0,0,0,0,0,0,1,1,0
2471,SourceLookupTest.java,in path passed to gcc,0,0,0,0,0,0,1,1,0
2472,SourceLookupTest.java,li,0,0,0,0,0,0,1,1,0
2474,SourceLookupTest.java,.,0,0,0,0,0,0,1,1,0
2475,SourceLookupTest.java,in path passed to gcc,0,0,0,0,0,0,1,1,0
2476,SourceLookupTest.java,li,0,0,0,0,0,0,1,1,0
2478,SourceLookupTest.java,ul,0,0,0,0,0,0,1,1,0
2479,SourceLookupTest.java,"in addition, there can also be a b dwarf2 b in the name.",0,0,0,1,0,0,0,1,0
2480,SourceLookupTest.java,that means it is,0,0,0,1,0,0,0,1,0
2481,SourceLookupTest.java,"designed to run with gdb 74, see comment in makefile for olddwarfflags.",0,0,0,1,0,0,0,1,0
2482,SourceLookupTest.java,p,1,0,0,1,0,0,0,2,0
2483,SourceLookupTest.java,the result of the variations on compilation arguments means that some of the,0,0,0,1,0,0,1,2,0
2484,SourceLookupTest.java,tests are parameterised.,0,0,0,1,0,0,0,1,0
2485,SourceLookupTest.java,p,1,0,0,1,0,0,0,2,0
2486,SourceLookupTest.java,some of the cdt source lookup features require newer versions of gdb than,0,0,0,1,0,0,0,1,0
2487,SourceLookupTest.java,"others, therefore the relevant tests use assumegdbversion methods to be",0,0,0,1,0,0,0,1,0
2488,SourceLookupTest.java,skipped when appropriate.,0,0,0,1,0,0,0,1,0
2531,SpellEvent.java,spell event fired for words detected by a spell check iterator.,0,0,0,0,0,1,0,1,0
2533,StandardCElementLabelProvider.java,celementlabelprovider that respects settings from the appearance preference page.,0,0,0,0,0,1,0,1,0
2534,StandardCElementLabelProvider.java,triggers a viewer update when a preference changes.,1,0,0,0,0,0,0,1,0
2535,StandardCElementLabelProvider.java,@deprecated use @link appearanceawarelabelprovider instead.,0,0,0,1,0,0,0,1,0
2539,StringDialogField.java,dialog field containing a label and a text control.,0,0,0,0,0,1,0,1,0
2544,ToggleDynamicPrintfAdapter.java,toggles a dynamic printf in a c c editor.,0,0,0,0,0,1,0,1,0
2545,ToggleDynamicPrintfAdapter.java,@since 75,0,0,0,1,0,0,0,1,0
2548,TracepointActionsPropertyPage.java,property page for tracepoint actions,0,0,0,0,0,1,0,1,0
2549,TracepointActionsPropertyPage.java,@since 21,0,0,0,1,0,0,0,1,0
2552,TracingConsole.java,a console that is used to print traces.,0,0,0,0,0,1,0,1,0
2553,TracingConsole.java,the console is attached to a launch.,0,0,0,0,0,1,0,1,0
2558,TracingConsole.java,@since 21,0,0,0,1,0,0,0,1,0
2559,TracingConsole.java,this class was moved from package org^eclipse.cdt^dsf.gdb^internal.ui^tracing,0,0,0,1,0,0,0,1,0
2579,TriggerCellModifier.java,cell modifier used to edit the trigger value.,0,0,0,0,0,1,0,1,0
2581,TypedCDTViewerFilter.java,see org^eclipse.cdt^internal.ui^dialogs.typedviewerfilter,0,0,1,0,0,0,0,1,1
2582,TypedCDTViewerFilter.java,@noextend this class is not intended to be subclassed by clients.,0,0,0,0,0,0,1,1,0
2585,UncallCommandHandler.java,command handler to trigger an uncall operation,0,0,0,0,0,1,0,1,0
2586,UncallCommandHandler.java,@since 70,0,0,0,1,0,0,0,1,0
2589,UPCKeyword.java,enumeration of keywords that upc adds to c99.,0,0,0,0,0,1,0,1,0
2590,UPCKeyword.java,@author mike kucera,0,1,0,0,0,0,0,1,0
2593,UPCLanguage.java,"implementation of the ilanguage extension point, adds upc as a language to cdt.",0,0,0,0,0,1,0,1,1
2594,UPCLanguage.java,@author mike kucera,0,1,0,0,0,0,0,1,0
2597,VMHasChildrenUpdate.java,helper class implementation of the @link ihaschildrenupdate update object.,0,0,0,0,0,1,0,1,0
2598,VMHasChildrenUpdate.java,@see vmviewerupdate,0,0,1,0,0,0,0,1,0
2599,VMHasChildrenUpdate.java,@since 10,0,0,0,1,0,0,0,1,1
2603,WhiteSpaceOptions.java,manage code formatter white space options on a higher level.,0,0,0,0,0,1,0,1,1
2604,WhiteSpaceOptions.java,preview snippets.,0,0,0,0,0,0,1,1,0
2605,WhiteSpaceOptions.java,"private void createbeforeellipsis map workingvalues, innernode parent createoption parent, workingvalues, formattermessages^whitespaceoptions vararg parameter, defaultcodeformatterconstants^formatter insert space before ellipsis, vararg parameter preview private void createafterellipsis map workingvalues, innernode parent createoption parent, workingvalues, formattermessages^whitespaceoptions vararg parameter, defaultcodeformatterconstants^formatter insert space after ellipsis, vararg parameter preview syntax element tree private innernode createreturntree map workingvalues, innernode parent final innernode root new innernode parent, workingvalues, formattermessages^whitespaceoptions return createoption root, workingvalues, formattermessages^whitespacetabpage before parenthesized expressions, defaultcodeformatterconstants^formatter insert space before parenthesized expression in return, return preview return root private innernode createthrowtree map workingvalues, innernode parent final innernode root new innernode parent, workingvalues, formattermessages^whitespaceoptions throw createoption root, workingvalues, formattermessages^whitespacetabpage before parenthesized expressions, defaultcodeformatterconstants^formatter insert space before parenthesized expression in throw, throw preview return root",0,0,0,0,0,0,1,1,0
2606,WhiteSpaceOptions.java,represents a node in the options tree.,0,0,0,0,0,0,1,1,1
2607,WhiteSpaceOptions.java,preview snippets.,0,0,0,0,0,0,1,1,0
2608,WhiteSpaceOptions.java,"private void createbeforeellipsis map workingvalues, innernode parent createoption parent, workingvalues, formattermessages^whitespaceoptions vararg parameter, defaultcodeformatterconstants^formatter insert space before ellipsis, vararg parameter preview private void createafterellipsis map workingvalues, innernode parent createoption parent, workingvalues, formattermessages^whitespaceoptions vararg parameter, defaultcodeformatterconstants^formatter insert space after ellipsis, vararg parameter preview syntax element tree private innernode createreturntree map workingvalues, innernode parent final innernode root new innernode parent, workingvalues, formattermessages^whitespaceoptions return createoption root, workingvalues, formattermessages^whitespacetabpage before parenthesized expressions, defaultcodeformatterconstants^formatter insert space before parenthesized expression in return, return preview return root private innernode createthrowtree map workingvalues, innernode parent final innernode root new innernode parent, workingvalues, formattermessages^whitespaceoptions throw createoption root, workingvalues, formattermessages^whitespacetabpage before parenthesized expressions, defaultcodeformatterconstants^formatter insert space before parenthesized expression in throw, throw preview return root",0,0,0,0,0,0,1,1,0
2609,WhiteSpaceOptions.java,a node representing a group of options in the tree.,0,0,0,0,0,0,1,1,0
2610,WhiteSpaceOptions.java,preview snippets.,0,0,0,0,0,0,1,1,0
2611,WhiteSpaceOptions.java,"private void createbeforeellipsis map workingvalues, innernode parent createoption parent, workingvalues, formattermessages^whitespaceoptions vararg parameter, defaultcodeformatterconstants^formatter insert space before ellipsis, vararg parameter preview private void createafterellipsis map workingvalues, innernode parent createoption parent, workingvalues, formattermessages^whitespaceoptions vararg parameter, defaultcodeformatterconstants^formatter insert space after ellipsis, vararg parameter preview syntax element tree private innernode createreturntree map workingvalues, innernode parent final innernode root new innernode parent, workingvalues, formattermessages^whitespaceoptions return createoption root, workingvalues, formattermessages^whitespacetabpage before parenthesized expressions, defaultcodeformatterconstants^formatter insert space before parenthesized expression in return, return preview return root private innernode createthrowtree map workingvalues, innernode parent final innernode root new innernode parent, workingvalues, formattermessages^whitespaceoptions throw createoption root, workingvalues, formattermessages^whitespacetabpage before parenthesized expressions, defaultcodeformatterconstants^formatter insert space before parenthesized expression in throw, throw preview return root",0,0,0,0,0,0,1,1,0
2612,WhiteSpaceOptions.java,a node representing a concrete white space option in the tree.,0,0,0,0,0,0,1,1,1
2623,WordIgnoreProposal.java,proposal to ignore the word during the current editing session.,0,0,0,0,0,1,0,1,0
2625,WorkingCopyTests.java,contains unit test cases for working copies.,0,0,0,0,0,1,0,1,0
2630,AbstractCollectionTester.java,base class for collection testers.,0,0,0,0,0,1,0,1,0
2631,AbstractCollectionTester.java,@param e the element type of the collection to be tested.,0,0,0,0,0,0,1,1,0
2632,AbstractCollectionTester.java,@author kevin bourrillion,0,1,0,0,0,0,0,1,0
2636,AbstractListeningExecutorService.java,abstract @link listeningexecutorservice implementation that creates @link listenablefuture,0,0,0,0,0,1,0,1,0
2637,AbstractListeningExecutorService.java,instances for each @link runnable and @link callable submitted to it.,0,0,0,0,0,1,0,1,0
2638,AbstractListeningExecutorService.java,these tasks are run,1,0,0,0,0,0,0,1,0
2639,AbstractListeningExecutorService.java,with the abstract @link #execute execute runnable method.,1,0,0,0,0,0,0,1,0
2640,AbstractListeningExecutorService.java,"p in addition to @link #execute , subclasses must implement all methods related to shutdown and",0,0,0,0,0,0,1,1,0
2641,AbstractListeningExecutorService.java,termination.,0,0,0,0,0,0,1,1,0
2642,AbstractListeningExecutorService.java,@author chris povirk,0,1,0,0,0,0,0,1,0
2643,AbstractListeningExecutorService.java,@since 140,0,0,0,1,0,0,0,1,0
2652,AbstractLoadingCache.java,this class provides a skeletal implementation of the @code cache interface to minimize the,0,0,0,0,1,1,0,2,0
2653,AbstractLoadingCache.java,effort required to implement this interface.,0,0,0,0,1,0,0,1,0
2654,AbstractLoadingCache.java,"p to implement a cache, the programmer needs only to extend this class and provide an",0,0,0,0,0,0,1,1,0
2656,AbstractLoadingCache.java,@link,0,0,0,0,0,0,1,1,0
2662,AbstractLoadingCache.java,all other methods throw,0,0,0,0,0,0,1,1,0
2664,AbstractLoadingCache.java,@author charles fry,0,1,0,0,0,0,0,1,0
2665,AbstractLoadingCache.java,@since 110,0,0,0,1,0,0,0,1,0
2681,AbstractMultimap.java,"a skeleton @code multimap implementation, not necessarily in terms of a @code map .",0,0,0,0,0,1,0,1,0
2682,AbstractMultimap.java,@author louis wasserman,0,1,0,0,0,0,0,1,0
2685,AbstractMultimapTester.java,superclass for all @code multimap testers.,0,0,0,0,0,1,0,1,0
2686,AbstractMultimapTester.java,@author louis wasserman,0,1,0,0,0,0,0,1,0
2689,AbstractSortedKeySortedSetMultimap.java,basic implementation of a @link sortedsetmultimap with a sorted key set.,0,0,0,0,0,1,0,1,0
2690,AbstractSortedKeySortedSetMultimap.java,p this superclass allows @code treemultimap to override methods to return navigable set and,0,0,0,0,1,0,0,1,0
2691,AbstractSortedKeySortedSetMultimap.java,"map types in non gwt only, while gwt code will inherit the sortedmap sortedset overrides.",0,0,0,0,1,0,0,1,0
2692,AbstractSortedKeySortedSetMultimap.java,@author louis wasserman,0,1,0,0,0,0,0,1,0
2697,ArbitraryInstances.java,"supplies an arbitrary default instance for a wide range of types, often useful in testing",0,0,0,0,0,1,0,1,0
2698,ArbitraryInstances.java,utilities.,0,0,0,0,0,1,0,1,0
2699,ArbitraryInstances.java,"p covers arrays, enums and common types defined in @code java^lang , @code java^lang.reflect ,",1,0,0,0,0,0,0,1,0
2700,ArbitraryInstances.java,"@code java^io , @code java^nio , @code java^math , @code java^util , @code",1,0,0,0,0,0,0,1,0
2701,ArbitraryInstances.java,"java^util.concurrent , @code java^util.regex , @code com^google.common^base , @code",1,0,0,0,0,0,0,1,0
2702,ArbitraryInstances.java,com^google.common^collect and @code com^google.common^primitives .,1,0,0,0,0,0,0,1,0
2703,ArbitraryInstances.java,"in addition, if the type",1,0,0,0,0,0,0,1,0
2704,ArbitraryInstances.java,"exposes at least one public static final constant of the same type, one of the constants will be",1,0,0,0,0,0,0,1,0
2705,ArbitraryInstances.java,used or if the class exposes a public parameter less constructor then it will be new d and,1,0,0,0,0,0,0,1,0
2706,ArbitraryInstances.java,returned.,1,0,0,0,0,0,0,1,0
2707,ArbitraryInstances.java,p all default instances returned by @link #get are generics safe.,0,0,1,0,0,0,1,2,0
2708,ArbitraryInstances.java,clients won t get type,0,0,0,0,0,0,1,1,0
2709,ArbitraryInstances.java,"errors for using @code get comparator^class as a @code comparator foo , for example.",0,0,0,0,0,0,1,1,0
2710,ArbitraryInstances.java,immutable empty instances are returned for collection types @code for string @code 0 for,0,0,0,0,0,0,1,1,0
2711,ArbitraryInstances.java,number types reasonable default instance for other stateless types.,0,0,0,0,0,0,1,1,0
2712,ArbitraryInstances.java,"for mutable types, a fresh",0,0,0,0,0,0,1,1,0
2713,ArbitraryInstances.java,instance is created each time @code get is called.,0,0,0,0,0,0,1,1,0
2714,ArbitraryInstances.java,@author kevin bourrillion,0,1,0,0,0,0,0,1,0
2715,ArbitraryInstances.java,@author ben yu,0,1,0,0,0,0,0,1,0
2716,ArbitraryInstances.java,@since 120,0,0,0,1,0,0,0,1,0
2746,ArrayListMultimapGwtSerializationDependencies.java,a dummy superclass to support gwt serialization of the element types of an @link,0,0,0,0,0,1,0,1,0
2747,ArrayListMultimapGwtSerializationDependencies.java,arraylistmultimap .,0,0,0,0,0,1,0,1,0
2748,ArrayListMultimapGwtSerializationDependencies.java,the gwt supersource for this class contains a field for each type.,1,0,0,0,0,0,0,1,0
2749,ArrayListMultimapGwtSerializationDependencies.java,"p for details about this hack, see @link gwtserializationdependencies , which takes the same",0,0,1,0,0,0,0,1,0
2750,ArrayListMultimapGwtSerializationDependencies.java,approach but with a subclass rather than a superclass.,0,0,1,0,0,0,0,1,0
2757,AtomicDoubleArrayTest.java,source,0,0,1,0,0,0,0,1,0
2758,AtomicDoubleArrayTest.java,http gee^cs.oswego^edu cgi bin viewcvs^cgi jsr166 src test tck jsr166e atomicdoublearraytest^java?revision 113,0,0,1,0,0,0,0,1,0
2759,AtomicDoubleArrayTest.java,modified to adapt to guava coding conventions,0,0,1,0,0,0,0,1,0
2760,AtomicDoubleArrayTest.java,unit test for @link atomicdoublearray .,0,0,0,0,0,1,0,1,0
2765,BaseEncodingBenchmark.java,benchmark for @code baseencoding performance.,0,0,0,0,0,1,0,1,0
2767,BloomFilter.java,a bloom filter for instances of @code t .,0,0,0,0,0,1,0,1,0
2768,BloomFilter.java,a bloom filter offers an approximate containment test,0,0,0,0,0,1,0,1,0
2769,BloomFilter.java,"with one sided error if it claims that an element is contained in it, this might be in error,",0,0,0,0,0,1,0,1,0
2770,BloomFilter.java,"but if it claims that an element is i not i contained in it, then this is definitely true.",0,0,0,0,0,1,0,1,0
2771,BloomFilter.java,"p if you are unfamiliar with bloom filters, this nice a",0,0,1,0,0,0,0,1,0
2772,BloomFilter.java,href http llimllib^github.com bloomfilter tutorial tutorial a may help you understand how,0,0,1,0,0,0,0,1,0
2773,BloomFilter.java,they work.,0,0,1,0,0,0,0,1,0
2774,BloomFilter.java,p the false positive probability @code fpp of a bloom filter is defined as the probability,1,0,1,0,0,0,0,2,0
2775,BloomFilter.java,that @linkplain #mightcontain object will erroneously return @code true for an object that,1,0,1,0,0,0,0,2,0
2776,BloomFilter.java,has not actually been put in the @code bloomfilter .,1,0,1,0,0,0,0,2,0
2777,BloomFilter.java,p bloom filters are serializable.,1,0,1,0,0,0,0,2,0
2778,BloomFilter.java,they also support a more compact serial representation via the,1,0,1,0,0,0,0,2,0
2779,BloomFilter.java,@link #writeto and @link #readfrom methods.,1,0,1,0,0,0,0,2,0
2780,BloomFilter.java,both serialized forms will continue to be,1,0,0,0,0,0,0,1,0
2781,BloomFilter.java,supported by future versions of this library.,1,0,0,0,0,0,0,1,0
2782,BloomFilter.java,"however, serial forms generated by newer versions",1,0,0,1,0,0,0,2,0
2783,BloomFilter.java,"of the code may not be readable by older versions of the code eg, a serialized bloom filter",1,0,0,1,0,0,0,2,0
2784,BloomFilter.java,generated today may i not i be readable by a binary that was compiled 6 months ago .,1,0,0,1,0,0,0,2,0
2785,BloomFilter.java,"p as of guava 230, this class is thread safe and lock free.",0,0,0,1,0,0,0,1,0
2786,BloomFilter.java,it internally uses atomics and,0,0,0,1,0,0,0,1,0
2787,BloomFilter.java,compare and swap to ensure correctness when multiple threads are used to access it.,0,0,0,1,0,0,0,1,0
2788,BloomFilter.java,@param t the type of instances that the @code bloomfilter accepts,0,0,0,0,0,0,1,1,0
2789,BloomFilter.java,@author dimitris andreou,0,1,0,0,0,0,0,1,0
2790,BloomFilter.java,@author kevin bourrillion,0,1,0,0,0,0,0,1,0
2791,BloomFilter.java,@since 110 thread safe since 230,0,0,0,1,0,0,0,1,0
2792,BloomFilter.java,"cheat sheet m total bits n expected insertions b m n, bits per insertion p expected false positive probability 1 optimal k b ln2 2 p 1 e ^ kn m ^k 3 for optimal k p 2 ^ k 06185^b 4 for optimal k m nlnp ln2 ^ 2",0,0,0,0,0,0,1,1,0
2793,BloomFilter.java,"a strategy to translate t instances, to @code numhashfunctions bit indexes.",0,0,0,0,0,0,1,1,0
2794,BloomFilter.java,p implementations should be collections of pure functions ie stateless .,0,0,0,0,0,0,1,1,0
2832,CacheBuilder.java,a builder of @link loadingcache and @link cache instances having any combination of the,1,0,0,0,0,1,1,3,0
2833,CacheBuilder.java,following features,1,0,0,0,0,0,0,1,0
2834,CacheBuilder.java,ul,1,0,0,0,0,0,0,1,0
2835,CacheBuilder.java,li automatic loading of entries into the cache,1,0,0,0,0,0,0,1,0
2836,CacheBuilder.java,li least recently used eviction when a maximum size is exceeded,1,0,0,0,0,0,0,1,0
2837,CacheBuilder.java,"li time based expiration of entries, measured since last access or last write",1,0,0,0,0,0,0,1,0
2838,CacheBuilder.java,li keys automatically wrapped in @linkplain weakreference weak references,1,0,0,0,0,0,0,1,0
2839,CacheBuilder.java,li values automatically wrapped in @linkplain weakreference weak or @linkplain,1,0,0,0,0,0,0,1,0
2840,CacheBuilder.java,softreference soft references,1,0,0,0,0,0,0,1,0
2841,CacheBuilder.java,li notification of evicted or otherwise removed entries,1,0,0,0,0,0,0,1,0
2843,CacheBuilder.java,ul,1,0,0,0,0,0,0,1,0
2844,CacheBuilder.java,p these features are all optional caches can be created using all or none of them.,0,0,0,0,0,0,1,1,0
2845,CacheBuilder.java,by default,1,0,0,0,0,0,1,2,0
2846,CacheBuilder.java,cache instances created by @code cachebuilder will not perform any type of eviction.,0,0,0,0,0,0,1,1,0
2847,CacheBuilder.java,p usage example,0,0,0,0,0,0,1,1,0
2848,CacheBuilder.java,pre @code,0,0,0,0,0,0,1,1,0
2849,CacheBuilder.java,"loadingcache key, graph graphs cachebuilder^newbuilder",0,0,0,0,0,0,1,1,0
2850,CacheBuilder.java,maximumsize 10000,0,0,0,0,0,0,1,1,0
2851,CacheBuilder.java,expireafterwrite duration^ofminutes 10,0,0,0,0,0,0,1,1,0
2852,CacheBuilder.java,removallistener my listener,0,0,0,0,0,0,1,1,0
2853,CacheBuilder.java,build,0,0,0,0,0,0,1,1,0
2854,CacheBuilder.java,"new cacheloader key, graph",0,0,0,0,0,0,1,1,0
2855,CacheBuilder.java,public graph load key key throws anyexception,0,0,0,0,0,0,1,1,0
2856,CacheBuilder.java,return createexpensivegraph key,0,0,0,0,0,0,1,1,0
2857,CacheBuilder.java,pre,0,0,0,0,0,0,1,1,0
2858,CacheBuilder.java,"p or equivalently,",0,0,0,0,0,0,1,1,0
2859,CacheBuilder.java,pre @code,0,0,0,0,0,0,1,1,0
2860,CacheBuilder.java,in real life this would come from a command line flag or config file,1,0,0,0,0,0,1,2,0
2863,CacheBuilder.java,removallistener my listener,0,0,0,0,0,0,1,1,0
2864,CacheBuilder.java,build,0,0,0,0,0,0,1,1,0
2865,CacheBuilder.java,"new cacheloader key, graph",0,0,0,0,0,0,1,1,0
2866,CacheBuilder.java,public graph load key key throws anyexception,0,0,0,0,0,0,1,1,0
2867,CacheBuilder.java,return createexpensivegraph key,0,0,0,0,0,0,1,1,0
2868,CacheBuilder.java,pre,0,0,0,0,0,0,1,1,0
2869,CacheBuilder.java,p the returned cache is implemented as a hash table with similar performance characteristics to,0,0,0,0,0,0,1,1,0
2870,CacheBuilder.java,@link concurrenthashmap .,0,0,0,0,0,0,1,1,0
2871,CacheBuilder.java,it implements all optional operations of the @link loadingcache and,0,0,0,0,0,0,1,1,0
2872,CacheBuilder.java,@link cache interfaces.,0,0,0,0,0,0,1,1,0
2873,CacheBuilder.java,the @code asmap view and its collection views have i weakly,0,0,0,0,0,0,1,1,0
2874,CacheBuilder.java,consistent iterators i .,0,0,0,0,0,0,1,1,0
2875,CacheBuilder.java,"this means that they are safe for concurrent use, but if other threads",0,0,0,0,0,0,1,1,0
2876,CacheBuilder.java,"modify the cache after the iterator is created, it is undefined which of these changes, if any,",0,0,0,0,0,0,1,1,0
2877,CacheBuilder.java,are reflected in that iterator.,0,0,0,0,0,0,1,1,0
2878,CacheBuilder.java,these iterators never throw @link,0,0,1,0,0,0,1,2,0
2879,CacheBuilder.java,concurrentmodificationexception .,0,0,1,0,0,0,1,2,0
2880,CacheBuilder.java,"p b note b by default, the returned cache uses equality comparisons the @link",1,0,0,0,0,0,0,1,0
2881,CacheBuilder.java,object#equals equals method to determine equality for keys or values.,0,0,0,0,0,0,1,1,0
2882,CacheBuilder.java,"however, if @link",0,0,0,0,0,0,1,1,0
2883,CacheBuilder.java,"#weakkeys was specified, the cache uses identity @code comparisons instead for keys.",0,0,0,0,0,0,1,1,0
2884,CacheBuilder.java,"likewise, if @link #weakvalues or @link #softvalues was specified, the cache uses identity",0,0,0,0,0,0,1,1,0
2885,CacheBuilder.java,comparisons for values.,0,0,0,0,0,0,1,1,0
2886,CacheBuilder.java,p entries are automatically evicted from the cache when any of @linkplain #maximumsize long,1,0,0,0,0,0,1,2,0
2887,CacheBuilder.java,"maximumsize , @linkplain #maximumweight long maximumweight , @linkplain #expireafterwrite",1,0,0,0,0,0,1,2,0
2888,CacheBuilder.java,"expireafterwrite , @linkplain #expireafteraccess expireafteraccess , @linkplain #weakkeys",1,0,0,0,0,0,1,2,0
2889,CacheBuilder.java,"weakkeys , @linkplain #weakvalues weakvalues , or @linkplain #softvalues softvalues are",1,0,0,0,0,0,1,2,0
2890,CacheBuilder.java,requested.,1,0,0,0,0,0,1,2,0
2891,CacheBuilder.java,p if @linkplain #maximumsize long maximumsize or @linkplain #maximumweight long,0,0,0,0,0,0,1,1,0
2892,CacheBuilder.java,maximumweight is requested entries may be evicted on each cache modification.,0,0,0,0,0,0,1,1,0
2893,CacheBuilder.java,p if @linkplain #expireafterwrite expireafterwrite or @linkplain #expireafteraccess,0,0,0,0,0,0,1,1,0
2894,CacheBuilder.java,"expireafteraccess is requested entries may be evicted on each cache modification, on occasional",0,0,0,0,0,0,1,1,0
2895,CacheBuilder.java,"cache accesses, or on calls to @link cache#cleanup .",0,0,0,0,0,0,1,1,0
2896,CacheBuilder.java,expired entries may be counted by @link,0,0,0,0,0,0,1,1,0
2897,CacheBuilder.java,"cache#size , but will never be visible to read or write operations.",0,0,0,0,0,0,1,1,0
2898,CacheBuilder.java,"p if @linkplain #weakkeys weakkeys , @linkplain #weakvalues weakvalues , or @linkplain",0,0,0,0,0,0,1,1,0
2900,CacheBuilder.java,be reclaimed by the garbage collector.,0,0,0,0,0,0,1,1,0
2901,CacheBuilder.java,entries with reclaimed keys or values may be removed from,0,0,0,0,0,0,1,1,0
2902,CacheBuilder.java,"the cache on each cache modification, on occasional cache accesses, or on calls to @link",0,0,0,0,0,0,1,1,0
2903,CacheBuilder.java,"cache#cleanup such entries may be counted in @link cache#size , but will never be visible to",0,0,0,0,0,0,1,1,0
2904,CacheBuilder.java,read or write operations.,0,0,0,0,0,0,1,1,0
2905,CacheBuilder.java,p certain cache configurations will result in the accrual of periodic maintenance tasks which,1,0,0,0,0,0,1,2,0
2906,CacheBuilder.java,"will be performed during write operations, or during occasional read operations in the absence of",0,0,0,0,0,0,1,1,0
2907,CacheBuilder.java,writes.,0,0,0,0,0,0,1,1,0
2908,CacheBuilder.java,"the @link cache#cleanup method of the returned cache will also perform maintenance, but",0,0,0,0,0,0,1,1,0
2909,CacheBuilder.java,calling it should not be necessary with a high throughput cache.,1,0,0,0,0,0,1,2,0
2910,CacheBuilder.java,only caches built with,0,0,0,0,0,0,1,1,0
2911,CacheBuilder.java,"@linkplain #removallistener removallistener , @linkplain #expireafterwrite expireafterwrite ,",0,0,0,0,0,0,1,1,0
2912,CacheBuilder.java,"@linkplain #expireafteraccess expireafteraccess , @linkplain #weakkeys weakkeys , @linkplain",0,0,0,0,0,0,1,1,0
2913,CacheBuilder.java,"#weakvalues weakvalues , or @linkplain #softvalues softvalues perform periodic maintenance.",0,0,0,0,0,0,1,1,0
2915,CacheBuilder.java,retain all the configuration properties of the original cache.,0,0,0,0,0,0,1,1,0
2916,CacheBuilder.java,note that the serialized form does,0,0,0,0,0,0,1,1,0
2917,CacheBuilder.java,"i not i include cache contents, but only configuration.",0,0,0,0,0,0,1,1,0
2918,CacheBuilder.java,p see the guava user guide article on a,0,0,1,0,0,0,0,1,0
2919,CacheBuilder.java,href https github^com google guava wiki cachesexplained caching a for a higher level,0,0,1,0,0,0,0,1,0
2920,CacheBuilder.java,explanation.,0,0,1,0,0,0,0,1,0
2922,CacheBuilder.java,this is,0,0,0,0,0,0,1,1,0
2923,CacheBuilder.java,normally @code object unless it is constrained by using a method like @code,0,0,0,0,0,0,1,1,0
2924,CacheBuilder.java,#removallistener,0,0,0,0,0,0,1,1,0
2926,CacheBuilder.java,this is,0,0,0,0,0,0,1,1,0
2927,CacheBuilder.java,normally @code object unless it is constrained by using a method like @code,0,0,0,0,0,0,1,1,0
2928,CacheBuilder.java,#removallistener,0,0,0,0,0,0,1,1,0
2929,CacheBuilder.java,@author charles fry,0,1,0,0,0,0,0,1,0
2930,CacheBuilder.java,@author kevin bourrillion,0,1,0,0,0,0,0,1,0
2931,CacheBuilder.java,@since 100,0,0,0,1,0,0,0,1,0
3040,CacheLoaderTest.java,unit tests for @link cacheloader .,0,0,0,0,0,1,0,1,0
3041,CacheLoaderTest.java,@author charles fry,0,1,0,0,0,0,0,1,0
3044,CacheManualTest.java,@author charles fry,0,1,0,0,0,0,0,1,0
3046,ClassToInstanceMap.java,"a map, each entry of which maps a java a href http tinyurl^com 2cmwkz raw type a to an",0,0,0,0,0,1,0,1,0
3047,ClassToInstanceMap.java,instance of that type.,0,0,0,0,0,1,0,1,0
3048,ClassToInstanceMap.java,"in addition to implementing @code map , the additional type safe",0,0,0,0,0,1,0,1,0
3049,ClassToInstanceMap.java,operations @link #putinstance and @link #getinstance are available.,0,0,0,0,0,1,0,1,0
3050,ClassToInstanceMap.java,"p like any other @code map class, object , this map may contain entries for primitive types,",1,0,0,0,0,0,0,1,0
3051,ClassToInstanceMap.java,and a primitive type and its corresponding wrapper type may map to different values.,1,0,0,0,0,0,0,1,0
3052,ClassToInstanceMap.java,p see the guava user guide article on a href,0,0,1,0,0,0,0,1,0
3053,ClassToInstanceMap.java,https github^com google guava wiki newcollectiontypesexplained#classtoinstancemap @code,0,0,1,0,0,0,0,1,0
3054,ClassToInstanceMap.java,classtoinstancemap a .,0,0,1,0,0,0,0,1,0
3055,ClassToInstanceMap.java,"p to map a generic type to an instance of that type, use @link",0,0,0,0,0,0,1,1,0
3056,ClassToInstanceMap.java,com^google.common^reflect.typetoinstancemap instead.,0,0,0,0,0,0,1,1,0
3057,ClassToInstanceMap.java,@param b the common supertype that all entries must share often this is simply @link object,0,0,0,0,0,0,1,1,0
3058,ClassToInstanceMap.java,@author kevin bourrillion,0,1,0,0,0,0,0,1,0
3059,ClassToInstanceMap.java,@since 20,0,0,0,1,0,0,0,1,0
3074,CloseablesTest.java,unit tests for @link closeables .,0,0,0,0,0,1,0,1,0
3075,CloseablesTest.java,"p checks proper closing behavior, and ensures that ioexceptions on closeable^close are not",1,0,0,0,0,0,0,1,1
3076,CloseablesTest.java,propagated out from the @link closeables#close method if @code swallowexception is true.,1,0,0,0,0,0,0,1,0
3077,CloseablesTest.java,@author michael lancaster,0,1,0,0,0,0,0,1,1
3082,CollectionTestSuiteBuilder.java,concrete instantiation of @link abstractcollectiontestsuitebuilder for testing collections that,0,0,1,0,0,1,0,2,0
3083,CollectionTestSuiteBuilder.java,do not have a more specific tester like @link listtestsuitebuilder or @link,0,0,1,0,0,1,0,2,1
3084,CollectionTestSuiteBuilder.java,settestsuitebuilder .,0,0,1,0,0,1,0,2,0
3085,CollectionTestSuiteBuilder.java,@author chris povirk,0,1,0,0,0,0,0,1,1
3086,CollectionTestSuiteBuilder.java,@author louis wasserman,0,1,0,0,0,0,0,1,0
3095,ConflictingRequirementsException.java,thrown when requirements on a tester method or class conflict with each other.,0,0,0,0,0,1,0,1,1
3096,ConflictingRequirementsException.java,@author george van den driessche,0,1,0,0,0,0,0,1,1
3099,CountingOutputStream.java,an outputstream that counts the number of bytes written.,0,0,0,0,0,1,0,1,0
3100,CountingOutputStream.java,@author chris nokleberg,0,1,0,0,0,0,0,1,1
3101,CountingOutputStream.java,@since 10,0,0,0,1,0,0,0,1,0
3105,DescendingMultiset.java,a skeleton implementation of a descending multiset.,0,0,0,0,0,1,0,1,1
3106,DescendingMultiset.java,only needs @code forwardmultiset and,0,0,1,0,0,0,0,1,0
3107,DescendingMultiset.java,@code entryiterator .,0,0,1,0,0,0,0,1,0
3108,DescendingMultiset.java,@author louis wasserman,0,1,0,0,0,0,0,1,0
3113,EqualsTester.java,tester for equals and hashcode methods of a class.,0,0,0,0,0,1,0,1,0
3114,EqualsTester.java,p the simplest use case is,0,0,0,0,0,0,1,1,1
3115,EqualsTester.java,pre,0,0,0,0,0,0,1,1,0
3117,EqualsTester.java,pre,0,0,0,0,0,0,1,1,1
3118,EqualsTester.java,"p this tests @code foo^equals foo , @code foo^equals null , and a few other operations.",0,0,0,0,1,0,1,2,0
3119,EqualsTester.java,"p for more extensive testing, add multiple equality groups.",0,0,0,0,1,0,1,2,1
3120,EqualsTester.java,each group should contain objects,0,0,0,0,1,0,1,2,0
3121,EqualsTester.java,that are equal to each other but unequal to the objects in any other group.,0,0,0,0,0,0,1,1,0
3122,EqualsTester.java,for example,0,0,0,0,0,0,1,1,1
3123,EqualsTester.java,pre,0,0,0,0,0,0,1,1,0
3124,EqualsTester.java,new equalstester,0,0,0,0,0,0,1,1,1
3125,EqualsTester.java,"addequalitygroup new user page , new user page",0,0,0,0,0,0,1,1,0
3126,EqualsTester.java,addequalitygroup new user sergey,0,0,0,0,0,0,1,1,1
3127,EqualsTester.java,testequals,0,0,0,0,0,0,1,1,0
3128,EqualsTester.java,pre,0,0,0,0,0,0,1,1,1
3129,EqualsTester.java,p this tests,0,0,0,0,1,0,0,1,0
3130,EqualsTester.java,ul,0,0,0,0,1,0,0,1,0
3131,EqualsTester.java,li comparing each object against itself returns true,0,0,0,0,1,0,0,1,0
3133,EqualsTester.java,li comparing each object against an instance of an incompatible class returns false,0,0,0,0,1,0,0,1,1
3134,EqualsTester.java,li comparing each pair of objects within the same equality group returns true,0,0,0,0,1,0,0,1,0
3135,EqualsTester.java,li comparing each pair of objects from different equality groups returns false,0,0,0,0,1,0,0,1,0
3136,EqualsTester.java,li the hash codes of any two equal objects are equal,0,0,0,0,1,0,0,1,0
3137,EqualsTester.java,ul,0,0,0,0,1,0,0,1,1
3140,EqualsTester.java,ul,0,0,0,0,1,0,0,1,0
3146,EqualsTester.java,ul,0,0,0,0,1,0,0,1,1
3147,EqualsTester.java,@author jim mcmaster,0,1,0,0,0,0,0,1,0
3148,EqualsTester.java,@author jige yu,0,1,0,0,0,0,0,1,1
3149,EqualsTester.java,@since 100,0,0,0,1,0,0,0,1,0
3150,EqualsTester.java,class used to test whether equals correctly handles an instance of an incompatible class.,0,0,0,0,0,0,1,1,0
3151,EqualsTester.java,"since it is a private inner class, the invoker can never pass in an instance to the tester",0,0,0,0,0,0,1,1,1
3182,FeatureSpecificTestSuiteBuilder.java,"creates, based on your criteria, a junit test suite that exhaustively tests the object generated",0,0,0,0,0,1,0,1,0
3183,FeatureSpecificTestSuiteBuilder.java,"by a g, selecting appropriate tests by matching them against specified features.",1,0,0,0,0,1,0,2,0
3184,FeatureSpecificTestSuiteBuilder.java,@param b the concrete type of this builder the self type .,0,0,0,0,0,0,1,1,1
3185,FeatureSpecificTestSuiteBuilder.java,all the builder methods of this,0,0,0,0,0,0,1,1,0
3186,FeatureSpecificTestSuiteBuilder.java,"class such as @link #named return this type, so that builder methods of more derived",0,0,0,0,0,0,1,1,1
3188,FeatureSpecificTestSuiteBuilder.java,@param g the type of the generator to be passed to testers in the generated test suite.,0,0,0,0,0,0,1,1,0
3189,FeatureSpecificTestSuiteBuilder.java,an,0,0,0,0,0,0,1,1,1
3191,FeatureSpecificTestSuiteBuilder.java,information required to parameterize the test.,0,0,0,0,0,0,1,1,0
3192,FeatureSpecificTestSuiteBuilder.java,@author george van den driessche,0,1,0,0,0,0,1,2,0
3205,ForwardingBlockingDequeTest.java,test for @link forwardingblockingdeque,0,0,0,0,0,1,0,1,0
3206,ForwardingBlockingDequeTest.java,@author emily soldal,0,1,0,0,0,0,0,1,1
3209,ForwardingImmutableSet.java,gwt implementation of @link immutableset that forwards to another @code set implementation.,0,0,1,0,0,1,0,2,1
3210,ForwardingImmutableSet.java,@author hayward chan,0,1,0,0,0,0,0,1,1
3214,ForwardingQueueTest.java,tests for @code forwardingqueue .,0,0,0,0,0,1,0,1,1
3215,ForwardingQueueTest.java,@author robert konigsberg,0,1,0,0,0,0,0,1,1
3216,ForwardingQueueTest.java,@author louis wasserman,0,1,0,0,0,0,0,1,0
3220,GwtTestSuite.java,runs all gwt tests.,0,0,0,0,0,1,0,1,0
3221,GwtTestSuite.java,grouping them into a suite is much faster than running each as a one test,0,0,0,0,1,0,0,1,1
3222,GwtTestSuite.java,"suite, as the per suite setup is expensive.",0,0,0,0,1,0,0,1,0
3226,HashFunctionEnum.java,an enum that contains all of the known hash functions.,0,0,0,0,0,1,0,1,0
3227,HashFunctionEnum.java,@author kurt alfred kluever,0,1,0,0,0,0,0,1,0
3230,HostAndPort.java,an immutable representation of a host and port.,0,0,0,0,0,1,1,2,0
3231,HostAndPort.java,p example usage,0,0,0,0,0,0,1,1,0
3232,HostAndPort.java,pre,0,0,0,0,0,0,1,1,1
3233,HostAndPort.java,hostandport hp hostandport^fromstring 2001 db8 1,0,0,0,0,0,0,1,1,0
3235,HostAndPort.java,requirebracketsforipv6,0,0,0,0,0,0,1,1,1
3236,HostAndPort.java,hp^gethost returns 2001 db8 1,0,0,0,0,0,0,1,1,0
3237,HostAndPort.java,hp^getport returns 80,0,0,0,0,0,0,1,1,1
3238,HostAndPort.java,hp^tostring returns 2001 db8 1 80,0,0,0,0,0,0,1,1,0
3239,HostAndPort.java,pre,0,0,0,0,0,0,1,1,1
3240,HostAndPort.java,p here are some examples of recognized formats,0,0,0,0,0,0,1,1,0
3241,HostAndPort.java,ul,0,0,0,0,0,0,1,1,1
3242,HostAndPort.java,li example^com,0,0,0,0,0,0,1,1,0
3244,HostAndPort.java,li 1920.21,0,0,0,0,0,0,1,1,1
3246,HostAndPort.java,li 2001 db8 1 @link #gethost omits brackets,0,0,0,0,0,0,1,1,0
3247,HostAndPort.java,li 2001 db8 1 80 @link #gethost omits brackets,0,0,0,0,0,0,1,1,1
3248,HostAndPort.java,li 2001 db8 1 use @link #requirebracketsforipv6 to prohibit this,0,0,0,0,0,0,1,1,0
3249,HostAndPort.java,ul,0,0,0,0,0,0,1,1,1
3250,HostAndPort.java,"p note that this is not an exhaustive list, because these methods are only concerned with",0,0,0,0,0,0,1,1,0
3251,HostAndPort.java,"brackets, colons, and port numbers.",0,0,0,0,0,0,1,1,1
3253,HostAndPort.java,caller s responsibility.,0,0,0,0,0,0,1,1,0
3254,HostAndPort.java,@author paul marks,0,1,0,0,0,0,1,2,1
3255,HostAndPort.java,@since 100,0,0,0,1,0,0,0,1,0
3282,ImmutableSetHashFloodingDetectionBenchmark.java,benchmark of implementations of @link immutableset#hashfloodingdetected object .,0,0,1,0,0,1,0,2,0
3285,ImmutableTable_CustomFieldSerializerBase.java,this class contains static utility methods for writing @link immutabletable gwt field,0,0,0,0,0,1,0,1,1
3286,ImmutableTable_CustomFieldSerializerBase.java,serializers.,0,0,0,0,0,1,0,1,0
3287,ImmutableTable_CustomFieldSerializerBase.java,serializers should delegate to @link #serialize and @link #instantiate .,0,0,0,0,0,0,1,1,1
3288,ImmutableTable_CustomFieldSerializerBase.java,@author chris povirk,0,1,0,0,0,0,0,1,0
3293,LazyStackTraceBenchmark.java,quick and dirty benchmark of @link throwables#lazystacktrace throwable .,0,0,1,0,0,1,0,2,1
3294,LazyStackTraceBenchmark.java,we benchmark a caller,0,0,0,0,1,0,0,1,0
3295,LazyStackTraceBenchmark.java,finder implementation that might be used in a logging framework.,0,0,0,0,1,0,0,1,0
3300,LongMathBenchmark.java,benchmarks for the non rounding methods of @code longmath .,0,0,0,0,0,1,0,1,0
3301,LongMathBenchmark.java,@author louis wasserman,0,1,0,0,0,0,0,1,1
3304,MapPutAllTester.java,a generic junit test which tests @code putall operations on a map.,0,0,0,0,0,1,0,1,0
3306,MapPutAllTester.java,please see @link com^google.common^collect.testing^maptestsuitebuilder .,0,0,1,0,0,0,0,1,0
3307,MapPutAllTester.java,@author chris povirk,0,1,0,0,0,0,0,1,0
3308,MapPutAllTester.java,@author kevin bourrillion,0,1,0,0,0,0,0,1,1
3313,MapSerializationTester.java,basic serialization test for maps.,0,0,0,0,0,1,0,1,0
3314,MapSerializationTester.java,@author louis wasserman,0,1,0,0,0,0,0,1,1
3317,MultimapBuilder.java,a builder for a multimap implementation that allows customization of the backing map and value,0,0,0,0,0,1,0,1,0
3318,MultimapBuilder.java,collection implementations used in a particular multimap.,0,0,0,0,0,1,0,1,1
3319,MultimapBuilder.java,p this can be used to easily configure multimap data structure implementations not provided,1,0,0,0,0,0,1,2,0
3320,MultimapBuilder.java,"explicitly in @code com^google.common^collect , for example",1,0,0,0,0,0,1,2,1
3321,MultimapBuilder.java,pre @code,0,0,0,0,0,0,1,1,0
3322,MultimapBuilder.java,"listmultimap string, integer treelistmultimap",0,0,0,0,0,0,1,1,1
3323,MultimapBuilder.java,multimapbuilder^treekeys ^arraylistvalues ^build,0,0,0,0,0,0,1,1,0
3324,MultimapBuilder.java,"setmultimap integer, myenum hashenummultimap",0,0,0,0,0,0,1,1,1
3325,MultimapBuilder.java,multimapbuilder^hashkeys ^enumsetvalues myenum^class ^build,0,0,0,0,0,0,1,1,0
3326,MultimapBuilder.java,pre,0,0,0,0,0,0,1,1,1
3327,MultimapBuilder.java,p @code multimapbuilder instances are immutable.,0,0,0,0,0,0,1,1,0
3328,MultimapBuilder.java,invoking a configuration method has no effect,0,0,0,0,0,0,1,1,1
3329,MultimapBuilder.java,on the receiving instance you must store and use the new builder instance it returns instead.,0,0,0,0,0,0,1,1,0
3330,MultimapBuilder.java,"p the generated multimaps are serializable if the key and value types are serializable, unless",0,0,0,0,0,0,1,1,1
3331,MultimapBuilder.java,stated otherwise in one of the configuration methods.,0,0,0,0,0,0,1,1,0
3332,MultimapBuilder.java,@author louis wasserman,0,1,0,0,0,0,0,1,1
3333,MultimapBuilder.java,@param k0 an upper bound on the key type of the generated multimap.,0,0,0,0,0,0,1,1,0
3334,MultimapBuilder.java,@param v0 an upper bound on the value type of the generated multimap.,0,0,0,0,0,0,1,1,1
3335,MultimapBuilder.java,@since 160,0,0,0,1,0,0,1,2,0
3336,MultimapBuilder.java,leaving k and v as upper bounds rather than the actual key and value types allows type,0,0,0,0,0,0,1,1,1
3337,MultimapBuilder.java,parameters to be left implicit more often.,0,0,0,0,0,0,1,1,0
3338,MultimapBuilder.java,cachebuilder uses the same technique.,0,0,0,0,0,0,1,1,1
3339,MultimapBuilder.java,an intermediate stage in a @link multimapbuilder in which the key value collection map,0,0,0,0,0,0,1,1,0
3340,MultimapBuilder.java,"implementation has been specified, but the value collection implementation has not.",0,0,0,0,0,0,1,1,1
3341,MultimapBuilder.java,@param k0 the upper bound on the key type of the generated multimap.,0,0,0,0,0,0,1,1,0
3342,MultimapBuilder.java,@since 160,0,0,0,1,0,0,1,2,1
3343,MultimapBuilder.java,leaving k and v as upper bounds rather than the actual key and value types allows type,0,0,0,0,0,0,1,1,0
3344,MultimapBuilder.java,parameters to be left implicit more often.,0,0,0,0,0,0,1,1,1
3345,MultimapBuilder.java,cachebuilder uses the same technique.,0,0,0,0,0,0,1,1,0
3346,MultimapBuilder.java,a specialization of @link multimapbuilder that generates @link listmultimap instances.,0,0,0,0,0,0,1,1,1
3347,MultimapBuilder.java,@since 160,0,0,0,1,0,0,1,2,0
3348,MultimapBuilder.java,leaving k and v as upper bounds rather than the actual key and value types allows type,0,0,0,0,0,0,1,1,1
3349,MultimapBuilder.java,parameters to be left implicit more often.,0,0,0,0,0,0,1,1,0
3350,MultimapBuilder.java,cachebuilder uses the same technique.,0,0,0,0,0,0,1,1,1
3352,MultimapBuilder.java,@since 160,0,0,0,1,0,0,1,2,0
3353,MultimapBuilder.java,leaving k and v as upper bounds rather than the actual key and value types allows type,0,0,0,0,0,0,1,1,1
3354,MultimapBuilder.java,parameters to be left implicit more often.,0,0,0,0,0,0,1,1,0
3355,MultimapBuilder.java,cachebuilder uses the same technique.,0,0,0,0,0,0,1,1,1
3357,MultimapBuilder.java,@since 160,0,0,0,1,0,0,1,2,0
3390,MultimapBuilderTest.java,tests for @link multimapbuilder .,0,0,0,0,0,1,0,1,0
3391,MultimapBuilderTest.java,@author louis wasserman,0,1,0,0,0,0,0,1,0
3394,NullsLastOrdering_CustomFieldSerializer.java,this class implements the gwt serialization of @link nullslastordering .,0,0,0,0,0,1,0,1,1
3395,NullsLastOrdering_CustomFieldSerializer.java,@author chris povirk,0,1,0,0,0,0,0,1,0
3398,ObjectCountHashMap.java,objectcounthashmap is an implementation of @code abstractobjectcountmap that uses arrays to,0,0,0,0,0,1,0,1,0
3399,ObjectCountHashMap.java,store key objects and count values.,0,0,0,0,0,1,0,1,0
3400,ObjectCountHashMap.java,comparing to using a traditional @code hashmap,0,0,0,0,1,0,0,1,1
3401,ObjectCountHashMap.java,"implementation which stores keys and count values as map entries, @code objectcounthashmap",0,0,0,0,1,0,0,1,0
3402,ObjectCountHashMap.java,minimizes object allocation and reduces memory footprint.,0,0,0,0,1,0,0,1,0
3403,ObjectCountHashMap.java,"p in the absence of element deletions, this will iterate over elements in insertion order.",0,0,0,0,0,0,1,1,1
3410,PeekingIterator.java,an iterator that supports a one element lookahead while iterating.,0,0,0,0,0,1,0,1,0
3411,PeekingIterator.java,p see the guava user guide article on a href,0,0,1,0,0,0,0,1,1
3412,PeekingIterator.java,https github^com google guava wiki collectionhelpersexplained#peekingiterator @code,0,0,1,0,0,0,0,1,0
3413,PeekingIterator.java,peekingiterator a .,0,0,1,0,0,0,0,1,1
3414,PeekingIterator.java,@author mick killianey,0,1,0,0,0,0,0,1,0
3415,PeekingIterator.java,@since 20,0,1,0,0,0,0,0,1,1
3422,Preconditions.java,static convenience methods that help a method or constructor check whether it was invoked,0,0,0,0,0,1,0,1,0
3423,Preconditions.java,"correctly that is, whether its i preconditions i were met .",1,0,0,0,0,1,1,3,1
3424,Preconditions.java,"p if the precondition is not met, the @code preconditions method throws an unchecked exception",0,0,0,0,0,0,1,1,0
3425,Preconditions.java,"of a specified type, which helps the method in which the exception was thrown communicate that",1,0,0,0,0,0,0,1,1
3426,Preconditions.java,its caller has made a mistake.,1,0,0,0,0,0,0,1,0
3427,Preconditions.java,this allows constructs such as,1,0,0,0,0,0,1,2,1
3428,Preconditions.java,pre @code,0,0,0,0,0,0,1,1,0
3429,Preconditions.java,public static double sqrt double value,1,0,0,0,0,0,1,2,1
3430,Preconditions.java,if value 0,1,0,0,0,0,0,1,2,0
3431,Preconditions.java,throw new illegalargumentexception input is negative value,1,0,0,0,0,0,1,2,1
3432,Preconditions.java,calculate square root,1,0,0,0,0,0,1,2,0
3433,Preconditions.java,pre,1,0,0,0,0,0,1,2,1
3434,Preconditions.java,p to be replaced with the more compact,0,0,0,0,0,0,1,1,0
3435,Preconditions.java,pre @code,0,0,0,0,0,0,1,1,1
3436,Preconditions.java,public static double sqrt double value,1,0,0,0,0,0,1,2,0
3437,Preconditions.java,"checkargument value 0, input is negative %s , value",0,0,0,0,0,0,1,1,1
3438,Preconditions.java,calculate square root,1,0,0,0,0,0,1,2,0
3439,Preconditions.java,pre,1,0,0,0,0,0,1,2,1
3440,Preconditions.java,"p so that a hypothetical bad caller of this method, such as",0,0,0,0,0,0,1,1,0
3441,Preconditions.java,pre @code,0,0,0,0,0,0,1,1,1
3442,Preconditions.java,void examplebadcaller,0,0,0,0,0,0,1,1,0
3443,Preconditions.java,double d sqrt 10,0,0,0,0,0,0,1,1,1
3444,Preconditions.java,pre,1,0,0,0,0,0,1,2,0
3445,Preconditions.java,p would be flagged as having called @code sqrt with an illegal argument.,0,0,0,0,0,0,1,1,1
3446,Preconditions.java,h3 performance h3,0,0,0,0,0,0,1,1,0
3447,Preconditions.java,p avoid passing message arguments that are expensive to compute your code will always compute,0,0,0,0,0,0,1,1,1
3448,Preconditions.java,"them, even though they usually won t be needed.",0,0,0,0,0,0,1,1,0
3449,Preconditions.java,"if you have such arguments, use the conventional",0,0,0,0,0,0,1,1,1
3450,Preconditions.java,if throw idiom instead.,0,0,0,0,0,0,1,1,0
3451,Preconditions.java,"p depending on your message arguments, memory may be allocated for boxing and varargs array",0,0,0,0,0,0,1,1,1
3452,Preconditions.java,creation.,0,0,0,0,0,0,1,1,0
3453,Preconditions.java,"however, the methods of this class have a large number of overloads that prevent such",1,0,0,0,0,0,0,1,1
3454,Preconditions.java,allocations in many common cases.,0,0,0,0,0,0,1,1,0
3455,Preconditions.java,"p the message string is not formatted unless the exception will be thrown, so the cost of the",0,0,0,0,0,0,1,1,1
3456,Preconditions.java,string formatting itself should not be a concern.,0,0,0,0,0,0,1,1,0
3457,Preconditions.java,"p as with any performance concerns, you should consider profiling your code in a production",0,0,0,0,0,0,1,1,1
3458,Preconditions.java,environment if possible before spending a lot of effort on tweaking a particular element.,0,0,0,0,0,0,1,1,0
3459,Preconditions.java,h3 other types of preconditions h3,1,0,0,0,0,0,0,1,1
3460,Preconditions.java,p not every type of precondition failure is supported by these methods.,1,0,0,0,0,0,0,1,0
3461,Preconditions.java,continue to throw,0,0,0,0,0,0,1,1,1
3462,Preconditions.java,standard jdk exceptions such as @link java^util.nosuchelementexception or @link,0,0,0,0,0,0,1,1,0
3463,Preconditions.java,unsupportedoperationexception in the situations they are intended for.,0,0,0,0,0,0,1,1,1
3464,Preconditions.java,h3 non preconditions h3,1,0,0,0,0,0,0,1,0
3465,Preconditions.java,p it is of course possible to use the methods of this class to check for invalid conditions,0,0,0,0,0,0,1,1,1
3466,Preconditions.java,which are i not the caller s fault i .,0,0,0,0,0,0,1,1,0
3467,Preconditions.java,doing so is b not recommended b because it is,0,0,0,0,0,0,1,1,1
3468,Preconditions.java,misleading to future readers of the code and of stack traces.,0,0,0,0,0,0,1,1,0
3469,Preconditions.java,see a,0,0,1,0,0,0,1,2,1
3470,Preconditions.java,href https github^com google guava wiki conditionalfailuresexplained conditional failures,0,0,1,0,0,0,1,2,0
3471,Preconditions.java,explained a in the guava user guide for more advice.,0,0,1,0,0,0,1,2,1
3472,Preconditions.java,"notably, @link verify offers assertions",0,0,1,0,0,0,1,2,0
3473,Preconditions.java,similar to those in this class for non precondition checks.,1,0,1,0,0,0,0,2,1
3474,Preconditions.java,h3 @code java^util.objects^requirenonnull h3,0,0,0,0,0,0,1,1,0
3475,Preconditions.java,p projects which use @code com^google.common should generally avoid the use of @link,0,0,0,0,0,0,1,1,1
3476,Preconditions.java,java^util.objects#requirenonnull object .,0,0,0,0,0,0,1,1,0
3477,Preconditions.java,"instead, use whichever of @link",0,0,0,0,0,0,1,1,1
3478,Preconditions.java,#checknotnull object or @link verify#verifynotnull object is appropriate to the situation.,0,0,0,0,0,0,1,1,0
3479,Preconditions.java,the same goes for the message accepting overloads.,0,0,0,0,0,0,1,1,1
3480,Preconditions.java,h3 only @code %s is supported h3,0,0,0,0,0,0,1,1,0
3481,Preconditions.java,p @code preconditions uses @link strings#lenientformat to format error message template,1,0,0,0,0,0,0,1,1
3482,Preconditions.java,strings.,0,0,0,0,0,0,1,1,0
3483,Preconditions.java,"this only supports the @code %s specifier, not the full range of @link",0,0,0,0,0,0,1,1,1
3484,Preconditions.java,java^util.formatter specifiers.,0,0,0,0,0,0,1,1,0
3485,Preconditions.java,"however, note that if the number of arguments does not match the",0,0,0,0,0,0,1,1,1
3486,Preconditions.java,"number of occurrences of @code %s in the format string, @code preconditions will still",1,0,0,0,0,0,0,1,0
3487,Preconditions.java,"behave as expected, and will still include all argument values in the error message the message",0,0,0,0,0,0,1,1,1
3488,Preconditions.java,will simply not be formatted exactly as intended.,0,0,0,0,0,0,1,1,0
3489,Preconditions.java,h3 more information h3,0,0,1,0,0,0,0,1,1
3490,Preconditions.java,p see the guava user guide on a,0,0,1,0,0,0,0,1,0
3491,Preconditions.java,href https github^com google guava wiki preconditionsexplained using @code,1,0,1,0,0,0,1,3,1
3492,Preconditions.java,preconditions a .,1,0,1,0,0,0,1,3,0
3493,Preconditions.java,@author kevin bourrillion,0,1,0,0,0,0,0,1,0
3494,Preconditions.java,@since 20,0,0,0,1,0,0,0,1,0
3580,RegularImmutableList_CustomFieldSerializer.java,this class implements the gwt serialization of @link regularimmutablelist .,0,0,1,0,0,1,0,2,0
3581,RegularImmutableList_CustomFieldSerializer.java,@author hayward chan,0,1,0,0,0,0,0,1,0
3585,ReserializingTestCollectionGenerator.java,reserializes the sets created by another test set generator.,0,0,0,0,0,1,0,1,0
3587,ReserializingTestCollectionGenerator.java,@author jesse wilson,0,1,0,0,0,0,0,1,0
3590,Resources.java,provides utility methods for working with resources in the classpath.,0,0,0,0,0,1,0,1,0
3594,Resources.java,p all method parameters must be non null unless documented otherwise.,0,0,0,0,0,0,1,1,1
3595,Resources.java,@author chris nokleberg,0,1,0,0,0,0,0,1,0
3596,Resources.java,@author ben yu,0,1,0,0,0,0,0,1,1
3597,Resources.java,@author colin decker,0,1,0,0,0,0,0,1,1
3598,Resources.java,@since 10,0,0,0,1,0,0,0,1,0
3599,Resources.java,a byte source that reads from a url using @link url#openstream .,1,0,0,0,0,0,0,1,1
3607,SmoothRateLimiter.java,"how is the ratelimiter designed, and why?",0,0,0,0,0,0,1,1,0
3608,SmoothRateLimiter.java,"the primary feature of a ratelimiter is its stable rate , the maximum rate that is should",0,0,0,0,0,1,1,2,1
3609,SmoothRateLimiter.java,allow at normal conditions.,0,0,0,0,0,1,0,1,0
3610,SmoothRateLimiter.java,"this is enforced by throttling incoming requests as needed, ie",0,0,0,0,0,1,0,1,1
3611,SmoothRateLimiter.java,"compute, for an incoming request, the appropriate throttle time, and make the calling thread",0,0,0,0,0,1,1,2,0
3612,SmoothRateLimiter.java,wait as much.,0,0,0,0,0,1,0,1,1
3613,SmoothRateLimiter.java,the simplest way to maintain a rate of qps is to keep the timestamp of the last granted,1,0,0,0,0,0,1,2,0
3614,SmoothRateLimiter.java,"request, and ensure that 1 qps seconds have elapsed since then.",1,0,0,0,0,0,1,2,1
3615,SmoothRateLimiter.java,"for example, for a rate of",1,0,0,0,0,0,0,1,0
3616,SmoothRateLimiter.java,"qps 5 5 tokens per second , if we ensure that a request isn t granted earlier than 200ms after",1,0,0,0,0,0,0,1,1
3617,SmoothRateLimiter.java,"the last one, then we achieve the intended rate.",1,0,0,0,0,0,1,2,0
3618,SmoothRateLimiter.java,if a request comes and the last request was,1,0,0,0,0,0,1,2,1
3619,SmoothRateLimiter.java,"granted only 100ms ago, then we wait for another 100ms.",1,0,0,0,0,0,1,2,0
3620,SmoothRateLimiter.java,"at this rate, serving 15 fresh permits",1,0,0,0,0,0,0,1,1
3621,SmoothRateLimiter.java,ie for an acquire 15 request naturally takes 3 seconds.,1,0,0,0,0,0,0,1,0
3622,SmoothRateLimiter.java,it is important to realize that such a ratelimiter has a very superficial memory of the past,1,0,0,0,1,0,1,3,1
3623,SmoothRateLimiter.java,it only remembers the last request.,1,0,0,0,1,0,1,3,0
3624,SmoothRateLimiter.java,what if the ratelimiter was unused for a long period of,1,0,0,0,1,0,1,3,1
3625,SmoothRateLimiter.java,"time, then a request arrived and was immediately granted?",1,0,0,0,1,0,1,3,0
3626,SmoothRateLimiter.java,this ratelimiter would immediately,1,0,0,0,1,0,0,2,1
3627,SmoothRateLimiter.java,forget about that past underutilization.,1,0,0,0,1,0,1,3,0
3628,SmoothRateLimiter.java,this may result in either underutilization or,1,0,0,0,1,0,1,3,1
3629,SmoothRateLimiter.java,"overflow, depending on the real world consequences of not using the expected rate.",1,0,0,0,1,0,1,3,0
3630,SmoothRateLimiter.java,past underutilization could mean that excess resources are available.,1,0,0,0,0,0,0,1,1
3631,SmoothRateLimiter.java,"then, the ratelimiter",1,0,0,0,0,0,1,2,0
3632,SmoothRateLimiter.java,"should speed up for a while, to take advantage of these resources.",1,0,0,0,0,0,1,2,1
3633,SmoothRateLimiter.java,this is important when the,1,0,0,0,0,0,1,2,0
3634,SmoothRateLimiter.java,"rate is applied to networking limiting bandwidth , where past underutilization typically",1,0,0,0,0,0,1,2,1
3635,SmoothRateLimiter.java,"translates to almost empty buffers , which can be filled immediately.",1,0,0,0,0,0,0,1,0
3636,SmoothRateLimiter.java,"on the other hand, past underutilization could mean that the server responsible for handling",1,0,0,0,0,0,1,2,1
3637,SmoothRateLimiter.java,"the request has become less ready for future requests , ie its caches become stale, and",1,0,0,0,0,0,1,2,0
3638,SmoothRateLimiter.java,requests become more likely to trigger expensive operations a more extreme case of this,1,0,0,0,0,0,0,1,1
3639,SmoothRateLimiter.java,"example is when a server has just booted, and it is mostly busy with getting itself up to",1,0,0,0,0,0,0,1,0
3640,SmoothRateLimiter.java,speed .,1,0,0,0,0,0,0,1,1
3641,SmoothRateLimiter.java,"to deal with such scenarios, we add an extra dimension, that of past underutilization ,",1,0,0,0,0,0,0,1,0
3642,SmoothRateLimiter.java,modeled by storedpermits variable.,1,0,0,0,0,0,1,2,1
3643,SmoothRateLimiter.java,"this variable is zero when there is no underutilization,",1,0,0,0,0,0,1,2,0
3644,SmoothRateLimiter.java,"and it can grow up to maxstoredpermits, for sufficiently large underutilization.",1,0,0,0,0,0,0,1,1
3645,SmoothRateLimiter.java,"so, the",1,0,0,0,0,0,1,2,0
3646,SmoothRateLimiter.java,"requested permits, by an invocation acquire permits , are served from",1,0,0,0,0,0,0,1,1
3647,SmoothRateLimiter.java,stored permits if available,1,0,0,0,0,0,0,1,0
3648,SmoothRateLimiter.java,fresh permits for any remaining permits,1,0,0,0,0,0,0,1,1
3649,SmoothRateLimiter.java,how this works is best explained with an example,0,0,0,0,0,0,1,1,0
3650,SmoothRateLimiter.java,"for a ratelimiter that produces 1 token per second, every second that goes by with the",0,0,0,0,0,0,1,1,0
3651,SmoothRateLimiter.java,"ratelimiter being unused, we increase storedpermits by 1.",0,0,0,0,0,0,1,1,0
3652,SmoothRateLimiter.java,say we leave the ratelimiter unused,0,0,0,0,0,0,1,1,0
3653,SmoothRateLimiter.java,"for 10 seconds ie, we expected a request at time x, but we are at time x 10 seconds before",0,0,0,0,0,0,1,1,0
3654,SmoothRateLimiter.java,"a request actually arrives this is also related to the point made in the last paragraph , thus",0,0,0,0,0,0,1,1,0
3655,SmoothRateLimiter.java,storedpermits becomes 100 assuming maxstoredpermits 100 .,0,0,0,0,0,0,1,1,0
3656,SmoothRateLimiter.java,"at that point, a request of",0,0,0,0,0,0,1,1,0
3657,SmoothRateLimiter.java,acquire 3 arrives.,0,0,0,0,0,0,1,1,0
3658,SmoothRateLimiter.java,"we serve this request out of storedpermits, and reduce that to 70 how",0,0,0,0,0,0,1,1,0
3659,SmoothRateLimiter.java,this is translated to throttling time is discussed later .,0,0,0,0,0,0,1,1,0
3660,SmoothRateLimiter.java,"immediately after, assume that an",0,0,0,0,0,0,1,1,0
3661,SmoothRateLimiter.java,acquire 10 request arriving.,0,0,0,0,0,0,1,1,0
3662,SmoothRateLimiter.java,"we serve the request partly from storedpermits, using all the",0,0,0,0,0,0,1,1,0
3663,SmoothRateLimiter.java,"remaining 70 permits, and the remaining 30, we serve them by fresh permits produced by the",0,0,0,0,0,0,1,1,0
3664,SmoothRateLimiter.java,rate limiter.,0,0,0,0,0,0,1,1,0
3665,SmoothRateLimiter.java,we already know how much time it takes to serve 3 fresh permits if the rate is,0,0,0,0,0,0,1,1,0
3666,SmoothRateLimiter.java,"1 token per second , then this will take 3 seconds.",0,0,0,0,0,0,1,1,0
3667,SmoothRateLimiter.java,but what does it mean to serve 7 stored,0,0,0,0,0,0,1,1,0
3668,SmoothRateLimiter.java,permits?,0,0,0,0,0,0,1,1,0
3669,SmoothRateLimiter.java,"as explained above, there is no unique answer.",0,0,0,0,0,0,1,1,0
3670,SmoothRateLimiter.java,if we are primarily interested to deal,0,0,0,0,0,0,1,1,0
3671,SmoothRateLimiter.java,"with underutilization, then we want stored permits to be given out faster than fresh ones,",0,0,0,0,0,0,1,1,0
3672,SmoothRateLimiter.java,because underutilization free resources for the taking.,0,0,0,0,0,0,1,1,0
3673,SmoothRateLimiter.java,if we are primarily interested to,0,0,0,0,0,0,1,1,0
3674,SmoothRateLimiter.java,"deal with overflow, then stored permits could be given out slower than fresh ones.",0,0,0,0,0,0,1,1,0
3675,SmoothRateLimiter.java,"thus, we",0,0,0,0,0,0,1,1,0
3676,SmoothRateLimiter.java,require a different in each case function that translates storedpermits to throttling time.,0,0,0,0,0,0,1,1,0
3677,SmoothRateLimiter.java,"this role is played by storedpermitstowaittime double storedpermits, double permitstotake .",1,0,0,0,0,0,1,2,0
3678,SmoothRateLimiter.java,the,0,0,0,0,0,0,1,1,0
3679,SmoothRateLimiter.java,underlying model is a continuous function mapping storedpermits from 00 to maxstoredpermits,0,0,0,0,0,0,1,1,0
3681,SmoothRateLimiter.java,storedpermits,0,0,0,0,0,0,1,1,0
3682,SmoothRateLimiter.java,essentially measure unused time we spend unused time buying storing permits.,0,0,0,0,0,0,1,1,0
3683,SmoothRateLimiter.java,rate is,0,0,0,0,0,0,1,1,0
3684,SmoothRateLimiter.java,"permits time , thus 1 rate time permits .",0,0,0,0,0,0,1,1,0
3685,SmoothRateLimiter.java,"thus, 1 rate time permits times",0,0,0,0,0,0,1,1,0
3688,SmoothRateLimiter.java,of requested permits.,0,0,0,0,0,0,1,1,0
3697,SmoothRateLimiter.java,this guarantees that we handle,0,0,0,0,0,0,1,1,0
3701,SmoothRateLimiter.java,integrals .,0,0,0,0,0,0,1,1,0
3704,SmoothRateLimiter.java,cost as fresh ones 1 qps is the cost for each .,0,0,0,0,0,0,1,1,0
3709,SmoothRateLimiter.java,underutilization.,0,0,0,0,0,0,1,1,0
3713,SmoothRateLimiter.java,"last, but not least consider a ratelimiter with rate of 1 permit per second, currently",0,0,0,0,0,0,1,1,0
3714,SmoothRateLimiter.java,"completely unused, and an expensive acquire 100 request comes.",0,0,0,0,0,0,1,1,0
3715,SmoothRateLimiter.java,it would be nonsensical to just,0,0,0,0,0,0,1,1,0
3717,SmoothRateLimiter.java,why wait without doing anything?,0,0,0,0,0,0,1,1,0
3718,SmoothRateLimiter.java,a much,0,0,0,0,0,0,1,1,0
3720,SmoothRateLimiter.java,"instead , and postpone subsequent requests as needed.",0,0,0,0,0,0,1,1,0
3722,SmoothRateLimiter.java,"task immediately, and postpone by 100 seconds future requests, thus we allow for work to get",0,0,0,0,0,0,1,1,0
3724,SmoothRateLimiter.java,this has important consequences it means that the ratelimiter doesn t remember the time of the,0,0,0,0,0,0,1,1,0
3725,SmoothRateLimiter.java,"last request, but it remembers the expected time of the next request.",0,0,0,0,0,0,1,1,0
3726,SmoothRateLimiter.java,this also enables,0,0,0,0,0,0,1,1,0
3727,SmoothRateLimiter.java,us to tell immediately see tryacquire timeout whether a particular timeout is enough to get,0,0,0,0,0,0,1,1,0
3728,SmoothRateLimiter.java,"us to the point of the next scheduling time, since we always maintain that.",0,0,0,0,0,0,1,1,0
3729,SmoothRateLimiter.java,and what we mean by,0,0,0,0,0,0,1,1,0
3730,SmoothRateLimiter.java,an unused ratelimiter is also defined by that notion when we observe that the,0,0,0,0,0,0,1,1,0
3731,SmoothRateLimiter.java,"expected arrival time of the next request is actually in the past, then the difference now",0,0,0,0,0,0,1,1,0
3732,SmoothRateLimiter.java,"past is the amount of time that the ratelimiter was formally unused, and it is that amount of",0,0,0,0,0,0,1,1,0
3733,SmoothRateLimiter.java,time which we translate to storedpermits.,0,0,0,0,0,0,1,1,0
3734,SmoothRateLimiter.java,we increase storedpermits with the amount of permits,0,0,0,0,0,0,1,1,0
3735,SmoothRateLimiter.java,that would have been produced in that idle time .,0,0,0,0,0,0,1,1,0
3736,SmoothRateLimiter.java,"so, if rate 1 permit per second, and",0,0,0,0,0,0,1,1,0
3737,SmoothRateLimiter.java,"arrivals come exactly one second after the previous, then storedpermits is never increased",1,0,0,0,0,0,1,2,0
3738,SmoothRateLimiter.java,we would only increase it for arrivals later than the expected one second.,0,0,0,0,0,0,1,1,0
3739,SmoothRateLimiter.java,the time when the next request no matter its size will be granted.,0,0,0,0,0,0,1,1,0
3740,SmoothRateLimiter.java,"after granting a request,",0,0,0,0,0,0,1,1,0
3741,SmoothRateLimiter.java,this is pushed further in the future.,0,0,0,0,0,0,1,1,0
3742,SmoothRateLimiter.java,large requests push this further than small requests.,0,0,0,0,0,0,1,1,0
3743,SmoothRateLimiter.java,this implements the following function where coldinterval coldfactor stableinterval.,1,0,0,0,0,0,1,2,0
3744,SmoothRateLimiter.java,pre,1,0,0,0,0,0,0,1,0
3745,SmoothRateLimiter.java,^ throttling,1,0,0,0,0,0,0,1,0
3746,SmoothRateLimiter.java,cold,1,0,0,0,0,0,0,1,0
3747,SmoothRateLimiter.java,interval .,1,0,0,0,0,0,0,1,0
3748,SmoothRateLimiter.java,warmup period is the area of the trapezoid between,1,0,0,0,0,0,1,2,0
3749,SmoothRateLimiter.java,thresholdpermits and maxpermits,1,0,0,0,0,0,0,1,0
3750,SmoothRateLimiter.java,stable warm .,1,0,0,0,0,0,0,1,0
3751,SmoothRateLimiter.java,interval .,1,0,0,0,0,0,0,1,0
3752,SmoothRateLimiter.java,up .,1,0,0,0,0,0,0,1,0
3753,SmoothRateLimiter.java,period.,1,0,0,0,0,0,0,1,0
3754,SmoothRateLimiter.java,0 storedpermits,1,0,0,0,0,0,1,2,0
3755,SmoothRateLimiter.java,0 thresholdpermits maxpermits,1,0,0,0,0,0,0,1,0
3756,SmoothRateLimiter.java,pre,1,0,0,0,0,0,0,1,0
3757,SmoothRateLimiter.java,"before going into the details of this particular function, let s keep in mind the basics",1,0,0,0,0,0,1,2,0
3758,SmoothRateLimiter.java,ol,1,0,0,0,0,0,0,1,0
3759,SmoothRateLimiter.java,li the state of the ratelimiter storedpermits is a vertical line in this figure.,1,0,0,0,0,0,0,1,0
3760,SmoothRateLimiter.java,"li when the ratelimiter is not used, this goes right up to maxpermits",1,0,0,0,0,0,1,2,0
3761,SmoothRateLimiter.java,"li when the ratelimiter is used, this goes left down to zero , since if we have",1,0,0,0,0,0,1,2,0
3762,SmoothRateLimiter.java,"storedpermits, we serve from those first",1,0,0,0,0,0,1,2,0
3763,SmoothRateLimiter.java,"li when unused , we go right at a constant rate!",1,0,0,0,0,0,0,1,0
3764,SmoothRateLimiter.java,the rate at which we move to the right is,1,0,0,0,0,0,1,2,0
3766,SmoothRateLimiter.java,this ensures that the time it takes to go from 0 to,1,0,0,0,0,0,1,2,0
3768,SmoothRateLimiter.java,"li when used , the time it takes, as explained in the introductory class note, is equal to",1,0,0,0,0,0,1,2,0
3769,SmoothRateLimiter.java,"the integral of our function, between x permits and x k permits, assuming we want to",1,0,0,0,0,0,1,2,0
3770,SmoothRateLimiter.java,spend k saved permits.,1,0,0,0,0,0,0,1,0
3771,SmoothRateLimiter.java,ol,1,0,0,0,0,0,0,1,0
3772,SmoothRateLimiter.java,"p in summary, the time it takes to move to the left spend k permits , is equal to the area of",0,0,0,0,0,1,1,2,0
3773,SmoothRateLimiter.java,the function of width k.,0,0,0,0,0,1,1,2,0
3774,SmoothRateLimiter.java,"p assuming we have saturated demand, the time to go from maxpermits to thresholdpermits is",1,0,0,0,0,0,1,2,0
3775,SmoothRateLimiter.java,equal to warmupperiod.,1,0,0,0,0,0,0,1,0
3776,SmoothRateLimiter.java,and the time to go from thresholdpermits to 0 is warmupperiod 2.,1,0,0,0,0,0,1,2,0
3777,SmoothRateLimiter.java,the,0,0,0,0,0,0,1,1,0
3778,SmoothRateLimiter.java,reason that this is warmupperiod 2 is to maintain the behavior of the original implementation,0,0,0,0,0,0,1,1,0
3779,SmoothRateLimiter.java,where coldfactor was hard coded as 3.,1,0,0,0,0,0,0,1,0
3780,SmoothRateLimiter.java,p it remains to calculate thresholdspermits and maxpermits.,1,0,0,0,0,0,0,1,0
3782,SmoothRateLimiter.java,li the time to go from thresholdpermits to 0 is equal to the integral of the function,1,0,0,0,0,0,1,2,0
3783,SmoothRateLimiter.java,between 0 and thresholdpermits.,1,0,0,0,0,0,0,1,0
3784,SmoothRateLimiter.java,this is thresholdpermits stableintervals.,1,0,0,0,0,0,0,1,0
3787,SmoothRateLimiter.java,therefore,0,0,0,0,0,0,1,1,0
3789,SmoothRateLimiter.java,thresholdpermits 05 warmupperiod stableinterval,1,0,0,0,0,0,0,1,0
3791,SmoothRateLimiter.java,li the time to go from maxpermits to thresholdpermits is equal to the integral of the,1,0,0,0,0,0,1,2,0
3792,SmoothRateLimiter.java,function between thresholdpermits and maxpermits.,1,0,0,0,0,0,0,1,0
3793,SmoothRateLimiter.java,this is the area of the pictured,0,0,0,0,0,0,1,1,0
3794,SmoothRateLimiter.java,"trapezoid, and it is equal to 05 stableinterval coldinterval maxpermits",1,0,0,0,0,0,0,1,0
3795,SmoothRateLimiter.java,thresholdpermits .,1,0,0,0,0,0,0,1,0
3798,SmoothRateLimiter.java,maxpermits thresholdpermits 2 warmupperiod stableinterval coldinterval,1,0,0,0,0,0,0,1,0
3801,SmoothRateLimiter.java,"how is the ratelimiter designed, and why?",0,0,0,0,0,0,1,1,0
3802,SmoothRateLimiter.java,"the primary feature of a ratelimiter is its stable rate , the maximum rate that is should",0,0,0,0,0,1,1,2,0
3803,SmoothRateLimiter.java,allow at normal conditions.,0,0,0,0,0,1,0,1,0
3804,SmoothRateLimiter.java,"this is enforced by throttling incoming requests as needed, ie",0,0,0,0,0,1,0,1,0
3805,SmoothRateLimiter.java,"compute, for an incoming request, the appropriate throttle time, and make the calling thread",0,0,0,0,0,1,1,2,0
3806,SmoothRateLimiter.java,wait as much.,0,0,0,0,0,1,0,1,0
3807,SmoothRateLimiter.java,the simplest way to maintain a rate of qps is to keep the timestamp of the last granted,1,0,0,0,0,0,1,2,0
3808,SmoothRateLimiter.java,"request, and ensure that 1 qps seconds have elapsed since then.",1,0,0,0,0,0,1,2,0
3809,SmoothRateLimiter.java,"for example, for a rate of",1,0,0,0,0,0,0,1,0
3810,SmoothRateLimiter.java,"qps 5 5 tokens per second , if we ensure that a request isn t granted earlier than 200ms after",1,0,0,0,0,0,0,1,0
3811,SmoothRateLimiter.java,"the last one, then we achieve the intended rate.",1,0,0,0,0,0,1,2,0
3812,SmoothRateLimiter.java,if a request comes and the last request was,1,0,0,0,0,0,1,2,0
3813,SmoothRateLimiter.java,"granted only 100ms ago, then we wait for another 100ms.",1,0,0,0,0,0,1,2,0
3814,SmoothRateLimiter.java,"at this rate, serving 15 fresh permits",1,0,0,0,0,0,0,1,0
3815,SmoothRateLimiter.java,ie for an acquire 15 request naturally takes 3 seconds.,1,0,0,0,0,0,0,1,0
3816,SmoothRateLimiter.java,it is important to realize that such a ratelimiter has a very superficial memory of the past,1,0,0,0,1,0,1,3,0
3817,SmoothRateLimiter.java,it only remembers the last request.,1,0,0,0,1,0,1,3,0
3818,SmoothRateLimiter.java,what if the ratelimiter was unused for a long period of,1,0,0,0,1,0,1,3,0
3819,SmoothRateLimiter.java,"time, then a request arrived and was immediately granted?",1,0,0,0,1,0,1,3,0
3820,SmoothRateLimiter.java,this ratelimiter would immediately,1,0,0,0,1,0,0,2,0
3821,SmoothRateLimiter.java,forget about that past underutilization.,1,0,0,0,1,0,1,3,0
3822,SmoothRateLimiter.java,this may result in either underutilization or,1,0,0,0,1,0,1,3,0
3823,SmoothRateLimiter.java,"overflow, depending on the real world consequences of not using the expected rate.",1,0,0,0,1,0,1,3,0
3824,SmoothRateLimiter.java,past underutilization could mean that excess resources are available.,1,0,0,0,0,0,0,1,0
3825,SmoothRateLimiter.java,"then, the ratelimiter",1,0,0,0,0,0,1,2,0
3826,SmoothRateLimiter.java,"should speed up for a while, to take advantage of these resources.",1,0,0,0,0,0,1,2,0
3827,SmoothRateLimiter.java,this is important when the,1,0,0,0,0,0,1,2,0
3828,SmoothRateLimiter.java,"rate is applied to networking limiting bandwidth , where past underutilization typically",1,0,0,0,0,0,1,2,0
3829,SmoothRateLimiter.java,"translates to almost empty buffers , which can be filled immediately.",1,0,0,0,0,0,0,1,0
3830,SmoothRateLimiter.java,"on the other hand, past underutilization could mean that the server responsible for handling",1,0,0,0,0,0,1,2,0
3831,SmoothRateLimiter.java,"the request has become less ready for future requests , ie its caches become stale, and",1,0,0,0,0,0,1,2,0
3832,SmoothRateLimiter.java,requests become more likely to trigger expensive operations a more extreme case of this,1,0,0,0,0,0,0,1,0
3833,SmoothRateLimiter.java,"example is when a server has just booted, and it is mostly busy with getting itself up to",1,0,0,0,0,0,0,1,0
3834,SmoothRateLimiter.java,speed .,1,0,0,0,0,0,0,1,0
3835,SmoothRateLimiter.java,"to deal with such scenarios, we add an extra dimension, that of past underutilization ,",1,0,0,0,0,0,0,1,0
3836,SmoothRateLimiter.java,modeled by storedpermits variable.,1,0,0,0,0,0,1,2,0
3837,SmoothRateLimiter.java,"this variable is zero when there is no underutilization,",1,0,0,0,0,0,1,2,0
3838,SmoothRateLimiter.java,"and it can grow up to maxstoredpermits, for sufficiently large underutilization.",1,0,0,0,0,0,0,1,0
3839,SmoothRateLimiter.java,"so, the",1,0,0,0,0,0,1,2,0
3840,SmoothRateLimiter.java,"requested permits, by an invocation acquire permits , are served from",1,0,0,0,0,0,0,1,0
3841,SmoothRateLimiter.java,stored permits if available,1,0,0,0,0,0,0,1,0
3842,SmoothRateLimiter.java,fresh permits for any remaining permits,1,0,0,0,0,0,0,1,0
3843,SmoothRateLimiter.java,how this works is best explained with an example,0,0,0,0,0,0,1,1,0
3844,SmoothRateLimiter.java,"for a ratelimiter that produces 1 token per second, every second that goes by with the",0,0,0,0,0,0,1,1,0
3845,SmoothRateLimiter.java,"ratelimiter being unused, we increase storedpermits by 1.",0,0,0,0,0,0,1,1,0
3846,SmoothRateLimiter.java,say we leave the ratelimiter unused,0,0,0,0,0,0,1,1,0
3847,SmoothRateLimiter.java,"for 10 seconds ie, we expected a request at time x, but we are at time x 10 seconds before",0,0,0,0,0,0,1,1,0
3848,SmoothRateLimiter.java,"a request actually arrives this is also related to the point made in the last paragraph , thus",0,0,0,0,0,0,1,1,0
3849,SmoothRateLimiter.java,storedpermits becomes 100 assuming maxstoredpermits 100 .,0,0,0,0,0,0,1,1,0
3850,SmoothRateLimiter.java,"at that point, a request of",0,0,0,0,0,0,1,1,0
3851,SmoothRateLimiter.java,acquire 3 arrives.,0,0,0,0,0,0,1,1,0
3852,SmoothRateLimiter.java,"we serve this request out of storedpermits, and reduce that to 70 how",0,0,0,0,0,0,1,1,0
3853,SmoothRateLimiter.java,this is translated to throttling time is discussed later .,0,0,0,0,0,0,1,1,0
3854,SmoothRateLimiter.java,"immediately after, assume that an",0,0,0,0,0,0,1,1,0
3855,SmoothRateLimiter.java,acquire 10 request arriving.,0,0,0,0,0,0,1,1,0
3856,SmoothRateLimiter.java,"we serve the request partly from storedpermits, using all the",0,0,0,0,0,0,1,1,0
3857,SmoothRateLimiter.java,"remaining 70 permits, and the remaining 30, we serve them by fresh permits produced by the",0,0,0,0,0,0,1,1,0
3858,SmoothRateLimiter.java,rate limiter.,0,0,0,0,0,0,1,1,0
3859,SmoothRateLimiter.java,we already know how much time it takes to serve 3 fresh permits if the rate is,0,0,0,0,0,0,1,1,0
3860,SmoothRateLimiter.java,"1 token per second , then this will take 3 seconds.",0,0,0,0,0,0,1,1,0
3861,SmoothRateLimiter.java,but what does it mean to serve 7 stored,0,0,0,0,0,0,1,1,0
3862,SmoothRateLimiter.java,permits?,0,0,0,0,0,0,1,1,0
3863,SmoothRateLimiter.java,"as explained above, there is no unique answer.",0,0,0,0,0,0,1,1,0
3864,SmoothRateLimiter.java,if we are primarily interested to deal,0,0,0,0,0,0,1,1,0
3865,SmoothRateLimiter.java,"with underutilization, then we want stored permits to be given out faster than fresh ones,",0,0,0,0,0,0,1,1,0
3866,SmoothRateLimiter.java,because underutilization free resources for the taking.,0,0,0,0,0,0,1,1,0
3867,SmoothRateLimiter.java,if we are primarily interested to,0,0,0,0,0,0,1,1,0
3868,SmoothRateLimiter.java,"deal with overflow, then stored permits could be given out slower than fresh ones.",0,0,0,0,0,0,1,1,0
3869,SmoothRateLimiter.java,"thus, we",0,0,0,0,0,0,1,1,0
3870,SmoothRateLimiter.java,require a different in each case function that translates storedpermits to throttling time.,0,0,0,0,0,0,1,1,0
3871,SmoothRateLimiter.java,"this role is played by storedpermitstowaittime double storedpermits, double permitstotake .",1,0,0,0,0,0,1,2,0
3872,SmoothRateLimiter.java,the,0,0,0,0,0,0,1,1,0
3873,SmoothRateLimiter.java,underlying model is a continuous function mapping storedpermits from 00 to maxstoredpermits,0,0,0,0,0,0,1,1,0
3875,SmoothRateLimiter.java,storedpermits,0,0,0,0,0,0,1,1,0
3876,SmoothRateLimiter.java,essentially measure unused time we spend unused time buying storing permits.,0,0,0,0,0,0,1,1,0
3877,SmoothRateLimiter.java,rate is,0,0,0,0,0,0,1,1,0
3878,SmoothRateLimiter.java,"permits time , thus 1 rate time permits .",0,0,0,0,0,0,1,1,0
3879,SmoothRateLimiter.java,"thus, 1 rate time permits times",0,0,0,0,0,0,1,1,0
3882,SmoothRateLimiter.java,of requested permits.,0,0,0,0,0,0,1,1,0
3891,SmoothRateLimiter.java,this guarantees that we handle,0,0,0,0,0,0,1,1,0
3895,SmoothRateLimiter.java,integrals .,0,0,0,0,0,0,1,1,0
3898,SmoothRateLimiter.java,cost as fresh ones 1 qps is the cost for each .,0,0,0,0,0,0,1,1,0
3903,SmoothRateLimiter.java,underutilization.,0,0,0,0,0,0,1,1,0
3907,SmoothRateLimiter.java,"last, but not least consider a ratelimiter with rate of 1 permit per second, currently",0,0,0,0,0,0,1,1,0
3908,SmoothRateLimiter.java,"completely unused, and an expensive acquire 100 request comes.",0,0,0,0,0,0,1,1,0
3909,SmoothRateLimiter.java,it would be nonsensical to just,0,0,0,0,0,0,1,1,0
3911,SmoothRateLimiter.java,why wait without doing anything?,0,0,0,0,0,0,1,1,0
3912,SmoothRateLimiter.java,a much,0,0,0,0,0,0,1,1,0
3914,SmoothRateLimiter.java,"instead , and postpone subsequent requests as needed.",0,0,0,0,0,0,1,1,0
3916,SmoothRateLimiter.java,"task immediately, and postpone by 100 seconds future requests, thus we allow for work to get",0,0,0,0,0,0,1,1,0
3918,SmoothRateLimiter.java,this has important consequences it means that the ratelimiter doesn t remember the time of the,0,0,0,0,0,0,1,1,0
3919,SmoothRateLimiter.java,"last request, but it remembers the expected time of the next request.",0,0,0,0,0,0,1,1,0
3920,SmoothRateLimiter.java,this also enables,0,0,0,0,0,0,1,1,0
3921,SmoothRateLimiter.java,us to tell immediately see tryacquire timeout whether a particular timeout is enough to get,0,0,0,0,0,0,1,1,0
3922,SmoothRateLimiter.java,"us to the point of the next scheduling time, since we always maintain that.",0,0,0,0,0,0,1,1,0
3923,SmoothRateLimiter.java,and what we mean by,0,0,0,0,0,0,1,1,0
3924,SmoothRateLimiter.java,an unused ratelimiter is also defined by that notion when we observe that the,0,0,0,0,0,0,1,1,0
3925,SmoothRateLimiter.java,"expected arrival time of the next request is actually in the past, then the difference now",0,0,0,0,0,0,1,1,0
3926,SmoothRateLimiter.java,"past is the amount of time that the ratelimiter was formally unused, and it is that amount of",0,0,0,0,0,0,1,1,0
3927,SmoothRateLimiter.java,time which we translate to storedpermits.,0,0,0,0,0,0,1,1,0
3928,SmoothRateLimiter.java,we increase storedpermits with the amount of permits,0,0,0,0,0,0,1,1,0
3929,SmoothRateLimiter.java,that would have been produced in that idle time .,0,0,0,0,0,0,1,1,0
3930,SmoothRateLimiter.java,"so, if rate 1 permit per second, and",0,0,0,0,0,0,1,1,0
3931,SmoothRateLimiter.java,"arrivals come exactly one second after the previous, then storedpermits is never increased",1,0,0,0,0,0,1,2,0
3932,SmoothRateLimiter.java,we would only increase it for arrivals later than the expected one second.,0,0,0,0,0,0,1,1,0
3933,SmoothRateLimiter.java,the time when the next request no matter its size will be granted.,0,0,0,0,0,0,1,1,0
3934,SmoothRateLimiter.java,"after granting a request,",0,0,0,0,0,0,1,1,0
3935,SmoothRateLimiter.java,this is pushed further in the future.,0,0,0,0,0,0,1,1,0
3936,SmoothRateLimiter.java,large requests push this further than small requests.,0,0,0,0,0,0,1,1,0
3937,SmoothRateLimiter.java,"this implements a bursty ratelimiter, where storedpermits are translated to zero throttling.",0,0,0,0,1,0,1,2,0
3938,SmoothRateLimiter.java,the maximum number of permits that can be saved when the ratelimiter is unused is defined in,0,0,0,0,1,0,1,2,0
3939,SmoothRateLimiter.java,"terms of time, in this sense if a ratelimiter is 2qps, and this time is specified as 10",0,0,0,0,1,0,0,1,0
3940,SmoothRateLimiter.java,"seconds, we can save up to 2 10 20 permits.",0,0,0,0,1,0,0,1,0
4115,SortedSetNavigationTester.java,a generic junit test which tests operations on a sortedset.,0,0,0,0,0,1,0,1,1
4116,SortedSetNavigationTester.java,can t be invoked directly please see,0,0,1,0,0,0,1,2,0
4117,SortedSetNavigationTester.java,@code sortedsettestsuitebuilder .,0,0,1,0,0,0,0,1,1
4118,SortedSetNavigationTester.java,@author jesse wilson,0,1,0,0,0,0,0,1,1
4119,SortedSetNavigationTester.java,@author louis wasserman,0,1,0,0,0,0,0,1,0
4126,SubscriberTest.java,tests for @link subscriber .,0,0,0,0,0,1,0,1,1
4127,SubscriberTest.java,@author cliff biffle,0,1,0,0,0,0,0,1,0
4128,SubscriberTest.java,@author colin decker,0,1,0,0,0,0,0,1,1
4134,TesterRequirements.java,encapsulates the constraints that a class under test must satisfy in order for a tester method to,0,0,0,0,0,1,0,1,0
4135,TesterRequirements.java,be run against that class.,0,0,0,0,0,1,0,1,1
4136,TesterRequirements.java,@author george van den driessche,0,1,0,0,0,0,0,1,0
4141,TestStringListGenerator.java,@author kevin bourrillion,0,1,0,0,0,0,0,1,0
4143,WrappingScheduledExecutorService.java,an abstract @code scheduledexecutorservice that allows subclasses to @linkplain,0,0,0,0,0,1,0,1,1
4144,WrappingScheduledExecutorService.java,#wraptask callable wrap tasks before they are submitted to the underlying executor.,0,0,0,0,0,1,0,1,0
4145,WrappingScheduledExecutorService.java,p note that task wrapping may occur even if the task is never executed.,0,0,0,0,0,0,1,1,1
4146,WrappingScheduledExecutorService.java,@author luke sandberg,0,1,0,0,0,0,0,1,0
4151,AbstractModule.java,a support class for @link module s which reduces repetition and results in a more readable,0,0,0,0,0,1,0,1,0
4152,AbstractModule.java,configuration.,0,0,0,0,0,1,0,1,1
4153,AbstractModule.java,"simply extend this class, implement @link #configure , and call the inherited",0,0,0,0,0,0,1,1,0
4154,AbstractModule.java,methods which mirror those found in @link binder .,0,0,0,0,0,0,1,1,1
4155,AbstractModule.java,for example,0,0,0,0,0,0,1,1,0
4156,AbstractModule.java,pre,0,0,0,0,0,0,1,1,1
4157,AbstractModule.java,public class mymodule extends abstractmodule,0,0,0,0,0,0,1,1,0
4158,AbstractModule.java,protected void configure,0,0,0,0,0,0,1,1,1
4159,AbstractModule.java,bind service^class ^to serviceimpl^class ^in singleton^class,0,0,0,0,0,0,1,1,0
4160,AbstractModule.java,bind creditcardpaymentservice^class,0,0,0,0,0,0,1,1,1
4161,AbstractModule.java,bind paymentservice^class ^to creditcardpaymentservice^class,0,0,0,0,0,0,1,1,0
4162,AbstractModule.java,bindconstant ^annotatedwith names^named port ^to 8080,0,0,0,0,0,0,1,1,1
4163,AbstractModule.java,pre,0,0,0,0,0,0,1,1,0
4164,AbstractModule.java,@author crazybob@google^com bob lee,0,1,0,0,0,0,0,1,1
4179,Binder.java,collects configuration information primarily i bindings i which will be used to create an,0,0,0,0,0,1,0,1,0
4180,Binder.java,@link injector .,0,0,0,0,0,1,0,1,1
4181,Binder.java,guice provides this object to your application s @link module implementors so,0,0,0,0,0,1,1,2,0
4182,Binder.java,they may each contribute their own bindings and other registrations.,0,0,0,0,0,1,0,1,1
4183,Binder.java,h3 the guice binding edsl h3,0,0,0,0,0,0,1,1,0
4184,Binder.java,"guice uses an i embedded domain specific language i , or edsl, to help you create bindings",0,0,0,0,0,0,1,1,1
4185,Binder.java,simply and readably.,0,0,0,0,0,0,1,1,0
4188,Binder.java,javadocs b .,0,0,0,0,0,0,1,1,1
4189,Binder.java,"instead, you should consult the series of examples below.",0,0,0,0,0,0,1,1,0
4190,Binder.java,"to save space, these",0,0,0,0,0,0,1,1,1
4191,Binder.java,"examples omit the opening @code binder , just as you will if your module extends @link",0,0,0,0,0,0,1,1,0
4192,Binder.java,abstractmodule .,0,0,0,0,0,0,1,1,1
4193,Binder.java,pre,0,0,0,0,0,0,1,1,0
4196,Binder.java,does not change guice s default behavior.,0,0,0,0,0,0,1,1,1
4198,Binder.java,@link module class to serve as an explicit i manifest i for the services it provides.,0,0,0,0,0,0,1,1,0
4199,Binder.java,"also,",0,0,0,0,0,0,1,1,1
4201,Binder.java,given explicitly.,0,0,0,0,0,0,1,1,0
4202,Binder.java,pre,0,0,0,0,0,0,1,1,1
4204,Binder.java,specifies that a request for a @code service instance with no binding annotations should be,0,0,0,0,0,0,1,1,0
4205,Binder.java,treated as if it were a request for a @code serviceimpl instance.,0,0,0,0,0,0,1,1,1
4206,Binder.java,this i overrides i the,0,0,0,0,0,0,1,1,0
4207,Binder.java,function of any @link implementedby @implementedby or @link providedby @providedby,0,0,0,0,0,0,1,1,1
4208,Binder.java,"annotations found on @code service , since guice will have already moved on to @code",0,0,0,0,0,0,1,1,0
4209,Binder.java,serviceimpl before it reaches the point when it starts looking for these annotations.,0,0,0,0,0,0,1,1,1
4210,Binder.java,pre,0,0,0,0,0,0,1,1,0
4212,Binder.java,"in this example, @code serviceprovider must extend or implement @code provider service .",0,0,0,0,0,0,1,1,1
4213,Binder.java,this,0,0,0,0,0,0,1,1,0
4214,Binder.java,binding specifies that guice should resolve an unannotated injection request for @code service,0,0,0,0,0,0,1,1,1
4215,Binder.java,"by first resolving an instance of @code serviceprovider in the regular way, then calling @link",0,0,0,0,0,0,1,1,0
4216,Binder.java,provider#get get on the resulting provider instance to obtain the @code service instance.,0,0,0,0,0,0,1,1,1
4217,Binder.java,"p the @link provider you use here does not have to be a factory that is, a provider which",0,0,0,0,0,0,1,1,0
4218,Binder.java,always i creates i each instance it provides.,0,0,0,0,0,0,1,1,0
4220,Binder.java,follow.,0,0,0,0,0,0,1,1,1
4221,Binder.java,you can then use guice s concept of @link scope scopes to guide when creation should,0,0,0,0,0,0,1,1,1
4222,Binder.java,happen letting guice work for you .,0,0,0,0,0,0,1,1,1
4223,Binder.java,pre,0,0,0,0,0,0,1,1,1
4226,Binder.java,@code @red .,0,0,0,0,0,0,1,1,0
4227,Binder.java,if your module also includes bindings for particular i values i of the,0,0,0,0,0,0,1,1,1
4229,Binder.java,of @code @red that have no exact match in the bindings.,0,0,0,0,0,0,1,1,0
4230,Binder.java,pre,0,0,0,0,0,0,1,1,1
4231,Binder.java,bind serviceimpl^class ^in singleton^class,0,0,0,0,0,0,1,1,0
4232,Binder.java,"or, alternatively",0,0,0,0,0,0,1,1,0
4234,Binder.java,either of these statements places the @code serviceimpl class into singleton scope.,0,0,0,0,0,0,1,1,0
4235,Binder.java,guice will,0,0,0,0,0,0,1,1,0
4236,Binder.java,create only one instance of @code serviceimpl and will reuse it for all injection requests of,0,0,0,0,0,0,1,1,0
4238,Binder.java,note that it is still possible to bind another instance of @code serviceimpl if the,0,0,0,0,0,0,1,1,0
4240,Binder.java,guice is not overly,0,0,0,0,0,0,1,1,0
4242,Binder.java,with i enabling i your application to share only one instance if that s all you tell guice you,0,0,0,0,0,0,1,1,0
4243,Binder.java,need.,0,0,0,0,0,0,1,1,0
4245,Binder.java,an annotation on the @code serviceimpl class.,0,0,0,0,0,0,1,1,0
4246,Binder.java,"p besides @link singleton @link scopes#singleton , there are servlet specific scopes",0,0,0,0,0,0,1,1,0
4247,Binder.java,"available in @code com^google.inject^servlet.servletscopes , and your modules can contribute",0,0,0,0,0,0,1,1,0
4248,Binder.java,their own custom scopes for use here as well.,0,0,0,0,0,0,1,1,0
4249,Binder.java,pre,0,0,0,0,0,0,1,1,0
4250,Binder.java,bind new typeliteral&lt paymentservice&lt creditcard,0,0,0,0,0,0,1,1,0
4253,Binder.java,it tells guice how to,0,0,0,0,0,0,1,1,0
4254,Binder.java,honor an injection request for an element of type @code paymentservice creditcard .,0,0,0,0,0,0,1,1,0
4255,Binder.java,the class,0,0,0,0,0,0,1,1,0
4256,Binder.java,@code creditcardpaymentservice must implement the @code paymentservice creditcard interface.,0,0,0,0,0,0,1,1,0
4257,Binder.java,"guice cannot currently bind or inject a generic type, such as @code set e all type parameters",0,0,0,0,0,0,1,1,0
4258,Binder.java,must be fully specified.,0,0,0,0,0,0,1,1,0
4259,Binder.java,pre,0,0,0,0,0,0,1,1,0
4260,Binder.java,bind service^class ^toinstance new serviceimpl,0,0,0,0,0,0,1,1,0
4261,Binder.java,"or, alternatively",0,0,0,0,0,0,1,1,0
4265,Binder.java,@code service injection requests.,0,0,0,0,0,0,1,1,0
4266,Binder.java,"when the @link injector is created, it will automatically",0,0,0,0,0,0,1,1,0
4268,Binder.java,serviceimpl is simply ignored.,0,0,0,0,0,0,1,1,0
4270,Binder.java,that you can t control.,0,0,0,0,0,0,1,1,0
4271,Binder.java,pre,0,0,0,0,0,0,1,1,0
4273,Binder.java,sets up a constant binding.,0,0,0,0,0,0,1,1,0
4274,Binder.java,constant injections must always be annotated.,0,0,0,0,0,0,1,1,0
4275,Binder.java,when a constant,0,0,0,0,0,0,1,1,0
4276,Binder.java,"binding s value is a string, it is eligible for conversion to all primitive types, to @link",0,0,0,0,0,0,1,1,0
4277,Binder.java,"enum#valueof class, string all enums , and to @link class#forname class literals .",0,0,0,0,0,0,1,1,0
4278,Binder.java,conversions,0,0,0,0,0,0,1,1,0
4279,Binder.java,"for other types can be configured using @link #converttotypes matcher, typeconverter",0,0,0,0,0,0,1,1,0
4280,Binder.java,converttotypes .,0,0,0,0,0,0,1,1,0
4281,Binder.java,pre,0,0,0,0,0,0,1,1,0
4282,Binder.java,@literal @ color red color red a member variable field,0,0,0,0,0,0,1,1,0
4283,Binder.java,red mymodule^class.getdeclaredfield red ^getannotation color^class,0,0,0,0,0,0,1,1,0
4285,Binder.java,if your binding annotation has parameters you can apply different bindings to different specific,0,0,0,0,0,0,1,1,0
4286,Binder.java,values of your annotation.,0,0,0,0,0,0,1,1,0
4287,Binder.java,getting your hands on the right instance of the annotation is a bit of,0,0,0,0,0,0,1,1,0
4288,Binder.java,"a pain one approach, shown above, is to apply a prototype annotation to a field in your module",0,0,0,0,0,0,1,1,0
4290,Binder.java,pre,0,0,0,0,0,0,1,1,0
4291,Binder.java,bind service^class,0,0,0,0,0,0,1,1,0
4292,Binder.java,annotatedwith names^named blue,0,0,0,0,0,0,1,1,0
4294,Binder.java,"differentiating by names is a common enough use case that we provided a standard annotation,",0,0,0,0,0,0,1,1,0
4295,Binder.java,@link com^google.inject^name.named @named .,0,0,0,0,0,0,1,1,0
4296,Binder.java,"because of guice s library support, binding by name",0,0,0,0,0,0,1,1,0
4297,Binder.java,is quite easier than in the arbitrary binding annotation case we just saw.,0,0,0,0,0,0,1,1,0
4298,Binder.java,"however, remember that",0,0,0,0,0,0,1,1,0
4299,Binder.java,these names will live in a single flat namespace with all the other names used in your,0,0,0,0,0,0,1,1,0
4300,Binder.java,application.,0,0,0,0,0,0,1,1,0
4301,Binder.java,pre,0,0,0,0,0,0,1,1,0
4302,Binder.java,constructor t lonector getlonectorfromserviceimplviareflection,0,0,0,0,0,0,1,1,0
4303,Binder.java,bind serviceimpl^class,0,0,0,0,0,0,1,1,0
4306,Binder.java,implementation.,0,0,0,0,0,0,1,1,0
4307,Binder.java,it means that we do not need to place @literal @ inject on any of the,0,0,0,0,0,0,1,1,0
4308,Binder.java,constructors and that guice treats the provided constructor as though it were annotated so.,0,0,0,0,0,0,1,1,0
4309,Binder.java,it is,0,0,0,0,0,0,1,1,0
4310,Binder.java,useful for cases where you cannot modify existing classes and is a bit simpler than using a,0,0,0,0,0,0,1,1,0
4311,Binder.java,@link provider .,0,0,0,0,0,0,1,1,0
4312,Binder.java,p the above list of examples is far from exhaustive.,0,0,0,0,0,0,1,1,0
4313,Binder.java,if you can think of how the concepts of one,0,0,0,0,0,0,1,1,0
4314,Binder.java,"example might coexist with the concepts from another, you can most likely weave the two together.",0,0,0,0,0,0,1,1,0
4315,Binder.java,"if the two concepts make no sense with each other, you most likely won t be able to do it.",0,0,0,0,0,0,1,1,0
4316,Binder.java,in a,0,0,0,0,0,0,1,1,0
4318,Binder.java,"runtime, as soon as you try to create your injector.",0,0,0,0,0,0,1,1,0
4319,Binder.java,"p the other methods of binder such as @link #bindscope , @link #bindinterceptor , @link",0,0,0,0,0,0,1,1,0
4320,Binder.java,"#install , @link #requeststaticinjection , @link #adderror and @link #currentstage are not",0,0,0,0,0,0,1,1,0
4321,Binder.java,"part of the binding edsl you can learn how to use these in the usual way, from the method",0,0,0,0,0,0,1,1,0
4322,Binder.java,documentation.,0,0,0,0,0,0,1,1,0
4323,Binder.java,@author crazybob@google^com bob lee,0,1,0,0,0,0,0,1,0
4324,Binder.java,@author jessewilson@google^com jesse wilson,0,1,0,0,0,0,0,1,0
4325,Binder.java,@author kevinb@google^com kevin bourrillion,0,1,0,0,0,0,0,1,0
4473,DefaultMethodInterceptionTest.java,tests for interception of default methods.,0,0,0,0,0,1,0,1,1
4474,DefaultMethodInterceptionTest.java,@author cgdecker@google^com colin decker,0,1,0,0,0,0,0,1,1
4475,DefaultMethodInterceptionTest.java,interface with a default method annotated to be intercepted.,0,0,0,0,0,0,1,1,0
4476,DefaultMethodInterceptionTest.java,foo implementation that does not override the default method.,0,0,0,0,0,0,1,1,0
4477,DefaultMethodInterceptionTest.java,a base class defining a method with the same signature as foo s default method.,0,0,0,0,0,0,1,1,0
4478,DefaultMethodInterceptionTest.java,foo implementation that should use superclass method rather than default method.,0,0,0,0,0,0,1,1,0
4487,Element.java,an internal binding annotation applied to each element in a multibinding.,0,0,0,0,0,1,0,1,1
4488,Element.java,all elements are,1,0,0,0,0,0,0,1,0
4489,Element.java,assigned a globally unique id to allow different modules to contribute multibindings,1,0,0,0,0,0,0,1,0
4490,Element.java,independently.,1,0,0,0,0,0,0,1,0
4491,Element.java,@author jessewilson@google^com jesse wilson,0,1,0,0,0,0,0,1,0
4497,EncounterImpl.java,@author jessewilson@google^com jesse wilson,0,1,0,0,0,0,0,1,0
4499,ImplicitBindingTest.java,"@author crazybob@google^com bob lee an enum cannot be implemented by anything, so it should not be possible to have a successful valid jitable binding",0,1,0,0,1,0,0,2,0
4502,ManagedFilterPipeline.java,"central routing dispatch class handles lifecycle of managed filters, and delegates to the servlet",0,0,0,0,0,1,0,1,0
4503,ManagedFilterPipeline.java,pipeline.,0,0,0,0,0,1,0,1,0
4504,ManagedFilterPipeline.java,@author dhanji@gmail^com dhanji r. prasanna,0,1,0,0,0,0,0,1,0
4508,PrivateElementProcessor,handles @code binder^newprivatebinder elements.,0,0,0,0,0,1,0,1,0
4509,PrivateElementProcessor,@author jessewilson@google^com jesse wilson,0,1,0,0,0,0,0,1,0
4512,ProxyFactoryTest.java,@author crazybob@google^com bob lee,0,1,0,0,0,0,0,1,0
4514,SpiUtils.java,utilities for testing the multibinder & mapbinder extension spi.,0,0,0,0,0,1,0,1,0
4515,SpiUtils.java,@author sameb@google^com sam berlin,0,1,0,0,0,0,0,1,0
4518,SpiUtils.java,the kind of binding.,1,0,0,0,0,0,0,1,0
4519,SpiUtils.java,the result of the binding.,1,0,0,0,0,0,0,1,0
4524,AbstractFocusable.java,an abstract base class for focusable components.,0,0,0,0,0,1,0,1,0
4527,AbstractFocusable.java,@since 76,0,0,0,1,0,0,0,1,0
4528,AbstractFocusable.java,@author vaadin ltd,0,1,0,0,0,0,0,1,0
4533,AbstractMultiSelectState.java,shared state for @code abstractmultiselect .,0,0,1,0,0,1,0,2,0
4534,AbstractMultiSelectState.java,@author vaadin ltd,0,1,0,0,0,0,0,1,0
4535,AbstractMultiSelectState.java,@since 80,0,0,0,1,0,0,0,1,0
4540,AbstractProperty.java,abstract base class for @link property implementations.,0,0,1,0,0,1,0,2,0
4541,AbstractProperty.java,handles listener management for @link valuechangelistener s and,0,0,1,0,0,1,0,2,0
4542,AbstractProperty.java,@link readonlystatuschangelistener s.,0,0,1,0,0,1,0,2,0
4543,AbstractProperty.java,@since 66,0,0,0,1,0,0,0,1,0
4544,AbstractProperty.java,"@deprecated as of 80, replaced by @link valueprovider , @link setter , see",0,0,1,1,0,0,0,2,0
4545,AbstractProperty.java,@link binder,0,0,1,1,0,0,0,2,0
4546,AbstractProperty.java,legacypropertyhelper has been removed in vaadin 8 events,0,0,0,1,0,0,0,1,0
4547,AbstractProperty.java,an code event code object specifying the property whose read only,1,0,0,0,0,0,0,1,0
4548,AbstractProperty.java,status has been changed.,1,0,0,0,0,0,0,1,0
4549,AbstractProperty.java,legacypropertyhelper has been removed in vaadin 8 events,0,0,0,1,0,0,0,1,0
4566,AbstractSingleComponentContainerState.java,default shared state implementation for abstractsinglecomponentcontainer.,0,0,0,0,0,1,0,1,0
4567,AbstractSingleComponentContainerState.java,@since 80,0,0,0,1,0,0,0,1,0
4572,AdjacentElementsWithTooltipsTest.java,@author vaadin ltd,0,1,0,0,0,0,0,1,0
4575,ApplicationConfiguration.java,helper class for reading configuration options from the bootstap,0,0,0,0,0,1,0,1,0
4577,ApplicationConfiguration.java,@since 70,0,0,0,1,0,0,0,1,0
4578,ApplicationConfiguration.java,wraps a native javascript object containing fields for an error message.,0,0,0,0,0,1,0,1,0
4579,ApplicationConfiguration.java,@since 70,0,0,0,1,0,0,0,1,0
4584,BootstrapPageResponse.java,a representation of a bootstrap page being generated.,0,0,0,0,0,1,0,1,0
4585,BootstrapPageResponse.java,the bootstrap page,1,0,0,0,0,0,0,1,0
4586,BootstrapPageResponse.java,contains of the full dom of the html document as well as the http headers,1,0,0,0,0,0,0,1,0
4587,BootstrapPageResponse.java,that will be included in the corresponding http response.,1,0,0,0,0,0,0,1,0
4588,BootstrapPageResponse.java,@author vaadin ltd,0,1,0,0,0,0,0,1,0
4589,BootstrapPageResponse.java,@since 70.0,0,0,0,1,0,0,0,1,0
4596,ButtonRenderer.java,a renderer that displays a button with a textual caption.,0,0,0,0,0,1,0,1,0
4597,ButtonRenderer.java,the value of the,1,0,0,0,0,0,0,1,0
4598,ButtonRenderer.java,corresponding property is used as the caption.,1,0,0,0,0,0,0,1,0
4599,ButtonRenderer.java,click listeners can be added,0,0,0,0,0,0,1,1,0
4600,ButtonRenderer.java,"to the renderer, invoked when any of the rendered buttons is clicked.",0,0,0,0,0,0,1,1,0
4601,ButtonRenderer.java,@since 74,0,0,0,1,0,0,0,1,0
4602,ButtonRenderer.java,@author vaadin ltd,0,1,0,0,0,0,0,1,0
4610,ClientRpcWriter.java,serializes @link clientrpc client rpc invocations to json.,0,0,0,0,0,1,0,1,0
4611,ClientRpcWriter.java,@author vaadin ltd,0,1,0,0,0,0,0,1,0
4612,ClientRpcWriter.java,@since 71,0,0,0,1,0,0,0,1,0
4616,ColorPickerServerRpc.java,rpc interface for abstractcolorpicker.,0,0,0,0,0,1,0,1,0
4617,ColorPickerServerRpc.java,@since 70.0,0,0,0,1,0,0,0,1,0
4620,ComboBoxState.java,shared state for the combobox component.,0,0,0,0,0,1,0,1,0
4621,ComboBoxState.java,@since 70,0,0,0,1,0,0,0,1,0
4624,DeclarativeValueProvider.java,value provider class for declarative support.,0,0,0,0,0,1,0,1,0
4626,DeclarativeValueProvider.java,provides a straightforward mapping between an item and its value.,0,0,0,0,0,1,0,1,0
4627,DeclarativeValueProvider.java,@param t,0,0,0,0,0,0,1,1,0
4628,DeclarativeValueProvider.java,item type,0,0,0,0,0,0,1,1,0
4633,DoubleRangeValidator.java,validator for validating that a @link double is inside a given range.,0,0,0,0,0,1,0,1,0
4634,DoubleRangeValidator.java,@author vaadin ltd.,0,1,0,0,0,0,0,1,0
4635,DoubleRangeValidator.java,@since 80,0,0,0,1,0,0,0,1,0
4640,FooterDoubleClickHandler.java,handler for @link griddoubleclickevent s that happen in the footer of the,0,0,1,0,0,1,0,2,0
4641,FooterDoubleClickHandler.java,grid.,0,0,0,0,0,1,0,1,0
4642,FooterDoubleClickHandler.java,@since 74,0,0,0,1,0,0,0,1,0
4643,FooterDoubleClickHandler.java,@author vaadin ltd,0,1,0,0,0,0,0,1,0
4649,Grid.java,a grid component for displaying tabular data.,0,0,0,0,0,1,0,1,0
4650,Grid.java,@author vaadin ltd,0,1,0,0,0,0,0,1,0
4651,Grid.java,@since 80,0,0,0,1,0,0,0,1,0
4652,Grid.java,@param t,0,0,0,0,0,0,1,1,0
4653,Grid.java,the grid bean type,0,0,0,0,0,0,1,1,0
4654,Grid.java,header and footer,0,0,0,0,0,0,1,1,0
4658,Grid.java,@param t,0,0,0,0,0,0,1,1,0
4659,Grid.java,the grid bean type,0,0,0,0,0,0,1,1,0
4660,Grid.java,header and footer,0,0,0,0,0,0,1,1,0
4661,Grid.java,selection mode representing the built in selection models in grid.,0,0,0,0,0,0,1,1,0
4663,Grid.java,these enums can be used in @link grid#setselectionmode selectionmode,0,0,1,0,0,0,0,1,0
4665,Grid.java,@see grid#setselectionmode selectionmode,0,0,1,0,0,0,0,1,0
4666,Grid.java,@see grid#setselectionmodel gridselectionmodel,0,0,1,0,0,0,0,1,0
4667,Grid.java,header and footer,0,0,0,0,0,0,1,1,0
4669,Grid.java,header and footer,0,0,0,0,0,0,1,1,0
4672,Grid.java,header and footer,0,0,0,0,0,0,1,1,0
4674,Grid.java,@param t,0,0,0,0,0,0,1,1,0
4675,Grid.java,the grid bean type,0,0,0,0,0,0,1,1,0
4676,Grid.java,header and footer,0,0,0,0,0,0,1,1,0
4679,Grid.java,usage,0,0,0,0,0,0,1,1,0
4680,Grid.java,pre,0,0,0,0,0,0,1,1,0
4681,Grid.java,grid^addcontextclicklistener event &gt notification^show,0,0,0,0,0,0,1,1,0
4682,Grid.java,gridcontextclickevent&lt person&gt event ^getitem clicked,0,0,0,0,0,0,1,1,0
4683,Grid.java,pre,0,0,0,0,0,0,1,1,0
4684,Grid.java,@param t,0,0,0,0,0,0,1,1,0
4685,Grid.java,the grid bean type,0,0,0,0,0,0,1,1,0
4686,Grid.java,header and footer,0,0,0,0,0,0,1,1,0
4687,Grid.java,an event that is fired when a column s visibility changes.,0,0,0,0,0,0,1,1,0
4688,Grid.java,@since 75.0,0,0,0,1,0,0,1,2,0
4689,Grid.java,header and footer,0,0,0,0,0,0,1,1,0
4690,Grid.java,a helper base class for creating extensions for the grid component.,0,0,0,0,0,0,1,1,0
4691,Grid.java,@param t,0,0,0,0,0,0,1,1,0
4692,Grid.java,header and footer,0,0,0,0,0,0,1,1,0
4693,Grid.java,class for managing visible details rows.,0,0,0,0,0,0,1,1,0
4694,Grid.java,@param t,0,0,0,0,0,0,1,1,0
4695,Grid.java,the grid bean type,0,0,0,0,0,0,1,1,0
4696,Grid.java,header and footer,0,0,0,0,0,0,1,1,0
4699,Grid.java,@param t,0,0,0,0,0,0,1,1,0
4700,Grid.java,the grid bean type,0,0,0,0,0,0,1,1,0
4731,GridManyColumnsV7.java,test ui for grid initial rendering performance profiling.,0,0,0,0,0,1,0,1,0
4733,GridSelectionModel.java,the server side interface that controls grid s selection state.,0,0,0,0,0,1,0,1,0
4734,GridSelectionModel.java,selectionmodel should extend @link abstractgridextension .,0,0,1,0,0,0,0,1,0
4735,GridSelectionModel.java,@author vaadin ltd,0,1,0,0,0,0,0,1,0
4737,GridSelectionModel.java,@param t,0,0,0,0,0,0,1,1,0
4738,GridSelectionModel.java,the grid bean type,0,0,0,0,0,0,1,1,0
4739,GridSelectionModel.java,@see abstractselectionmodel,0,0,1,0,0,0,0,1,0
4740,GridSelectionModel.java,@see singleselectionmodel,0,0,1,0,0,0,0,1,0
4741,GridSelectionModel.java,@see multiselectionmodel,0,0,1,0,0,0,0,1,0
4750,HeaderRow.java,a header row in a grid.,0,0,0,0,0,1,0,1,0
4751,HeaderRow.java,@author vaadin ltd,0,1,0,0,0,0,0,1,0
4752,HeaderRow.java,@since 80,0,0,0,1,0,0,0,1,0
4756,InternalContainerAnnotationForJS.java,annotation enabling using multiple @link javascript @javascript,0,0,0,0,0,1,0,1,0
4757,InternalContainerAnnotationForJS.java,annotations.,0,0,0,0,0,1,0,1,0
4761,InternalContainerAnnotationForJS.java,@author vaadin ltd,0,1,0,0,0,0,0,1,0
4762,InternalContainerAnnotationForJS.java,@since 80,0,0,0,1,0,0,0,1,0
4767,MyPickerConnector.java,mini tutorial code for,0,0,1,0,0,1,0,2,0
4768,MyPickerConnector.java,"https vaadin^com wiki wiki main widget%20styling%20using%20only%20css,",0,0,1,0,0,0,0,1,0
4769,MyPickerConnector.java,https,0,0,1,0,0,0,0,1,0
4770,MyPickerConnector.java,vaadin^com wiki wiki main lightweight%20calculations%20of%20widget%20l,0,0,1,0,0,0,0,1,0
4772,MyPickerConnector.java,@author vaadin ltd,0,1,0,0,0,0,0,1,0
4773,MyPickerConnector.java,@since 70.0,0,0,0,1,0,0,0,1,0
4782,NotEmptyValidatorTest.java,@author vaadin ltd,0,1,0,0,0,0,0,1,0
4784,PopupView.java,a component for displaying a two different views to data.,0,0,0,0,0,1,0,1,0
4785,PopupView.java,the minimized view,0,0,0,0,0,1,0,1,0
4786,PopupView.java,"is normally used to render the component, and when it is clicked the full",0,0,0,0,0,1,0,1,0
4787,PopupView.java,view is displayed on a popup.,0,0,0,0,0,1,0,1,0
4788,PopupView.java,the inner class @link popupview^content is,0,0,0,0,0,1,0,1,0
4789,PopupView.java,used to deliver contents to this component.,0,0,0,0,0,1,0,1,0
4790,PopupView.java,@author vaadin ltd.,0,1,0,0,0,0,0,1,0
4791,PopupView.java,constructors,1,0,0,0,1,0,0,2,0
4792,PopupView.java,methods inherited from abstractcomponentcontainer.,1,0,0,0,1,0,0,2,0
4793,PopupView.java,these are unnecessary,1,0,0,0,1,0,0,2,0
4794,PopupView.java,but mandatory .,1,0,0,0,1,0,0,2,0
4795,PopupView.java,most of them are not supported in this implementation.,1,0,0,0,1,0,0,2,0
4801,PopupView.java,constructors,1,0,0,0,1,0,0,2,0
4802,PopupView.java,methods inherited from abstractcomponentcontainer.,1,0,0,0,1,0,0,2,0
4803,PopupView.java,these are unnecessary,1,0,0,0,1,0,0,2,0
4804,PopupView.java,but mandatory .,1,0,0,0,1,0,0,2,0
4805,PopupView.java,most of them are not supported in this implementation.,1,0,0,0,1,0,0,2,0
4806,PopupView.java,this event is received by the popupvisibilitylisteners when the,1,0,0,0,0,0,0,1,0
4807,PopupView.java,visibility of the popup changes.,1,0,0,0,0,0,0,1,0
4808,PopupView.java,you can get the new visibility directly,1,0,0,0,0,0,0,1,0
4809,PopupView.java,"with @link #ispopupvisible , or get the popupview that produced the",1,0,0,0,0,0,0,1,0
4810,PopupView.java,event with @link #getpopupview .,1,0,0,0,0,0,0,1,0
4811,PopupView.java,constructors,1,0,0,0,1,0,0,2,0
4812,PopupView.java,methods inherited from abstractcomponentcontainer.,1,0,0,0,1,0,0,2,0
4813,PopupView.java,these are unnecessary,1,0,0,0,1,0,0,2,0
4814,PopupView.java,but mandatory .,1,0,0,0,1,0,0,2,0
4815,PopupView.java,most of them are not supported in this implementation.,1,0,0,0,1,0,0,2,0
4816,PopupView.java,defines a listener that can receive a popupvisibilityevent when the,1,0,0,0,0,0,0,1,0
4817,PopupView.java,visibility of the popup changes.,1,0,0,0,0,0,0,1,0
4847,PortletDummyRequestHandler.java,request handler which provides a dummy html response to any resource request,0,0,0,0,0,1,0,1,0
4848,PortletDummyRequestHandler.java,with the resource id dummy.,0,0,0,0,0,1,0,1,0
4849,PortletDummyRequestHandler.java,@author vaadin ltd,0,1,0,0,0,0,0,1,0
4850,PortletDummyRequestHandler.java,@since 71,0,0,0,1,0,0,0,1,0
4855,QueryBuilder.java,"@deprecated as of 80, no replacement available.",0,0,0,1,0,0,0,1,0
4857,RequiredTextFieldTest.java,test for ^v required style,0,0,0,0,0,1,0,1,0
4858,RequiredTextFieldTest.java,@author vaadin ltd,0,1,0,0,0,0,0,1,0
4861,RpcDataProviderExtension.java,provides vaadin server side container data source to a,0,0,0,0,0,1,0,1,0
4862,RpcDataProviderExtension.java,@link com^vaadin.v7^client.connectors^gridconnector gridconnector .,0,0,0,0,0,1,0,1,0
4863,RpcDataProviderExtension.java,this is currently,0,0,0,0,0,1,0,1,0
4864,RpcDataProviderExtension.java,implemented as an extension hardcoded to support a specific connector type.,0,0,0,0,0,1,0,1,0
4867,RpcDataProviderExtension.java,@since 74,0,0,0,1,0,0,0,1,0
4868,RpcDataProviderExtension.java,@author vaadin ltd,0,1,0,0,0,0,0,1,0
4869,RpcDataProviderExtension.java,"@deprecated as of 80, no replacement available.",0,0,0,1,0,0,0,1,0
4870,RpcDataProviderExtension.java,class for keeping track of current items and valuechangelisteners.,0,0,0,0,0,1,0,1,0
4871,RpcDataProviderExtension.java,@since 76,0,0,0,1,0,0,0,1,0
4886,RpcDataProviderExtension.java,"@see grid#addvaluechangelistener com^vaadin.v7^data.container, object, object",0,0,1,0,0,0,0,1,0
4887,RpcDataProviderExtension.java,"grid#addvaluechangelistener container, object, object",0,0,1,0,0,0,0,1,0
4888,RpcDataProviderExtension.java,@see grid#valuechangelisteners,0,0,1,0,0,0,0,1,0
4901,SelectAllEvent.java,"a select all event, fired by the grid when it needs all rows in data source",0,0,0,0,1,1,0,2,0
4902,SelectAllEvent.java,"to be selected, or when all rows have been selected and are now deselected.",0,0,0,0,1,1,0,2,0
4903,SelectAllEvent.java,@since 74,0,0,0,1,0,0,0,1,0
4904,SelectAllEvent.java,@author vaadin ltd,0,1,0,0,0,0,0,1,0
4905,SelectAllEvent.java,@param t,0,0,0,0,0,0,1,1,0
4906,SelectAllEvent.java,the type of the rows in grid,0,0,0,0,0,0,1,1,0
4915,ShouldWriteDataDelegate.java,delegate used by @link designcontext to determine whether container data,0,0,1,0,1,1,0,3,0
4916,ShouldWriteDataDelegate.java,should be written out for a component.,0,0,1,0,1,1,0,3,0
4917,ShouldWriteDataDelegate.java,@see designcontext#shouldwritedata component,0,0,1,0,0,0,0,1,0
4918,ShouldWriteDataDelegate.java,@since 75.0,0,0,0,1,0,0,0,1,0
4919,ShouldWriteDataDelegate.java,@author vaadin ltd,0,1,0,0,0,0,0,1,0
4929,SimpleGridUI.java,@author vaadin ltd,0,1,0,0,0,0,0,1,0
4931,SpacerVisibilityChangedEvent.java,event fired when a spacer element is hidden or shown in escalator.,0,0,0,0,1,0,0,1,0
4932,SpacerVisibilityChangedEvent.java,@author vaadin ltd,0,1,0,0,0,0,0,1,0
4933,SpacerVisibilityChangedEvent.java,@since 77.13,0,0,0,1,0,0,0,1,0
4937,TargetDetailsImpl.java,a hashmap backed implementation of @link targetdetails for termina^^^n.,0,0,1,0,0,1,0,2,0
4938,TargetDetailsImpl.java,@since 63,0,0,0,1,0,0,0,1,0
4939,TargetDetailsImpl.java,@deprecated replaced in 81 by @link dropevent#gettransferdata string,0,0,0,1,0,0,0,1,0
4944,UnknownExtensionConnector.java,connector used as a placeholder for extensions that are not present in the,0,0,0,0,0,1,0,1,0
4945,UnknownExtensionConnector.java,widgetset.,0,0,0,0,0,1,0,1,0
4946,UnknownExtensionConnector.java,@since 77.4,0,0,0,1,0,0,0,1,0
4947,UnknownExtensionConnector.java,@author vaadin ltd,0,1,0,0,0,0,0,1,0
4952,VaadinPortlet.java,portlet 20 base class.,0,0,0,0,0,1,0,1,0
4953,VaadinPortlet.java,this replaces the servlet in servlet portlet 10,0,0,0,0,0,1,0,1,0
4954,VaadinPortlet.java,deployments and handles various portlet requests from the browser.,0,0,0,0,0,1,0,1,0
4955,VaadinPortlet.java,@author vaadin ltd,0,1,0,0,0,0,0,1,0
4958,VaadinPortlet.java,base class for portlet requests that need access to http servlet,1,0,0,0,0,0,0,1,0
4962,VaadinPortlet.java,portlet request for liferay.,1,0,0,0,0,0,0,1,0
4965,VaadinPortlet.java,portlet request for gatein.,1,0,0,0,0,0,0,1,0
4968,VaadinPortlet.java,portlet request for websphere portal.,1,0,0,0,0,0,0,1,0
4971,VaadinPortlet.java,portlet request for websphere portal.,1,0,0,0,0,0,0,1,0
4974,VaadinPortlet.java,@author vaadin ltd,0,1,0,0,0,0,0,1,0
4975,VaadinPortlet.java,@deprecated as of 70.,0,0,0,1,0,0,0,1,0
4976,VaadinPortlet.java,this is no longer used and only provided for,0,0,0,1,0,0,0,1,0
4977,VaadinPortlet.java,backwards compatibility.,0,0,0,1,0,0,0,1,0
4978,VaadinPortlet.java,each @link requesthandler can,0,0,0,1,0,0,0,1,0
4979,VaadinPortlet.java,individually decide whether it wants to handle a request or,0,0,0,1,0,0,0,1,0
4980,VaadinPortlet.java,not.,0,0,0,1,0,0,0,1,0
4995,VaadinServiceInitListener.java,listener for @link vaadinservice initialization events.,0,0,0,0,0,1,0,1,0
4996,VaadinServiceInitListener.java,the listener can,0,0,0,0,0,1,0,1,0
4997,VaadinServiceInitListener.java,add listeners and request handlers the service.,0,0,0,0,0,1,0,1,0
4999,VaadinServiceInitListener.java,listener instances are by default discovered and instantiated using,1,0,0,0,0,0,0,1,0
5000,VaadinServiceInitListener.java,@link serviceloader .,1,0,0,0,0,0,0,1,0
5001,VaadinServiceInitListener.java,this means that all implementations must have a,1,0,0,0,0,0,0,1,0
5002,VaadinServiceInitListener.java,zero argument constructor and the fully qualified name of the implementation,1,0,0,0,0,0,0,1,0
5003,VaadinServiceInitListener.java,class must be listed on a separate line in a,1,0,0,0,0,0,0,1,0
5004,VaadinServiceInitListener.java,meta inf services com^vaadin.server^vaadinserviceinitlistener file present in,1,0,0,0,0,0,0,1,0
5005,VaadinServiceInitListener.java,the jar file containing the implementation class.,1,0,0,0,0,0,0,1,0
5007,VaadinServiceInitListener.java,"integrations for specific runtime environments, such as osgi or spring, might",1,0,0,0,0,0,0,1,0
5008,VaadinServiceInitListener.java,also provide other ways of discovering listeners.,1,0,0,0,0,0,0,1,0
5009,VaadinServiceInitListener.java,@since 80,0,0,0,1,0,0,0,1,0
5010,VaadinServiceInitListener.java,@author vaadin ltd,0,1,0,0,0,0,0,1,0
5025,VGridLayout.java,private helper class.,0,0,0,0,0,1,0,1,0
5029,VLazyInitItemIdentifiers.java,@author vaadin ltd,0,1,0,0,0,0,0,1,0
5030,VLazyInitItemIdentifiers.java,@deprecated replaced in 81 with,0,0,0,1,0,0,0,1,0
5031,VLazyInitItemIdentifiers.java,ragovercriteria string and,0,0,0,1,0,0,0,1,0
5032,VLazyInitItemIdentifiers.java,@link droptargetextension#setdropcriteria string,0,0,0,1,0,0,0,1,0
5038,VScrollTable.java,vscrolltable is a flowpanel having two widgets in it tablehead component,1,0,0,0,0,1,0,2,0
5039,VScrollTable.java,scrollpanel,0,0,0,0,0,1,0,1,0
5040,VScrollTable.java,"tablehead contains table s header and widgets logic for resizing,",1,0,0,0,0,1,0,2,0
5041,VScrollTable.java,reordering and hiding columns.,0,0,0,0,0,1,0,1,0
5042,VScrollTable.java,scrollpanel contains vscrolltablebody object which handles content.,1,0,0,0,0,1,0,2,0
5043,VScrollTable.java,to save,0,0,0,0,0,1,0,1,0
5044,VScrollTable.java,"some bandwidth and to improve clients responsiveness with loads of data, in",1,0,0,0,0,1,0,2,0
5045,VScrollTable.java,vscrolltablebody all rows are not necessary rendered.,0,0,0,0,0,1,0,1,0
5046,VScrollTable.java,there are spacers in,0,0,0,0,0,1,0,1,0
5047,VScrollTable.java,vscrolltablebody to use the exact same space as non rendered rows would use.,1,0,0,0,0,1,0,2,0
5048,VScrollTable.java,this way we can use seamlessly traditional scrollbars and scrolling to fetch,1,0,0,0,1,1,0,3,0
5049,VScrollTable.java,more rows instead of paging .,0,0,0,0,0,1,0,1,0
5050,VScrollTable.java,in vscrolltable we listen to scroll events.,1,0,0,0,0,0,0,1,0
5051,VScrollTable.java,on horizontal scrolling we also,1,0,0,0,0,0,0,1,0
5052,VScrollTable.java,update tableheads scroll position which has its scrollbars hidden.,1,0,0,0,0,0,0,1,0
5053,VScrollTable.java,on,1,0,0,0,0,0,0,1,0
5054,VScrollTable.java,vertical scroll events we will check if we are reaching the end of area where,1,0,0,0,0,0,0,1,0
5055,VScrollTable.java,we have rows rendered and,1,0,0,0,0,0,0,1,0
5056,VScrollTable.java,todo implement unregistering for child components in cells,1,0,0,0,0,0,0,1,0
5057,VScrollTable.java,to detect if the first visible,0,0,0,0,1,0,0,1,0
5058,VScrollTable.java,these are used when jumping between pages when pressing home and end,0,0,0,0,1,0,0,1,0
5059,VScrollTable.java,changes to manage mousedown and mouseup,0,0,0,0,1,0,0,1,0
5060,VScrollTable.java,overridden due table might not survive of visibility change scroll pos,0,0,0,0,1,0,0,1,0
5061,VScrollTable.java,lost .,0,0,0,0,1,0,0,1,0
5062,VScrollTable.java,example itabpanel just set contained components invisible and back,1,0,0,0,1,0,0,2,0
5063,VScrollTable.java,when changing tabs.,0,0,0,0,1,0,0,1,0
5064,VScrollTable.java,updates first visible row for the case we cannot wait,0,0,0,0,1,0,0,1,0
5065,VScrollTable.java,this method has logic which rows needs to be requested from server when,0,0,0,0,1,0,0,1,0
5066,VScrollTable.java,user scrolls.,0,0,0,0,1,0,0,1,0
5067,VScrollTable.java,non javadoc,1,0,1,0,0,0,0,2,0
5068,VScrollTable.java,@see,0,0,1,0,0,0,0,1,0
5069,VScrollTable.java,com^google.gwt^event.dom^client.focushandler#onfocus com^google.gwt^event,1,0,1,0,0,0,0,2,0
5070,VScrollTable.java,dom^client.focusevent,0,0,1,0,0,0,0,1,0
5071,VScrollTable.java,non javadoc,1,0,1,0,0,0,0,2,0
5072,VScrollTable.java,@see,0,0,1,0,0,0,0,1,0
5073,VScrollTable.java,com^google.gwt^event.dom^client.blurhandler#onblur com^google.gwt^event,1,0,1,0,0,0,0,2,0
5074,VScrollTable.java,dom^client.blurevent,0,0,1,0,0,0,0,1,0
5075,VScrollTable.java,non javadoc,1,0,1,0,0,0,0,2,0
5077,VScrollTable.java,simple interface for parts of the table capable of owning a context menu.,1,0,0,0,0,0,0,1,0
5078,VScrollTable.java,@since 72,0,0,0,1,0,0,0,1,0
5079,VScrollTable.java,@author vaadin ltd,0,1,0,0,0,0,0,1,0
5080,VScrollTable.java,to detect if the first visible,0,0,0,0,1,0,0,1,0
5081,VScrollTable.java,these are used when jumping between pages when pressing home and end,0,0,0,0,1,0,0,1,0
5082,VScrollTable.java,changes to manage mousedown and mouseup,0,0,0,0,1,0,0,1,0
5083,VScrollTable.java,overridden due table might not survive of visibility change scroll pos,0,0,0,0,1,0,0,1,0
5084,VScrollTable.java,lost .,0,0,0,0,1,0,0,1,0
5085,VScrollTable.java,example itabpanel just set contained components invisible and back,1,0,0,0,1,0,0,2,0
5086,VScrollTable.java,when changing tabs.,0,0,0,0,1,0,0,1,0
5087,VScrollTable.java,updates first visible row for the case we cannot wait,0,0,0,0,1,0,0,1,0
5088,VScrollTable.java,this method has logic which rows needs to be requested from server when,0,0,0,0,1,0,0,1,0
5089,VScrollTable.java,user scrolls.,0,0,0,0,1,0,0,1,0
5090,VScrollTable.java,non javadoc,1,0,1,0,0,0,0,2,0
5091,VScrollTable.java,@see,0,0,1,0,0,0,0,1,0
5092,VScrollTable.java,com^google.gwt^event.dom^client.focushandler#onfocus com^google.gwt^event,1,0,1,0,0,0,0,2,0
5093,VScrollTable.java,dom^client.focusevent,0,0,1,0,0,0,0,1,0
5094,VScrollTable.java,non javadoc,1,0,1,0,0,0,0,2,0
5095,VScrollTable.java,@see,0,0,1,0,0,0,0,1,0
5096,VScrollTable.java,com^google.gwt^event.dom^client.blurhandler#onblur com^google.gwt^event,1,0,1,0,0,0,0,2,0
5097,VScrollTable.java,dom^client.blurevent,0,0,1,0,0,0,0,1,0
5098,VScrollTable.java,non javadoc,1,0,1,0,0,0,0,2,0
5100,VScrollTable.java,handles showing context menu on long press from a touch screen.,1,0,1,0,0,0,0,2,0
5101,VScrollTable.java,@since 72,0,0,0,1,0,0,0,1,0
5102,VScrollTable.java,@author vaadin ltd,0,1,0,0,0,0,0,1,0
5103,VScrollTable.java,to detect if the first visible,0,0,0,0,1,0,0,1,0
5104,VScrollTable.java,these are used when jumping between pages when pressing home and end,0,0,0,0,1,0,0,1,0
5105,VScrollTable.java,changes to manage mousedown and mouseup,0,0,0,0,1,0,0,1,0
5106,VScrollTable.java,overridden due table might not survive of visibility change scroll pos,0,0,0,0,1,0,0,1,0
5107,VScrollTable.java,lost .,0,0,0,0,1,0,0,1,0
5108,VScrollTable.java,example itabpanel just set contained components invisible and back,1,0,0,0,1,0,0,2,0
5109,VScrollTable.java,when changing tabs.,0,0,0,0,1,0,0,1,0
5110,VScrollTable.java,updates first visible row for the case we cannot wait,0,0,0,0,1,0,0,1,0
5111,VScrollTable.java,this method has logic which rows needs to be requested from server when,0,0,0,0,1,0,0,1,0
5112,VScrollTable.java,user scrolls.,0,0,0,0,1,0,0,1,0
5113,VScrollTable.java,non javadoc,1,0,1,0,0,0,0,2,0
5114,VScrollTable.java,@see,0,0,1,0,0,0,0,1,0
5115,VScrollTable.java,com^google.gwt^event.dom^client.focushandler#onfocus com^google.gwt^event,1,0,1,0,0,0,0,2,0
5116,VScrollTable.java,dom^client.focusevent,0,0,1,0,0,0,0,1,0
5117,VScrollTable.java,non javadoc,1,0,1,0,0,0,0,2,0
5118,VScrollTable.java,@see,0,0,1,0,0,0,0,1,0
5119,VScrollTable.java,com^google.gwt^event.dom^client.blurhandler#onblur com^google.gwt^event,1,0,1,0,0,0,0,2,0
5120,VScrollTable.java,dom^client.blurevent,0,0,1,0,0,0,0,1,0
5121,VScrollTable.java,non javadoc,1,0,1,0,0,0,0,2,1
5124,VScrollTable.java,to detect if the first visible,0,0,0,0,1,0,0,1,0
5125,VScrollTable.java,these are used when jumping between pages when pressing home and end,0,0,0,0,1,0,0,1,1
5126,VScrollTable.java,changes to manage mousedown and mouseup,0,0,0,0,1,0,0,1,0
5127,VScrollTable.java,overridden due table might not survive of visibility change scroll pos,0,0,0,0,1,0,0,1,1
5128,VScrollTable.java,lost .,0,0,0,0,1,0,0,1,0
5129,VScrollTable.java,example itabpanel just set contained components invisible and back,1,0,0,0,1,0,0,2,1
5130,VScrollTable.java,when changing tabs.,0,0,0,0,1,0,0,1,0
5131,VScrollTable.java,updates first visible row for the case we cannot wait,0,0,0,0,1,0,0,1,1
5132,VScrollTable.java,this method has logic which rows needs to be requested from server when,0,0,0,0,1,0,0,1,0
5133,VScrollTable.java,user scrolls.,0,0,0,0,1,0,0,1,1
5134,VScrollTable.java,non javadoc,1,0,1,0,0,0,0,2,0
5135,VScrollTable.java,@see,0,0,1,0,0,0,0,1,1
5136,VScrollTable.java,com^google.gwt^event.dom^client.focushandler#onfocus com^google.gwt^event,1,0,1,0,0,0,0,2,0
5137,VScrollTable.java,dom^client.focusevent,0,0,1,0,0,0,0,1,1
5138,VScrollTable.java,non javadoc,1,0,1,0,0,0,0,2,0
5139,VScrollTable.java,@see,0,0,1,0,0,0,0,1,1
5140,VScrollTable.java,com^google.gwt^event.dom^client.blurhandler#onblur com^google.gwt^event,1,0,1,0,0,0,0,2,0
5141,VScrollTable.java,dom^client.blurevent,0,0,1,0,0,0,0,1,1
5142,VScrollTable.java,non javadoc,1,0,1,0,0,0,0,2,0
5144,VScrollTable.java,for internal use only.,1,0,0,0,0,0,0,1,1
5146,VScrollTable.java,overwrites onbrowserevent function on focusablescrollpanel to give event,1,0,0,0,0,1,0,2,0
5147,VScrollTable.java,access to touchcontextprovider.,1,0,0,0,0,0,0,1,1
5148,VScrollTable.java,has to be public to give tableconnector,1,0,0,0,0,0,0,1,0
5150,VScrollTable.java,@since 72,0,0,0,1,0,0,0,1,0
5151,VScrollTable.java,@author vaadin ltd,0,1,0,0,0,0,0,1,1
5152,VScrollTable.java,to detect if the first visible,0,0,0,0,1,0,0,1,0
5153,VScrollTable.java,these are used when jumping between pages when pressing home and end,0,0,0,0,1,0,0,1,1
5154,VScrollTable.java,changes to manage mousedown and mouseup,0,0,0,0,1,0,0,1,0
5155,VScrollTable.java,overridden due table might not survive of visibility change scroll pos,0,0,0,0,1,0,0,1,1
5156,VScrollTable.java,lost .,0,0,0,0,1,0,0,1,0
5157,VScrollTable.java,example itabpanel just set contained components invisible and back,1,0,0,0,1,0,0,2,1
5158,VScrollTable.java,when changing tabs.,0,0,0,0,1,0,0,1,0
5159,VScrollTable.java,updates first visible row for the case we cannot wait,0,0,0,0,1,0,0,1,1
5160,VScrollTable.java,this method has logic which rows needs to be requested from server when,0,0,0,0,1,0,0,1,0
5161,VScrollTable.java,user scrolls.,0,0,0,0,1,0,0,1,1
5162,VScrollTable.java,non javadoc,1,0,1,0,0,0,0,2,1
5163,VScrollTable.java,@see,0,0,1,0,0,0,0,1,1
5164,VScrollTable.java,com^google.gwt^event.dom^client.focushandler#onfocus com^google.gwt^event,1,0,1,0,0,0,0,2,0
5165,VScrollTable.java,dom^client.focusevent,0,0,1,0,0,0,0,1,0
5166,VScrollTable.java,non javadoc,1,0,1,0,0,0,0,2,0
5167,VScrollTable.java,@see,0,0,1,0,0,0,0,1,1
5168,VScrollTable.java,com^google.gwt^event.dom^client.blurhandler#onblur com^google.gwt^event,1,0,1,0,0,0,0,2,0
5169,VScrollTable.java,dom^client.blurevent,0,0,1,0,0,0,0,1,0
5170,VScrollTable.java,non javadoc,1,0,1,0,0,0,0,2,0
5172,VScrollTable.java,used to recall the position of an open context menu if we need to close,1,0,0,0,0,0,0,1,1
5175,VScrollTable.java,for internal use only.,1,0,0,0,0,0,0,1,0
5177,VScrollTable.java,to detect if the first visible,0,0,0,0,1,0,0,1,1
5178,VScrollTable.java,these are used when jumping between pages when pressing home and end,0,0,0,0,1,0,0,1,0
5179,VScrollTable.java,changes to manage mousedown and mouseup,0,0,0,0,1,0,0,1,1
5180,VScrollTable.java,overridden due table might not survive of visibility change scroll pos,0,0,0,0,1,0,0,1,0
5181,VScrollTable.java,lost .,0,0,0,0,1,0,0,1,1
5182,VScrollTable.java,example itabpanel just set contained components invisible and back,1,0,0,0,1,0,0,2,1
5183,VScrollTable.java,when changing tabs.,0,0,0,0,1,0,0,1,0
5184,VScrollTable.java,updates first visible row for the case we cannot wait,0,0,0,0,1,0,0,1,1
5185,VScrollTable.java,this method has logic which rows needs to be requested from server when,0,0,0,0,1,0,0,1,0
5186,VScrollTable.java,user scrolls.,0,0,0,0,1,0,0,1,1
5187,VScrollTable.java,non javadoc,1,0,1,0,0,0,0,2,1
5188,VScrollTable.java,@see,0,0,1,0,0,0,0,1,0
5189,VScrollTable.java,com^google.gwt^event.dom^client.focushandler#onfocus com^google.gwt^event,1,0,1,0,0,0,0,2,0
5190,VScrollTable.java,dom^client.focusevent,0,0,1,0,0,0,0,1,1
5191,VScrollTable.java,non javadoc,1,0,1,0,0,0,0,2,1
5192,VScrollTable.java,@see,0,0,1,0,0,0,0,1,0
5193,VScrollTable.java,com^google.gwt^event.dom^client.blurhandler#onblur com^google.gwt^event,1,0,1,0,0,0,0,2,1
5194,VScrollTable.java,dom^client.blurevent,0,0,1,0,0,0,0,1,0
5195,VScrollTable.java,non javadoc,1,0,1,0,0,0,0,2,0
5197,VScrollTable.java,for internal use only.,1,0,0,0,0,0,0,1,0
5199,VScrollTable.java,to detect if the first visible,0,0,0,0,1,0,0,1,1
5200,VScrollTable.java,these are used when jumping between pages when pressing home and end,0,0,0,0,1,0,0,1,0
5201,VScrollTable.java,changes to manage mousedown and mouseup,0,0,0,0,1,0,0,1,1
5202,VScrollTable.java,overridden due table might not survive of visibility change scroll pos,0,0,0,0,1,0,0,1,0
5203,VScrollTable.java,lost .,0,0,0,0,1,0,0,1,1
5204,VScrollTable.java,example itabpanel just set contained components invisible and back,1,0,0,0,1,0,0,2,0
5205,VScrollTable.java,when changing tabs.,0,0,0,0,1,0,0,1,1
5206,VScrollTable.java,updates first visible row for the case we cannot wait,0,0,0,0,1,0,0,1,0
5207,VScrollTable.java,this method has logic which rows needs to be requested from server when,0,0,0,0,1,0,0,1,1
5208,VScrollTable.java,user scrolls.,0,0,0,0,1,0,0,1,0
5209,VScrollTable.java,non javadoc,1,0,1,0,0,0,0,2,0
5210,VScrollTable.java,@see,0,0,1,0,0,0,0,1,0
5211,VScrollTable.java,com^google.gwt^event.dom^client.focushandler#onfocus com^google.gwt^event,1,0,1,0,0,0,0,2,1
5212,VScrollTable.java,dom^client.focusevent,0,0,1,0,0,0,0,1,0
5213,VScrollTable.java,non javadoc,1,0,1,0,0,0,0,2,0
5214,VScrollTable.java,@see,0,0,1,0,0,0,0,1,0
5215,VScrollTable.java,com^google.gwt^event.dom^client.blurhandler#onblur com^google.gwt^event,1,0,1,0,0,0,0,2,0
5216,VScrollTable.java,dom^client.blurevent,0,0,1,0,0,0,0,1,0
5217,VScrollTable.java,non javadoc,1,0,1,0,0,0,0,2,0
5220,VScrollTable.java,reordering disabled and clicking on it resets sorting.,1,0,0,0,0,0,0,1,0
5221,VScrollTable.java,to detect if the first visible,0,0,0,0,1,0,0,1,1
5222,VScrollTable.java,these are used when jumping between pages when pressing home and end,0,0,0,0,1,0,0,1,0
5223,VScrollTable.java,changes to manage mousedown and mouseup,0,0,0,0,1,0,0,1,1
5224,VScrollTable.java,overridden due table might not survive of visibility change scroll pos,0,0,0,0,1,0,0,1,0
5225,VScrollTable.java,lost .,0,0,0,0,1,0,0,1,1
5226,VScrollTable.java,example itabpanel just set contained components invisible and back,1,0,0,0,1,0,0,2,0
5227,VScrollTable.java,when changing tabs.,0,0,0,0,1,0,0,1,1
5228,VScrollTable.java,updates first visible row for the case we cannot wait,0,0,0,0,1,0,0,1,0
5229,VScrollTable.java,this method has logic which rows needs to be requested from server when,0,0,0,0,1,0,0,1,1
5230,VScrollTable.java,user scrolls.,0,0,0,0,1,0,0,1,0
5231,VScrollTable.java,non javadoc,1,0,1,0,0,0,0,2,0
5232,VScrollTable.java,@see,0,0,1,0,0,0,0,1,0
5233,VScrollTable.java,com^google.gwt^event.dom^client.focushandler#onfocus com^google.gwt^event,1,0,1,0,0,0,0,2,0
5234,VScrollTable.java,dom^client.focusevent,0,0,1,0,0,0,0,1,0
5235,VScrollTable.java,non javadoc,1,0,1,0,0,0,0,2,0
5236,VScrollTable.java,@see,0,0,1,0,0,0,0,1,0
5237,VScrollTable.java,com^google.gwt^event.dom^client.blurhandler#onblur com^google.gwt^event,1,0,1,0,0,0,0,2,0
5238,VScrollTable.java,dom^client.blurevent,0,0,1,0,0,0,0,1,0
5239,VScrollTable.java,non javadoc,1,0,1,0,0,0,0,2,0
5242,VScrollTable.java,to detect if the first visible,0,0,0,0,1,0,0,1,0
5243,VScrollTable.java,these are used when jumping between pages when pressing home and end,0,0,0,0,1,0,0,1,1
5244,VScrollTable.java,changes to manage mousedown and mouseup,0,0,0,0,1,0,0,1,0
5245,VScrollTable.java,overridden due table might not survive of visibility change scroll pos,0,0,0,0,1,0,0,1,1
5246,VScrollTable.java,lost .,0,0,0,0,1,0,0,1,0
5247,VScrollTable.java,example itabpanel just set contained components invisible and back,1,0,0,0,1,0,0,2,1
5248,VScrollTable.java,when changing tabs.,0,0,0,0,1,0,0,1,0
5249,VScrollTable.java,updates first visible row for the case we cannot wait,0,0,0,0,1,0,0,1,1
5250,VScrollTable.java,this method has logic which rows needs to be requested from server when,0,0,0,0,1,0,0,1,0
5251,VScrollTable.java,user scrolls.,0,0,0,0,1,0,0,1,1
5252,VScrollTable.java,non javadoc,1,0,1,0,0,0,0,2,0
5253,VScrollTable.java,@see,0,0,1,0,0,0,0,1,1
5254,VScrollTable.java,com^google.gwt^event.dom^client.focushandler#onfocus com^google.gwt^event,1,0,1,0,0,0,0,2,0
5255,VScrollTable.java,dom^client.focusevent,0,0,1,0,0,0,0,1,0
5256,VScrollTable.java,non javadoc,1,0,1,0,0,0,0,2,0
5257,VScrollTable.java,@see,0,0,1,0,0,0,0,1,1
5258,VScrollTable.java,com^google.gwt^event.dom^client.blurhandler#onblur com^google.gwt^event,1,0,1,0,0,0,0,2,0
5259,VScrollTable.java,dom^client.blurevent,0,0,1,0,0,0,0,1,0
5260,VScrollTable.java,non javadoc,1,0,1,0,0,0,0,2,0
5263,VScrollTable.java,reordering disabled and clicking on it resets sorting.,1,0,0,0,0,0,0,1,0
5264,VScrollTable.java,to detect if the first visible,0,0,0,0,1,0,0,1,0
5265,VScrollTable.java,these are used when jumping between pages when pressing home and end,0,0,0,0,1,0,0,1,0
5266,VScrollTable.java,changes to manage mousedown and mouseup,0,0,0,0,1,0,0,1,0
5267,VScrollTable.java,overridden due table might not survive of visibility change scroll pos,0,0,0,0,1,0,0,1,0
5268,VScrollTable.java,lost .,0,0,0,0,1,0,0,1,0
5269,VScrollTable.java,example itabpanel just set contained components invisible and back,1,0,0,0,1,0,0,2,0
5270,VScrollTable.java,when changing tabs.,0,0,0,0,1,0,0,1,0
5271,VScrollTable.java,updates first visible row for the case we cannot wait,0,0,0,0,1,0,0,1,1
5272,VScrollTable.java,this method has logic which rows needs to be requested from server when,0,0,0,0,1,0,0,1,0
5273,VScrollTable.java,user scrolls.,0,0,0,0,1,0,0,1,1
5274,VScrollTable.java,non javadoc,1,0,1,0,0,0,0,2,0
5275,VScrollTable.java,@see,0,0,1,0,0,0,0,1,0
5276,VScrollTable.java,com^google.gwt^event.dom^client.focushandler#onfocus com^google.gwt^event,1,0,1,0,0,0,0,2,0
5277,VScrollTable.java,dom^client.focusevent,0,0,1,0,0,0,0,1,1
5278,VScrollTable.java,non javadoc,1,0,1,0,0,0,0,2,0
5279,VScrollTable.java,@see,0,0,1,0,0,0,0,1,0
5280,VScrollTable.java,com^google.gwt^event.dom^client.blurhandler#onblur com^google.gwt^event,1,0,1,0,0,0,0,2,0
5281,VScrollTable.java,dom^client.blurevent,0,0,1,0,0,0,0,1,1
5282,VScrollTable.java,non javadoc,1,0,1,0,0,0,0,2,0
5285,VScrollTable.java,to detect if the first visible,0,0,0,0,1,0,0,1,1
5286,VScrollTable.java,these are used when jumping between pages when pressing home and end,0,0,0,0,1,0,0,1,0
5287,VScrollTable.java,changes to manage mousedown and mouseup,0,0,0,0,1,0,0,1,1
5288,VScrollTable.java,overridden due table might not survive of visibility change scroll pos,0,0,0,0,1,0,0,1,0
5289,VScrollTable.java,lost .,0,0,0,0,1,0,0,1,1
5290,VScrollTable.java,example itabpanel just set contained components invisible and back,1,0,0,0,1,0,0,2,0
5291,VScrollTable.java,when changing tabs.,0,0,0,0,1,0,0,1,1
5292,VScrollTable.java,updates first visible row for the case we cannot wait,0,0,0,0,1,0,0,1,0
5293,VScrollTable.java,this method has logic which rows needs to be requested from server when,0,0,0,0,1,0,0,1,1
5294,VScrollTable.java,user scrolls.,0,0,0,0,1,0,0,1,0
5295,VScrollTable.java,non javadoc,1,0,1,0,0,0,0,2,0
5296,VScrollTable.java,@see,0,0,1,0,0,0,0,1,0
5297,VScrollTable.java,com^google.gwt^event.dom^client.focushandler#onfocus com^google.gwt^event,1,0,1,0,0,0,0,2,0
5298,VScrollTable.java,dom^client.focusevent,0,0,1,0,0,0,0,1,0
5299,VScrollTable.java,non javadoc,1,0,1,0,0,0,0,2,0
5300,VScrollTable.java,@see,0,0,1,0,0,0,0,1,0
5301,VScrollTable.java,com^google.gwt^event.dom^client.blurhandler#onblur com^google.gwt^event,1,0,1,0,0,0,0,2,0
5302,VScrollTable.java,dom^client.blurevent,0,0,1,0,0,0,0,1,0
5303,VScrollTable.java,non javadoc,1,0,1,0,0,0,0,2,0
5305,VScrollTable.java,this panel can only contain vscrolltablerow type of widgets.,1,0,0,0,1,0,0,2,0
5306,VScrollTable.java,this,0,0,0,0,1,0,0,1,1
5307,VScrollTable.java,"simulates very large table, keeping spacers which take room of",0,0,0,0,1,0,0,1,0
5308,VScrollTable.java,unrendered rows.,0,0,0,0,1,0,0,1,1
5362,VTextArea.java,this class represents a multiline textfield textarea .,0,0,0,0,0,1,0,1,0
5366,VTextArea.java,@author vaadin ltd.,0,1,0,0,0,0,0,1,0
5371,VUpload.java,@author vaadin ltd,0,1,0,0,0,0,0,1,1
5373,Window.java,a component that represents a floating popup window that can be added to a,1,0,0,0,0,1,1,3,0
5374,Window.java,@link ui .,0,0,0,0,0,1,0,1,0
5375,Window.java,a window is added to a @code ui using,1,0,0,0,0,1,1,3,0
5376,Window.java,@link ui#addwindow window .,1,0,0,0,0,1,0,2,0
5377,Window.java,p,1,0,0,0,0,0,0,1,0
5378,Window.java,the contents of a window is set using @link #setcontent component or by,1,0,0,0,0,0,0,1,1
5379,Window.java,"using the @link #window string, component constructor.",1,0,0,0,0,0,0,1,0
5380,Window.java,p,1,0,0,0,0,0,0,1,1
5381,Window.java,p,1,0,0,0,0,0,0,1,0
5382,Window.java,a window can be positioned on the screen using absolute coordinates pixels,1,0,0,0,0,0,0,1,1
5383,Window.java,or set to be centered using @link #center,1,0,0,0,0,0,0,1,0
5384,Window.java,p,1,0,0,0,0,0,0,1,1
5385,Window.java,p,1,0,0,0,0,0,0,1,0
5386,Window.java,the caption is displayed in the window header.,1,0,0,0,0,0,0,1,1
5387,Window.java,p,1,0,0,0,0,0,0,1,0
5388,Window.java,p,1,0,0,0,0,0,0,1,1
5389,Window.java,"in vaadin versions prior to 70.0, window was also used as application level",1,0,0,0,0,0,0,1,0
5390,Window.java,windows.,1,0,0,0,0,0,0,1,1
5391,Window.java,this function is now covered by the @link ui class.,1,0,0,0,0,0,0,1,0
5392,Window.java,p,1,0,0,0,0,0,0,1,1
5393,Window.java,@author vaadin ltd.,0,1,0,0,0,0,0,1,0
5394,Window.java,@since 30,0,0,0,1,0,0,0,1,1
5395,Window.java,non javadoc,0,0,1,0,0,0,0,1,0
5396,Window.java,@see com^vaadin.ui^panel#paintcontent com^vaadin.server^painttarget,0,0,1,0,0,0,0,1,1
5397,Window.java,non javadoc,0,0,1,0,0,0,0,1,0
5398,Window.java,"@see com^vaadin.ui^panel#changevariables java^lang.object, java^util.map",0,0,1,0,0,0,0,1,1
5399,Window.java,event which is fired when the window order position is changed.,1,0,1,0,0,0,0,2,0
5400,Window.java,@see ui^windoworderupdateevent,0,0,1,0,0,0,0,1,1
5401,Window.java,@author vaadin ltd,0,1,0,0,0,0,0,1,0
5402,Window.java,non javadoc,0,0,1,0,0,0,0,1,1
5403,Window.java,@see com^vaadin.ui^panel#paintcontent com^vaadin.server^painttarget,0,0,1,0,0,0,0,1,0
5404,Window.java,non javadoc,0,0,1,0,0,0,0,1,0
5405,Window.java,"@see com^vaadin.ui^panel#changevariables java^lang.object, java^util.map",0,0,1,0,0,0,0,1,0
5406,Window.java,an interface used for listening to window order change events.,1,0,0,0,0,0,0,1,1
5408,Window.java,non javadoc,0,0,1,0,0,0,0,1,0
5409,Window.java,@see com^vaadin.ui^panel#paintcontent com^vaadin.server^painttarget,0,0,1,0,0,0,0,1,1
5410,Window.java,non javadoc,0,0,1,0,0,0,0,1,0
5411,Window.java,"@see com^vaadin.ui^panel#changevariables java^lang.object, java^util.map",0,0,1,0,0,0,0,1,0
5412,Window.java,an interface used for listening to window close events.,1,0,0,0,0,0,0,1,0
5413,Window.java,add the,1,0,0,0,0,0,0,1,0
5414,Window.java,closelistener to a window and,1,0,0,0,0,0,0,1,0
5415,Window.java,@link closelistener#windowclose closeevent will be called whenever the,1,0,0,0,0,0,0,1,0
5416,Window.java,user closes the window.,1,0,0,0,0,0,0,1,0
5417,Window.java,p,1,0,0,0,0,0,0,1,0
5420,Window.java,p,1,0,0,0,0,0,0,1,0
5421,Window.java,non javadoc,0,0,1,0,0,0,0,1,0
5422,Window.java,@see com^vaadin.ui^panel#paintcontent com^vaadin.server^painttarget,0,0,1,0,0,0,0,1,0
5423,Window.java,non javadoc,0,0,1,0,0,0,0,1,0
5424,Window.java,"@see com^vaadin.ui^panel#changevariables java^lang.object, java^util.map",0,0,1,0,0,0,0,1,0
5426,Window.java,@author vaadin ltd,0,1,0,0,0,0,0,1,0
5428,Window.java,non javadoc,0,0,1,0,0,0,0,1,0
5429,Window.java,@see com^vaadin.ui^panel#paintcontent com^vaadin.server^painttarget,0,0,1,0,0,0,0,1,0
5430,Window.java,non javadoc,0,0,1,0,0,0,0,1,0
5431,Window.java,"@see com^vaadin.ui^panel#changevariables java^lang.object, java^util.map",0,0,1,0,0,0,0,1,0
5432,Window.java,an interface used for listening to window maximize restore events.,1,0,0,0,0,0,0,1,0
5433,Window.java,add,1,0,0,0,0,0,0,1,0
5434,Window.java,the windowmodechangelistener to a window and,1,0,0,0,0,0,0,1,0
5435,Window.java,@link windowmodechangelistener#windowmodechanged windowmodechangeevent,1,0,0,0,0,0,0,1,0
5436,Window.java,will be called whenever the window is maximized,1,0,0,0,0,0,0,1,0
5437,Window.java,@link windowmode#maximized or restored @link windowmode#normal .,1,0,0,0,0,0,0,1,0
5438,Window.java,non javadoc,0,0,1,0,0,0,0,1,0
5439,Window.java,@see com^vaadin.ui^panel#paintcontent com^vaadin.server^painttarget,0,0,1,0,0,0,0,1,0
5440,Window.java,non javadoc,0,0,1,0,0,0,0,1,0
5441,Window.java,"@see com^vaadin.ui^panel#changevariables java^lang.object, java^util.map",0,0,1,0,0,0,0,1,0
5442,Window.java,resize events are fired whenever the client side fires a resize event,1,0,0,0,0,0,0,1,0
5443,Window.java,eg the browser window is resized .,1,0,0,0,0,0,0,1,0
5444,Window.java,the frequency may vary across,1,0,0,0,0,0,0,1,0
5445,Window.java,browsers.,1,0,0,0,0,0,0,1,0
5446,Window.java,non javadoc,0,0,1,0,0,0,0,1,0
5447,Window.java,@see com^vaadin.ui^panel#paintcontent com^vaadin.server^painttarget,0,0,1,0,0,0,0,1,0
5448,Window.java,non javadoc,0,0,1,0,0,0,0,1,0
5449,Window.java,"@see com^vaadin.ui^panel#changevariables java^lang.object, java^util.map",0,0,1,0,0,0,0,1,0
5452,Window.java,non javadoc,0,0,1,0,0,0,0,1,0
5453,Window.java,@see com^vaadin.ui^panel#paintcontent com^vaadin.server^painttarget,0,0,1,0,0,0,0,1,0
5454,Window.java,non javadoc,0,0,1,0,0,0,0,1,0
5455,Window.java,"@see com^vaadin.ui^panel#changevariables java^lang.object, java^util.map",0,0,1,0,0,0,0,1,0
5456,Window.java,a @link shortcutlistener specifically made to define a keyboard,1,0,0,0,0,0,0,1,0
5457,Window.java,shortcut that closes the window.,1,0,0,0,0,0,0,1,0
5458,Window.java,pre,0,0,0,0,0,0,1,1,0
5459,Window.java,code,0,0,0,0,0,0,1,1,0
5460,Window.java,within the window using helper,0,0,0,0,0,0,1,1,0
5462,Window.java,or globally,0,0,0,0,0,0,1,1,0
5463,Window.java,"getui ^addaction new window^closeshortcut window, keycode^escape",1,0,0,0,0,0,0,1,0
5464,Window.java,code,0,0,0,0,0,0,1,1,0
5465,Window.java,pre,0,0,0,0,0,0,1,1,0
5518,XhrConnectionError.java,xhrconnectionerror provides detail about an error which occurred during an,0,0,0,0,0,1,0,1,0
5519,XhrConnectionError.java,xhr request to the server.,0,0,0,0,0,1,0,1,0
5520,XhrConnectionError.java,@since 76,0,0,0,1,0,0,0,1,0
5521,XhrConnectionError.java,@author vaadin ltd,0,1,0,0,0,0,0,1,0
