comment_sentence_id,class,comment_sentence,Classreferences,Collaborators,Example,Intent,Keyimplementationpoints,Keymessages,Responsibilities,label_count,partition_official
1,BlAnchorRelativeToElement,relative anchor takes an arbitrary element as a reference an compute its position based on properties of that element.,0,0,0,0,0,0,1,1,0
3,BlArrowheadExamples,i contain examples of different types of blarrowheadelement,1,0,0,0,0,0,1,2,1
6,BlArrowheadSimpleArrow,i am a simple arrow like arrowhead.,0,0,0,1,0,0,0,1,0
7,BlArrowheadSimpleArrow,both my size and arrow length depend on the curve width.,0,0,0,1,0,0,0,1,0
8,BlArrowheadSimpleArrow,it is possible hovewer to customize a length fraction how long should be the outer arrow compared to the length of the side of a nose triangle.,0,0,0,0,0,1,0,1,0
9,BlArrowheadSimpleArrow,users can also customise nose angle that tells how wide should the arrow lines be spread.,0,0,1,0,0,0,0,1,1
10,BlArrowheadSimpleArrow,the with of the outer arrows can be specified by changing border width of a simple arrow arrowhead.,0,0,0,0,0,0,1,1,1
11,BlArrowheadSimpleArrow,i support both background and border paint and can have hollow inner triangle.,0,0,0,0,0,0,1,1,0
18,BlArrowheadTriangle,i am a triangular arrow head.,0,0,0,1,0,0,0,1,0
19,BlArrowheadTriangle,my size depends on the width of a curve and hence can not be manually specified.,0,0,0,0,0,0,1,1,1
20,BlArrowheadTriangle,it is possible to have a border around triangle by specifying a border width of a triangle arrowhead.,0,0,0,0,1,0,0,1,1
21,BlArrowheadTriangle,i support background and border paints.,0,0,0,0,0,0,1,1,0
22,BlArrowheadTriangle,for hollow arrowhead let background be transparent.,0,0,0,0,0,0,1,1,1
23,BlArrowheadTriangle,for solid arrowhead make background paint be the same as border paint.,0,0,0,0,0,0,1,1,0
24,BlArrowheadTriangle,it is possible to specify different paints for border and background,0,0,0,0,0,0,1,1,1
32,BlChicken,how to run,0,0,1,0,0,0,0,1,1
33,BlChicken,blchicken open,0,0,1,0,0,0,0,1,0
36,BlChickenLeg,i am a single red chicken leg with two toes,0,0,0,1,0,0,0,1,1
38,BlChildrenCollection,i am an abstract collection of bloc elements that can be mutated.,0,0,0,1,0,0,0,1,1
39,BlChildrenCollection,i am used by a class blelement to store its children.,1,1,0,0,0,0,0,2,0
40,BlChildrenCollection,i provide a data structure independent api for adding and removing children.,0,0,0,0,0,0,1,1,0
41,BlChildrenCollection,i assume an index based way of working with children.,0,0,0,0,0,0,1,1,1
45,BlChildrenCollection,i allow elements to optimize working with children for different scenarious.,0,0,0,0,0,0,1,1,0
46,BlChildrenCollection,"for example, an array for storing children optimises for accessing fast accesses at any position.",0,0,0,0,0,0,1,1,1
47,BlChildrenCollection,a linked list optimize for fast adding and removing.,0,0,0,0,0,0,1,1,0
48,BlChildrenCollection,"a rope uses a balanced binary tree to support fast adding, removing and accessing, with the disadvantage of taking more memory.",0,0,0,0,0,0,1,1,0
51,BlChildrenCollection,class blchildrenarray stores children using an class array,1,0,0,0,0,0,0,1,1
52,BlChildrenCollection,class blchildrenlinkedlist stores children using a class linkedlist,1,0,0,0,0,0,0,1,0
53,BlChildrenCollection,class blchildrenorderedcollection stores children using a class orderedcollection,1,0,0,0,0,0,0,1,0
73,BlChildrenOrderedCollectionExamples,i define examples for the class class blchildrenorderedcollection .,0,0,0,0,0,0,1,1,1
77,BlChildrenOrderedCollectionExamples,example blchildrenorderedcollectionexamples #add,0,0,1,0,0,0,0,1,0
78,BlChildrenOrderedCollectionExamples,example blchildrenorderedcollectionexamples #remove,0,0,1,0,0,0,0,1,1
84,BlChildrenSubset,i capture a subset of children from a class blelement instance.,0,0,0,0,0,0,1,1,0
85,BlChildrenSubset,i am an abstract class.,0,0,0,1,0,0,0,1,1
87,BlChildrenSubset,i exist to explicitly capture and combine various ways of filtering and iterating over children.,0,0,0,0,0,0,1,1,0
88,BlChildrenSubset,"for example, class blchildrenreversed indicates that the user wants to explicitly iterate over elements in reverse order class blchildrenaccountedbylayout indicates that only should children taken into account by layout should be included.",0,0,1,0,0,0,0,1,1
89,BlChildrenSubset,the example below shows a scenario of combining multiple ways to iterate over children.,0,0,1,0,0,0,0,1,0
90,BlChildrenSubset,"by having an explicit object for each operation, the composition of operations can be inspected.",0,0,1,0,0,0,0,1,1
91,BlChildrenSubset,example blchildrensubsetexamples #childrenwithmultiplecombinedsubsets,0,0,1,0,0,0,0,1,0
92,BlChildrenSubset,i do not enforce a lazy api.,0,0,0,0,0,1,0,1,0
95,BlChildrenSubset,api,0,0,0,0,0,1,0,1,0
96,BlChildrenSubset,instances of me are created by calling the factory method method blchildrensubset class #on on a subclass with an instance of class blchildren as parameter.,0,0,0,0,0,1,0,1,0
99,BlChildrenSubset,implementation details,0,0,0,0,1,0,0,1,1
100,BlChildrenSubset,internally the result of method blchildrensubset #subsetfrom is stored into an instance variable.,0,0,0,0,1,0,0,1,0
101,BlChildrenSubset,this result is then used when accessing or iterating over elements.,0,0,0,0,1,0,0,1,1
102,BlChildrenSubset,this decision was taken to allow iterators to perform work when the iterator is created and ensure a faster iteration.,0,0,0,0,1,0,0,1,0
117,BlClickEvent,the click event is fired when a pointing device button a mouse s primary button is pressed and released on a single element.,0,0,0,0,1,0,1,2,0
118,BlClickEvent,the order of fired events,0,0,0,0,1,0,0,1,0
119,BlClickEvent,mouse down,0,0,0,0,1,0,0,1,1
120,BlClickEvent,mouse up,0,0,0,0,1,0,0,1,0
121,BlClickEvent,click,0,0,0,0,1,0,0,1,1
127,BlCompulsoryCombinationTest,this class contains tests,0,0,0,0,0,0,1,1,0
129,BlConcatenationRopeIterator,i am a special iterator used to iterate over concatenation rope,0,1,0,1,0,0,1,3,1
133,BlDecelerateInterpolator,i am an interpolator where the rate of change starts out quickly and and then decelerates.,0,0,0,1,0,0,1,2,0
134,BlDecelerateInterpolator,i am configurable using factor a degree to which the animation should be eased.,0,0,0,1,0,0,0,1,1
135,BlDecelerateInterpolator,setting factor to 10f produces an upside down y x^2 parabola.,0,0,0,0,1,0,0,1,0
136,BlDecelerateInterpolator,"increasing factor above 10f makes exaggerates the ease out effect ie, it starts even faster and ends evens slower .",0,0,0,0,1,0,0,1,1
137,BlDecelerateInterpolator,my formula is,0,0,0,0,1,0,0,1,0
138,BlDecelerateInterpolator,"f x 1 1 x ^n, where n 2 factor",0,0,0,0,1,0,0,1,0
139,BlDecelerateInterpolator,"i meant to be immutable, therefore factor can be only set using factory method #factor on my class side",0,0,0,0,1,0,0,1,0
148,BlDevScripterCheckFiredEventsStep,i check whether particular class blevent events were fired on a class blelement target.,0,0,0,0,0,0,1,1,0
149,BlDevScripterCheckFiredEventsStep,example,0,0,1,0,0,0,0,1,0
150,BlDevScripterCheckFiredEventsStep,here you can see how to configure a fire and check a click event on a child element,0,0,1,0,0,0,0,1,0
156,BlDevScripterClickStep,"i fire a class blmousedownevent , class blmouseupevent , and class blclickevent .",1,0,0,0,0,0,1,2,0
157,BlDevScripterClickStep,example,0,0,1,0,0,0,0,1,1
158,BlDevScripterClickStep,here you can see how to configure a fire and check a click event on a child element,0,0,1,0,0,0,0,1,0
167,BlDragDelegate,drag delegate provides drag items when a visual element lifts.,0,0,0,0,0,0,1,1,0
168,BlDragDelegate,drag gesture fails if there are no drag items,0,0,0,0,0,0,1,1,1
171,BlElementBoundsExamples,i contain examples of element bounds api,0,0,0,0,0,0,1,1,0
173,BlElementCenterLeftAnchor,my position is equal to the left center of a reference element,0,1,0,0,0,0,1,2,1
176,BlElementDynamicTransformation,i am dynamic element transformation in the sense that my transformation matrix may actually depend on some element properties such as #extent or #position.,0,0,0,1,0,0,1,2,0
177,BlElementDynamicTransformation,it means that matrix computation is performed only when requested taking owner element into account.,0,0,0,0,1,0,0,1,0
182,BlElementEffect,i am the abstract root class for effects.,0,0,0,1,0,0,0,1,1
183,BlElementEffect,i define the default drawing strategy before & after .,0,0,0,0,0,0,1,1,0
185,BlElementEffect,i can influence the bounds of my owner used to clip my owner .,0,0,0,0,0,0,1,1,1
189,BlElementPositionChangedEvent,is sent when element s position within its parent changes.,0,1,0,0,0,0,0,1,0
192,BlElementPositionChangeTest,i contain examples of position change logging functionality,0,0,0,0,0,0,1,1,0
194,BlElementRemovedEvent,is sent by an element after it is removed from the parent.,0,1,0,0,0,0,0,1,0
196,BlElementRemovedEvent,example,0,0,1,0,0,0,0,1,0
197,BlElementRemovedEvent,child parent,0,0,1,0,0,0,0,1,1
198,BlElementRemovedEvent,child blelement new.,0,0,1,0,0,0,0,1,0
199,BlElementRemovedEvent,child when blelementremovedevent do self inform removed from parent .,0,0,1,0,0,0,0,1,0
200,BlElementRemovedEvent,parent blelement new.,0,0,1,0,0,0,0,1,0
201,BlElementRemovedEvent,parent addchild child.,0,0,1,0,0,0,0,1,0
202,BlElementRemovedEvent,parent removechild child,0,0,1,0,0,0,0,1,0
211,BlElementSelectionAcquiredEvent,is sent when element gets inside of mouse selection rectangle or when the overlapping rectangle formed by element s bounds and selection rectangle changes.,0,1,0,0,0,0,0,1,0
214,BlExampleCustomEventTarget,i am an example of a custom non element event target that can be nicely integrated in bloc infrastructure,0,0,0,1,0,0,1,2,1
217,BlExampleElementWithBrokenOnLayout,i am an element with a broken onlayout method that throws error subscriptoutofbounds,0,0,0,1,0,0,1,2,0
220,BlExperimentalExamples,i contain experimental examples that only work in manually prepared laboratory environments.,0,0,0,0,0,0,1,1,1
225,BlFocusExamples,how to,0,0,1,0,0,0,0,1,0
226,BlFocusExamples,1 inspect run example,0,0,1,0,0,0,0,1,1
227,BlFocusExamples,2 click one any cell to give it a focus blue border should appear,0,0,1,0,0,0,0,1,0
228,BlFocusExamples,3 navigate with keyboard arrows arrow up down left right,0,0,1,0,0,0,0,1,1
233,BlGeometry,the geometry is used to define the geometry to be drawn and the interaction area.,0,1,0,0,0,0,1,2,0
236,BlGeometryAnchorListener,i am an event listener that listens anchor moved event send by anchor,0,1,0,1,0,0,1,3,1
240,BlGeometryAnchorMoved,i am sent when anchor s position changed,0,0,0,0,0,0,1,1,0
242,BlGeometryElement,i am a root class of geometry elements elements driven by geometry anchors.,0,0,0,1,0,0,1,2,1
245,BlGridLayout,i layout elements in a rectangular grid.,0,0,0,0,0,0,1,1,0
246,BlGridLayout,all children of an element with gridlayout must use gridconstraints that allows users to configure how children are located within grid independently.,1,0,0,0,1,0,0,2,0
247,BlGridLayout,a grid consists of cells that are separated by invisible lines.,0,0,0,0,1,0,0,1,0
248,BlGridLayout,"each line is assigned to an index, meaning that a grid with n columns would have n 1 line.",0,0,0,0,1,0,0,1,0
249,BlGridLayout,"indices lie in closed interval 1, n 1 .",0,0,0,0,1,0,0,1,0
250,BlGridLayout,"grid layout supports fitcontent, matchparent and exact resizing mode of the owner.",0,0,0,0,1,0,0,1,0
251,BlGridLayout,children are allowed to have fitcontent and exact resizing modes.,0,0,0,0,1,0,0,1,1
252,BlGridLayout,because child s matchparent does not make sense in case of grid users should use #fill to declare that child should take all available cell s space.,0,0,0,0,1,0,0,1,0
253,BlGridLayout,"by default grid layout does not specify how many columns and rows exist, instead it tries to compute necessary amount of columns or rows depending on amount of children.",0,0,0,0,1,0,0,1,1
254,BlGridLayout,user can specify amount of columns or rows by sending columncount or rowcount to an instance of grid layout.,0,0,0,0,1,0,0,1,0
255,BlGridLayout,grid layout supports spacing between cells which can be set sending cellspacing message.,0,0,0,0,1,0,0,1,1
256,BlGridLayout,public api and key messages,0,0,0,0,0,1,0,1,0
257,BlGridLayout,columncount anumber to specify amount of columns,0,0,0,0,0,1,0,1,1
258,BlGridLayout,rowcount anumber to specify amount of rows,0,0,0,0,0,1,0,1,0
259,BlGridLayout,cellspacing anumber to specify spacing between cells,0,0,0,0,0,1,0,1,1
260,BlGridLayout,"alignmargins bounds of each element are extended outwards, according to their margins, before the edges of the resulting rectangle are aligned.",0,0,0,0,0,1,0,1,0
261,BlGridLayout,alignbounds alignment is made between the edges of each component s raw bounds,0,0,0,0,0,1,0,1,1
267,BlGridLayout,internal representation and key implementation points.,0,0,0,0,1,0,0,1,0
275,BlGridLayout,implementation points,0,0,0,0,1,0,0,1,0
296,BlGridLayoutArc,"i represent an association of span interval, associated value and validity flag.",0,0,0,1,0,0,0,1,0
297,BlGridLayoutArc,i am used by grid layout instead of dictionary of span value key value pair for performance reasons.,0,0,0,0,0,0,1,1,0
305,BlGridLayoutUsageExamples,i contain examples of a grid layout,0,0,0,0,0,0,1,1,0
306,BlGridLayoutUsageExamples,i show how different resizing strategies work and how to build advanced layouts with the help of a grid,0,0,0,0,0,0,1,1,1
309,BlHandlerRegistry,i am an event handler registry used by dispatchers in order to manage event handlers.,0,0,1,1,0,0,1,3,0
310,BlHandlerRegistry,example,0,0,1,0,0,0,0,1,1
311,BlHandlerRegistry,registry,0,0,1,0,0,0,0,1,0
336,BlHeadlessHost,i am a fallback host that is chosen if there are no other available and supported hosts.,0,0,0,1,0,0,1,2,1
339,BlHostPulseLoop,i am the bloc main loop.,0,0,0,1,0,0,0,1,0
340,BlHostPulseLoop,i indicate to the universe that is time to synchronize the state of the elements.,0,0,0,0,0,0,1,1,0
341,BlHostPulseLoop,a pulse is fired every 16ms if possible to obtain 60 frames per second fps maximum.,0,0,0,0,1,0,0,1,0
342,BlHostPulseLoop,this may be delayed if there are background processes wanting to run to ensure that background calculation of ui elements can complete .,0,0,0,0,1,0,0,1,0
344,BlHostPulseLoop,the opened spaces listen the pulse to be synchronized and to update their state when it is needed.,0,0,0,0,1,0,0,1,0
350,BlInfiniteDataSourceCommandType,i am a type of data source update command.,0,0,0,1,0,0,0,1,0
351,BlInfiniteDataSourceCommandType,i suppose to be stateless and therefore immutable.,0,0,0,0,1,0,0,1,0
352,BlInfiniteDataSourceCommandType,for performance and memory reasons i provide a unique instance of me to be shared among my users,0,0,0,0,1,0,0,1,1
357,BlInfiniteDataSourceItemRangeMoved,this is a structural change event.,0,0,0,0,0,0,1,1,0
358,BlInfiniteDataSourceItemRangeMoved,"representations of other existing items in the data set are still considered up to date and will not be rebound, though their positions may be altered.",0,0,0,0,0,0,1,1,1
359,BlInfiniteDataSourceItemRangeMoved,sent by,0,1,0,0,0,0,0,1,0
360,BlInfiniteDataSourceItemRangeMoved,blinfinitedatasource,1,1,0,0,0,0,0,2,1
361,BlInfiniteDataSourceItemRangeMoved,example,0,0,1,0,0,0,0,1,0
362,BlInfiniteDataSourceItemRangeMoved,infiniteelement datasource,0,0,1,0,0,0,0,1,1
363,BlInfiniteDataSourceItemRangeMoved,addeventhandleron blinfinitedatasourceitemrangemoved,1,1,1,0,0,0,0,3,0
364,BlInfiniteDataSourceItemRangeMoved,"do event self inform item was moved from , event from asstring, to , event to asstring",0,0,1,0,0,0,0,1,0
374,BlInfiniteExampleClassesDataSource,i am a data source of the collection of all classes in the image,0,1,0,1,0,0,0,2,0
378,BlInfiniteItemAnimationsFinished,"i can be used, for example, to delay an action in a data set until currently running animations are complete.",0,0,0,0,0,0,1,1,0
380,BlInfiniteSmoothScrollerAction,i hold information about a smooth scroll request by a smoothscroller.,1,1,0,0,0,0,1,3,0
384,BlKeyCombination,i represent an abstract key combination which is the most important part of blshortcut .,0,0,0,1,0,0,0,1,0
385,BlKeyCombination,i define an event matching api that allows blshortcuthandler to find the most appropriate shortcut for currently pressed keys.,1,0,0,0,0,0,0,1,0
387,BlKeyCombination,see blkeycombinationvisitor,1,0,0,0,0,0,0,1,0
388,BlKeyCombination,see blkeycombinationexamples for related examples.,1,0,0,0,0,0,0,1,0
394,BlKeyCombinationConverterCNF,i transform composite key combination formula into a cnf https en^wikipedia.org wiki conjunctive normal form,0,0,0,0,0,1,1,2,0
397,BlLayout,bloc layout,0,0,0,1,0,0,0,1,1
398,BlLayout,i am the superclass for layouts in bloc and i define the api that a concrete layout needs to implement.,0,0,0,1,0,0,0,1,0
399,BlLayout,i am attached to a bloc element and define the visual structure of that bloc element.,0,1,0,0,0,0,1,2,0
400,BlLayout,"tipically this includes the position of child elements within the parent, or the size of the parent element.",0,1,0,0,0,0,0,1,0
401,BlLayout,layout constraints,0,0,0,0,1,0,0,1,0
402,BlLayout,i support a set of attributes refered to as constraints in bloc which define the visual properties of the layout.,0,0,0,0,1,0,0,1,0
403,BlLayout,"a small set of constraints, like padding, margin or minimal and maximum dimensions, are common among all the layouts.",0,0,0,0,1,0,0,1,0
404,BlLayout,"each layout has a dedicated constraint objects, instance of class bllayoutcommonconstraints , that contain these common constraints.",0,0,0,0,1,0,0,1,0
405,BlLayout,each type of layout can further define its own specific constraints by creating a subclass of class bllayoutconstraints .,0,0,0,0,1,0,0,1,0
407,BlLayout,layout phase in a frame,0,0,0,0,1,0,0,1,0
408,BlLayout,layouting of elements is a phase executed by a space during every frame.,0,0,0,0,1,0,0,1,0
409,BlLayout,"every frame, the space goes through several phases method blspaceframe #initializephases .",0,0,0,0,1,0,0,1,0
410,BlLayout,phases are modeled as subclasses of class blspaceframephase and are executed once per frame.,0,0,0,0,1,0,0,1,0
411,BlLayout,"one of them, class blspaceframelayoutphase , consists in layouting the elements contained in the space.",0,0,0,0,1,0,0,1,0
412,BlLayout,"this is done after events and tasks have been executed, but before the drawing phase.",0,0,0,0,1,0,0,1,0
413,BlLayout,"layouting should to be executed during a frame when various properties like, width, height or position change in any element contained by the space.",0,0,0,0,1,0,0,1,0
414,BlLayout,"however, an important aspect in bloc, is that when one of these properties changes, layouting is not performed immediately.",0,0,0,0,1,0,0,1,0
415,BlLayout,"instead, a layout request is issued by the element whose property changed using the message method blelement #requestlayout .",0,0,0,0,1,0,0,1,0
416,BlLayout,"this has the advantage that if no element request layout, this phase can be skipped.",0,0,0,0,1,0,0,1,0
417,BlLayout,also it does not matter if layout is requeste one or 1000 time only one layout phase is performed improving performance.,0,0,0,0,1,0,0,1,0
418,BlLayout,"hence, in bloc layout is not executed immediately after a property like the width of an element changes.",0,0,0,1,1,0,0,2,0
419,BlLayout,"instead layout is requested and perfomed, if needed, during every frame.",0,0,0,0,1,0,0,1,0
420,BlLayout,"when needing to test layouts, however, it is necessary to apply a layout immediately, instead of waiting for a frame to end.",0,0,0,0,1,0,0,1,0
421,BlLayout,"that can be done using the messafe method blelement #forcelayout this should not be used outside of tests, as it bypasses the normal layouting system from bloc.",0,0,0,0,1,0,0,1,0
423,BlLayout,"however, often elements need to reach and perform actions, when for example their position or extent changes.",0,0,0,0,1,0,0,1,0
424,BlLayout,they can react by requesting another layout.,0,0,0,0,1,0,0,1,0
425,BlLayout,a tipical example is deadling with edges.,0,0,0,0,1,0,0,1,0
426,BlLayout,an edge can be layouted only after the position of the elements that it connects is known.,0,0,0,0,1,0,0,1,0
427,BlLayout,"hence, often the layout needs to be applied twice, or more, during the layouting phase.",0,0,0,0,1,0,0,1,0
428,BlLayout,"the space only allows layout requests during the layouting phase a limited number of times method blspace #computelayout to avoid blocking rendering due to infinite recursions caused by layout requests, or void spending too much time on layouts in a frame.",0,0,0,0,1,0,0,1,0
429,BlLayout,"more technical details can be found in the method method blspace #dolayout , the main entry point for executing the layout phase in a space.",0,0,0,0,1,0,0,1,0
430,BlLayout,performing a layout,0,0,0,0,1,0,0,1,0
431,BlLayout,the space starts the layouting process on the root element of that space.,0,0,0,0,1,0,0,1,0
432,BlLayout,performing the layout on an element consists in executing three main steps,0,0,0,0,1,0,0,1,0
437,BlLayout,measuring bounds,0,0,0,0,1,0,0,1,0
438,BlLayout,this is the first step when performing a layout on an element and consists in determening the measured bounds of that element.,0,0,0,0,1,0,0,1,0
439,BlLayout,each element can decide how it wants to be measured method blelement #onmeasure .,0,0,0,0,1,0,0,1,0
440,BlLayout,by default class blelement delegates the measuring to its layout.,0,0,0,0,1,0,0,1,0
441,BlLayout,layouts should override method bllayout #measure with to implement the actual measuring.,0,0,0,0,1,0,0,1,0
442,BlLayout,normally layouts follow a top to bottom approach they measure the current element and then asks its children to do the measuring.,0,0,0,0,1,0,0,1,0
443,BlLayout,each element has real bounds blelement #bounds and measured bounds blelement #measuredbounds .,0,0,0,0,1,0,0,1,0
444,BlLayout,the real bounds contain the actual position and extent of an element that users of that element should rely on.,0,0,0,0,1,0,0,1,0
445,BlLayout,the measured bounds are used during layouting to hold the new extent of an element.,0,0,0,0,1,0,0,1,0
446,BlLayout,the measuring phase changes only the extent in the measured bounds.,0,0,0,0,1,0,0,1,0
447,BlLayout,after the entire layout phase is completed the real bounds and measured bounds will have the same value.,0,0,0,0,1,0,0,1,0
448,BlLayout,the measured bounds act like a temporary cache for the new bounds of an element.,0,0,0,0,1,0,0,1,0
449,BlLayout,they were introduced to avoid changing the real extent of element while layouting of children is still being performed.,0,0,0,0,1,0,0,1,0
450,BlLayout,todo explain why position is sometime changed in the measured bounds,0,0,0,0,1,0,0,1,0
451,BlLayout,applying the layout,0,0,0,0,1,0,0,1,0
452,BlLayout,commiting changes,0,0,0,0,1,0,0,1,0
453,BlLayout,todo,0,0,0,0,1,0,0,1,0
454,BlLayout,"space starts the measurement process from the root element after measurement it tell children to measure themselves, etc",0,0,0,0,1,0,0,1,0
455,BlLayout,measurement top to bottom though all the composition of elements.,0,0,0,0,1,0,0,1,0
456,BlLayout,this step find the size of an element and sets measuredextent or position sometimes,0,0,0,0,1,0,0,1,0
457,BlLayout,space starts the layout step,0,0,0,0,1,0,0,1,0
458,BlLayout,as we know the size of each child we compute the actual position for each child,0,0,0,0,1,0,0,1,0
459,BlLayout,changes the real extent to measured extent and the real position to the computed layout position,0,0,0,0,1,0,0,1,0
460,BlLayout,elements announce events for position and extent changed,0,0,0,0,1,0,0,1,0
461,BlLayout,without event handlers the layout process is going to happen only once.,0,0,0,0,1,0,0,1,0
462,BlLayout,for example when nodes change the position edges should be updated.,0,0,0,0,1,0,0,1,0
463,BlLayout,layout events,0,0,0,0,1,0,0,1,0
464,BlLayout,todo,0,0,0,0,1,0,0,1,0
465,BlLayout,layout api,0,0,0,0,1,0,0,1,0
466,BlLayout,i define an api of a layout.,0,0,0,0,1,1,0,2,0
467,BlLayout,concrete implementations should focus on measure with and layout in,0,0,0,0,1,1,0,2,0
543,BlLocalImageCacheTest,this class contains tests,0,0,0,0,0,0,1,1,0
545,BlMatrix2D,i represent a matrix used for 2d affine transformations.,0,0,0,1,0,0,0,1,0
547,BlMatrix2D,my components are named according to mathematical convention,0,0,0,0,1,0,0,1,0
548,BlMatrix2D,a11 a12 sx shy,0,0,0,0,1,0,0,1,0
549,BlMatrix2D,a21 a22 shx sy,0,0,0,0,1,0,0,1,0
550,BlMatrix2D,a31 a32 x y,0,0,0,0,1,0,0,1,0
556,BlMatrixDecomposition,i represent a matrix decomposition in components.,0,0,0,1,0,0,0,1,0
557,BlMatrixDecomposition,for example in case of 2d matrix they are,0,0,0,0,1,0,0,1,0
558,BlMatrixDecomposition,translation,0,0,0,0,1,0,0,1,0
559,BlMatrixDecomposition,scale,0,0,0,0,1,0,0,1,0
560,BlMatrixDecomposition,rotation angle,0,0,0,0,1,0,0,1,0
561,BlMatrixDecomposition,top left 2x2 minor of original matrix,0,0,0,0,1,0,0,1,0
562,BlMatrixDecomposition,3d 4x4 matrices are decomposed as follows,0,0,0,0,1,0,0,1,0
563,BlMatrixDecomposition,translation,0,0,0,0,1,0,0,1,0
564,BlMatrixDecomposition,scale,0,0,0,0,1,0,0,1,0
565,BlMatrixDecomposition,skew,0,0,0,0,1,0,0,1,0
566,BlMatrixDecomposition,perspective,0,0,0,0,1,0,0,1,0
567,BlMatrixDecomposition,quaternion,0,0,0,0,1,0,0,1,0
580,BlMatrixTransformation,i am an affine transformation that is directly defined by transformation matrix,0,0,0,1,0,0,0,1,0
582,BlMeasurementUnspecifiedMode,i represent a concrete implementation of unspecified measurement mode.,0,0,0,1,0,0,0,1,0
583,BlMeasurementUnspecifiedMode,for more information see class comment of blmeasurementmode,1,0,0,0,0,0,0,1,0
586,BlMorphicHostSpace,i am a host space created by blmorphichost.,0,0,0,1,0,0,0,1,0
587,BlMorphicHostSpace,i make it possible to embed bloc space within arbitrary morphs.,0,0,0,0,0,0,1,1,0
591,BlMorphicSpaceHostMorph,i act as a space host for a bloc space,0,1,0,1,0,0,0,2,0
594,BlMorphicWindowHost,i am a concrete implementation of a blhost that allows users to open host bloc spaces within moprhic windows,1,1,0,1,0,0,1,4,0
599,BlMorphicWindowOpenedEvent,i am fired by morphic host window when it is opened in the world,1,1,0,1,0,0,0,3,0
603,BlMouseMiddleButton,i am a middle mouse button.,0,0,0,1,0,0,0,1,0
604,BlMouseMiddleButton,often can be triggered by mouse wheel click,0,0,0,0,0,0,1,1,0
607,BlMouseMoveEvent,the mouse move event is fired when a pointing device usually a mouse is moved while over an element.,0,1,0,0,0,0,0,1,0
610,BlMouseProcessor,i am an event processor.,0,0,0,1,0,0,0,1,0
611,BlMouseProcessor,i convert basic events to more complex events.,0,1,0,0,0,0,1,2,0
612,BlMouseProcessor,"for example, i generate events like click, dbl click, drag&drop, .",0,0,1,0,0,0,0,1,0
613,BlMouseProcessor,"from mouse down, mouse up, and mouse move events.",0,0,1,0,0,0,0,1,0
620,BlPerpendicularFractionAnchor,i am a virtual anchor that lays on a perpendicular to a line between two reference anchors.,0,0,0,1,0,0,1,2,0
621,BlPerpendicularFractionAnchor,the curvature distance from the line connecting reference anchors is defined as a fraction curvaturefraction of a length between anchors.,0,0,0,0,1,0,0,1,0
625,BlPolygon,example,0,0,1,0,0,0,0,1,0
626,BlPolygon,blpolygon vertices,0,0,1,0,0,0,0,1,0
627,BlPolygon,10@50.,0,0,1,0,0,0,0,1,0
628,BlPolygon,50@20.,0,0,1,0,0,0,0,1,0
629,BlPolygon,150@40.,0,0,1,0,0,0,0,1,0
630,BlPolygon,180@150.,0,0,1,0,0,0,0,1,0
631,BlPolygon,80@140,0,0,1,0,0,0,0,1,0
639,BlRectangleShapeWithArrowExplanation,rectangle geometry with arrow pointer,0,0,1,0,0,0,0,1,0
640,BlRectangleShapeWithArrowExplanation,"the goal of this tutorial is to create an element with an arrow like pointer in the middle of the top edge, as shown below",0,0,1,0,0,0,0,1,0
641,BlRectangleShapeWithArrowExplanation,example blrectangleshapewitharrowexplanation #elementwithtoparrowgeometry nocode previewshow gtlivefor previewheight 250,0,0,1,0,0,0,0,1,0
642,BlRectangleShapeWithArrowExplanation,"a traditional way to implement such geometry is to create a subclass of class blgeometry , override method blgeometry #buildpathonspartacanvas and implement quite cumbersome algorithm that computes the location of each point and then connects those points using moveto and lineto commands provided by pathbuilder .",1,0,1,0,0,0,0,2,0
643,BlRectangleShapeWithArrowExplanation,"the problem with such solution is its exponential increase in compolexity each time we would like to parametrize and customize the resulting geometry, for example the size of the arrow or its horizontal position.",0,0,1,0,0,0,0,1,0
644,BlRectangleShapeWithArrowExplanation,"even more compex would be to implement the support for positioning the arrow on different edges eg left, bottom or an ability to have multiple arrows on separate edges.",0,0,1,0,0,0,0,1,0
645,BlRectangleShapeWithArrowExplanation,this is where a class blvectorshape comes in handy.,1,0,1,0,0,0,0,2,0
646,BlRectangleShapeWithArrowExplanation,creating a rectangle shape,0,0,1,0,0,0,0,1,0
647,BlRectangleShapeWithArrowExplanation,we will start with creation of the rectangle shape class blrectangleshape,1,0,1,0,0,0,0,2,0
648,BlRectangleShapeWithArrowExplanation,example blrectangleshapewitharrowexplanation #rectangleshape previewshow #gtlivefor previewexpanded true previewheight 250,0,0,1,0,0,0,0,1,0
649,BlRectangleShapeWithArrowExplanation,translating the top edge,0,0,1,0,0,0,0,1,0
650,BlRectangleShapeWithArrowExplanation,in order to give the arrow pointing up enough space we should move the top edge of the rectangle down by the length of the arrow.,0,0,1,0,0,0,0,1,0
651,BlRectangleShapeWithArrowExplanation,first of all we should ask the rectangle shape to give us its top edge method blrectangleshape #topedge .,0,0,1,0,0,0,0,1,0
652,BlRectangleShapeWithArrowExplanation,by default the topedge of the rectangle is an instance of class bllineshape which can be translated by sending method bllineshape #moveby to the topedge,1,0,1,0,0,0,0,2,0
653,BlRectangleShapeWithArrowExplanation,example blrectangleshapewitharrowexplanation #rectanglewithtranslatedtopedge previewshow #gtlivefor previewexpanded true previewheight 250,0,0,1,0,0,0,0,1,0
654,BlRectangleShapeWithArrowExplanation,injecting a line inside of the top edge,0,0,1,0,0,0,0,1,0
655,BlRectangleShapeWithArrowExplanation,next step on our way to the arrow is to inject a line segment equal to the length of the arrow in the middle of the topedge .,0,0,1,0,0,0,0,1,0
656,BlRectangleShapeWithArrowExplanation,it can be done by sending method bllineshape #injectlineat length to the topedge .,0,0,1,0,0,0,0,1,0
657,BlRectangleShapeWithArrowExplanation,since we want to inject a line right in the middle of the edge we pass 05 as a line location,0,0,1,0,0,0,0,1,0
658,BlRectangleShapeWithArrowExplanation,example blrectangleshapewitharrowexplanation #rectanglewithtopinjectedline previewshow #gtlivefor previewexpanded true previewheight 250,0,0,1,0,0,0,0,1,0
659,BlRectangleShapeWithArrowExplanation,splitting the injected line,0,0,1,0,0,0,0,1,0
660,BlRectangleShapeWithArrowExplanation,we are almost ready to create a rectangular arrow.,0,0,1,0,0,0,0,1,0
661,BlRectangleShapeWithArrowExplanation,we just need to split an injected line in half in order to create the top corner of the rectangle.,0,0,1,0,0,0,0,1,0
662,BlRectangleShapeWithArrowExplanation,we can do so by sending a method bllineshape #splitat to the now middle section of the topedge which was created by the previous line injection step,0,0,1,0,0,0,0,1,0
663,BlRectangleShapeWithArrowExplanation,example blrectangleshapewitharrowexplanation #rectanglewithtoppolylinesplitinhalf previewshow #gtlivefor previewexpanded true previewheight 250,0,0,1,0,0,0,0,1,0
664,BlRectangleShapeWithArrowExplanation,moving the top of the triangle,0,0,1,0,0,0,0,1,0
665,BlRectangleShapeWithArrowExplanation,once we have everything we need for the arrow triangle we can move it s top up by the length of the arrow.,0,0,1,0,0,0,0,1,0
666,BlRectangleShapeWithArrowExplanation,to do so we should send method blpointshape #moveby to the connection point of the splitted line in the middle of the topedge .,0,0,1,0,0,0,0,1,0
667,BlRectangleShapeWithArrowExplanation,after doing so we receive the expected vector shape we we can later use together with class blshapegeometry,1,0,1,0,0,0,0,2,0
668,BlRectangleShapeWithArrowExplanation,example blrectangleshapewitharrowexplanation #rectanglewithtoparrow previewshow #gtlivefor previewexpanded true previewheight 250,0,0,1,0,0,0,0,1,0
705,BlScalableFitHeightStrategy,i make sure that content element fits vertically within scalable element.,0,0,0,0,0,0,1,1,0
708,BlScalableFitWidthStrategy,i make sure that content element fits horizontally within scalable element.,0,0,0,0,0,0,1,1,0
711,BlSelection,i represent a text selection defined as interval from^^^to,0,0,0,1,0,0,0,1,0
713,BlSpaceEventExamples,i contain examples of space related events,0,0,0,0,0,0,1,1,0
715,BlSpaceFramePhase,i represent a frame phase.,0,0,0,1,0,0,0,1,0
716,BlSpaceFramePhase,each phase knows about its start time and send a corresponding event once the phase is completed.,0,0,0,0,0,0,1,1,0
719,BlSpartaMozSkiaCanvasBuilder,i am a copy of class blspartamozcanvasbuilder.,0,0,0,1,0,0,0,1,0
721,BlSpartaMozSkiaCanvasBuilder,i build sparta canvas using moz2d backend,0,0,0,0,0,0,1,1,0
724,BlTextBackgroundAttribute,i represent a text background attribute.,0,0,0,1,0,0,0,1,0
725,BlTextBackgroundAttribute,i am used together with brtext and brtextstyler to style text.,0,1,0,0,0,0,1,2,0
726,BlTextBackgroundAttribute,public api and key messages,0,0,0,0,0,1,0,1,0
727,BlTextBackgroundAttribute,paint set background paint,0,0,0,0,0,1,0,1,0
728,BlTextBackgroundAttribute,example,0,0,1,0,0,0,0,1,0
729,BlTextBackgroundAttribute,brtextbackgroundattribute paint color yellow,0,0,1,0,0,0,0,1,0
741,BlTextElementMeasurementStrategyExamples,text measurement strategies,0,0,1,0,0,0,0,1,0
742,BlTextElementMeasurementStrategyExamples,"class bltextelement provides different text measurement strategies, each suitable for a specific use case.",0,1,0,0,0,0,0,1,0
743,BlTextElementMeasurementStrategyExamples,"there is no perfect strategy, therefore understanding the differences between them is an important step in learning how to work with text in bloc.",0,1,1,0,0,0,0,2,0
744,BlTextElementMeasurementStrategyExamples,label measurement,0,0,1,0,0,0,0,1,0
746,BlTextElementMeasurementStrategyExamples,the height of the text element in this case is a sum of ascent and descent which is given by the font.,0,0,1,0,0,0,0,1,0
747,BlTextElementMeasurementStrategyExamples,it means that the height of the text is independent from the content.,0,0,1,0,0,0,0,1,0
748,BlTextElementMeasurementStrategyExamples,the width is given by the exact bounds of the element s text.,0,0,1,0,0,0,0,1,0
750,BlTextElementMeasurementStrategyExamples,"please note, that since the width is precise and depends on the content, whitespace is not taken into account when computing the width of the text element.",0,0,1,0,0,0,0,1,0
751,BlTextElementMeasurementStrategyExamples,example bltextelementmeasurementstrategyexamples #textelementwithlabelmeasurement nocode previewshow #gtlivefor previewheight 100,0,0,1,0,0,0,0,1,0
752,BlTextElementMeasurementStrategyExamples,editor measurement,0,0,1,0,0,0,0,1,0
753,BlTextElementMeasurementStrategyExamples,a similar measurement strategy which is designed to be used in a text editor computes the width of the element using the #advance property of a text paragraph.,0,0,1,0,0,0,0,1,0
754,BlTextElementMeasurementStrategyExamples,the height is computed as a sum of ascent and descent.,0,0,1,0,0,0,0,1,0
755,BlTextElementMeasurementStrategyExamples,method bltextelement #editormeasurement,0,0,1,0,0,0,0,1,0
756,BlTextElementMeasurementStrategyExamples,example bltextelementmeasurementstrategyexamples #textelementwitheditormeasurement nocode previewshow #gtlivefor previewheight 100,0,0,1,0,0,0,0,1,0
757,BlTextElementMeasurementStrategyExamples,precise measurement,0,0,1,0,0,0,0,1,0
758,BlTextElementMeasurementStrategyExamples,"however, sometimes we want to know the exact and precise text bounds.",0,0,1,0,0,0,0,1,0
759,BlTextElementMeasurementStrategyExamples,method bltextelement #tightmeasurement does exactly that and clips off any white space surrounding the text.,0,0,1,0,0,0,0,1,0
760,BlTextElementMeasurementStrategyExamples,"it may be useful for displaying a short piece of a text, usually a word centered within a larger element.",0,0,1,0,0,0,0,1,0
761,BlTextElementMeasurementStrategyExamples,example bltextelementmeasurementstrategyexamples #textelementwithtightmeasurement nocode previewshow #gtlivefor previewheight 75,0,0,1,0,0,0,0,1,0
762,BlTextElementMeasurementStrategyExamples,conslusion,0,0,1,0,0,0,0,1,0
764,BlTextElementMeasurementStrategyExamples,example bltextelementmeasurementstrategyexamples #measurementdifference nocode previewshow #gtlivefor previewheight 220,0,0,1,0,0,0,0,1,0
793,BlTextUnderlineAttribute,i represent a text underline attribute.,0,0,0,1,0,0,0,1,0
794,BlTextUnderlineAttribute,i am used together with class bltext and class tbltextstyleable to style text.,0,1,0,0,0,0,1,2,0
800,BlTime,i encapsulate a concept of time and play a role of a time provider for animations or other parts of the system that compute durations or how much time passed since some action.,1,1,0,0,0,0,1,3,0
806,BlUniverseEvent,i am an event that is sent to the universe by the host to control the universe s lifecycle,1,1,0,1,0,0,0,3,0
810,BlUniverseEventsCleared,emitted when all of the event loop s events have been processed and control flow is about to be taken away from the universe.,0,0,0,0,0,0,1,1,0
812,BlVisibilityHidden,i am a concrete visibility type hidden .,0,0,0,1,0,0,0,1,0
815,BrEditorTextFlowLine,i represent a single line of a flow layout.,0,0,0,1,0,0,0,1,0
816,BrEditorTextFlowLine,i store reference to the next line in order to avoid unnecessary array of lines creation for a very common case of just one line,0,0,0,0,0,0,1,1,0
819,BrExampleColoredElementStencil,i am an example of a custom stencil that creates a rounded rectangular element with cusomizable background color and corner radius,0,0,0,1,0,1,1,3,0
823,BrExamplesShowroom,i am a collection of showroom examples.,0,0,0,1,0,0,0,1,0
824,BrExamplesShowroom,buttons,0,0,1,0,0,0,0,1,0
825,BrExamplesShowroom,in the example below we show all existing button styles,0,0,1,0,0,0,0,1,0
827,BrExamplesShowroom,"the following glamorous button reacts to various ui interaction events and changes its style according the state pressed, hovered",0,0,1,0,0,0,0,1,0
828,BrExamplesShowroom,example brexamplesshowroom #glamorousbutton,0,0,1,0,0,0,0,1,0
829,BrExamplesShowroom,button can also be disabled to prevent click events,0,0,1,0,0,0,0,1,0
830,BrExamplesShowroom,example brexamplesshowroom #glamorousdisabledbutton,0,0,1,0,0,0,0,1,0
831,BrExamplesShowroom,toggles,0,0,1,0,0,0,0,1,0
834,BrExamplesShowroom,labelled toggle,0,0,1,0,0,0,0,1,0
835,BrExamplesShowroom,to create a toggle button with a label user should the corresponding class brmaterialtogglewithiconlook,0,0,1,0,0,0,0,1,0
836,BrExamplesShowroom,example brexamplesshowroom #materiallabeltoggle,0,0,1,0,0,0,0,1,0
837,BrExamplesShowroom,iconified toggle,0,0,1,0,0,0,0,1,0
839,BrExamplesShowroom,example brexamplesshowroom #materialicontoggle,0,0,1,0,0,0,0,1,0
841,BrExamplesShowroom,we can compose label and icon looks to create a toggle button with both label and the icon.,0,0,1,0,0,0,0,1,0
842,BrExamplesShowroom,note that the order of looks defines the visual order of the label and icon,0,0,1,0,0,0,0,1,0
843,BrExamplesShowroom,example brexamplesshowroom #materialtoggle,0,0,1,0,0,0,0,1,0
844,BrExamplesShowroom,thus being said by swapping the label and icon look we can move the icon to the right from the label,0,0,1,0,0,0,0,1,0
845,BrExamplesShowroom,example brexamplesshowroom #materialreversedtoggle,0,0,1,0,0,0,0,1,0
846,BrExamplesShowroom,accordion,0,0,1,0,0,0,0,1,0
851,BrExamplesShowroom,tabs,0,0,1,0,0,0,0,1,0
853,BrExamplesShowroom,the content of each tab is defined with the help of a stencil.,0,0,1,0,0,0,0,1,0
855,BrExamplesShowroom,toolbar,0,0,1,0,0,0,0,1,0
856,BrExamplesShowroom,the toolbar is a logical set of action buttons either labelled or iconified .,0,0,1,0,0,0,0,1,0
857,BrExamplesShowroom,example brexamplesshowroom #glamoroustoolbar,0,0,1,0,0,0,0,1,0
858,BrExamplesShowroom,example brexamplesshowroom #materialtoolbar,0,0,1,0,0,0,0,1,0
859,BrExamplesShowroom,list,0,0,1,0,0,0,0,1,0
903,BrGlamorousIcons,i am a glamorous icons container.,0,0,0,1,0,0,0,1,0
904,BrGlamorousIcons,you can import new icons using method name brglamorousicons class #importiconsfromdirectory using the script below.,0,0,0,0,1,0,1,2,0
905,BrGlamorousIcons,it imports all png files and creates class methods with the same name.,0,0,1,0,0,0,1,2,0
906,BrGlamorousIcons,brglamorousicons importiconsfromdirectory .,0,0,1,0,0,0,0,1,0
907,BrGlamorousIcons,gt icons asfilereference,0,0,1,0,0,0,0,1,0
908,BrGlamorousIcons,here is a list of available icons,0,0,0,0,0,1,0,1,0
909,BrGlamorousIcons,class brglamorousicons show gticonsfor expanded,0,0,0,0,0,1,0,1,0
919,BrInteractiveModel,"i am a composite interaction model responsible for managing widget state such as pressed, hovered, focused.",0,1,0,1,0,0,1,3,0
923,BrLook,i define how widgets look.,0,0,0,0,0,0,1,1,0
924,BrLook,in addition to the brviewmodel i listen to ui events and update decoration non meaningful elements of the widgets,1,1,0,0,0,0,1,3,0
929,BrMaterialToggleBackgroundLook,i describe how background of a material toggle button changes due to toggle events,0,0,0,0,0,0,1,1,0
931,BrPagerPagePreviewResizeListener,i update the size of a page preview element in a scroll bar according to the size of a corresponding page,0,0,0,0,0,0,1,1,0
933,BrPagerPageResizerElement,i am the element with which a pager page can be resized horizontally.,0,1,0,1,0,0,0,2,0
936,BrSelectionRequest,i am sent by a look to request selection update from the view model,0,0,0,0,0,0,1,1,0
938,BrTabAddedEvent,i am sent when a new tab is added to class brtabgroupmodel,1,1,0,0,0,0,1,3,0
942,BrTextEditor,the moldable editor,0,0,0,1,0,0,0,1,0
943,BrTextEditor,"i edit text and provide high level abstractions of essential text editor functionality such as selection, cursor, text insertions and deletions.",0,0,0,0,0,0,1,1,0
944,BrTextEditor,i make use of class brtextadornmentattribute to augment text with visual elements.,1,1,0,0,0,0,0,2,0
950,BrTextEditorCursorElementRemovedEvent,i am sent by the text editor element when an element playing a role of the cursor is removed from the editor,0,0,0,1,0,0,1,2,0
953,BrTextEditorExamples,today we will learn how to compose an editor,0,0,0,0,0,0,1,1,0
955,BrTextEditorExamples,show gtprintin,0,0,1,0,0,0,0,1,0
956,BrTextEditorExamples,10 factorial,0,0,1,0,0,0,0,1,0
957,BrTextEditorExamples,first create the text,0,0,1,0,0,0,0,1,0
958,BrTextEditorExamples,example brtexteditorexamples #newtext,0,0,1,0,0,0,0,1,0
959,BrTextEditorExamples,"next, we build the editor",0,0,1,0,0,0,0,1,0
960,BrTextEditorExamples,example brtexteditorexamples #neweditor,0,0,1,0,0,0,0,1,0
961,BrTextEditorExamples,"then, we attach text to the enditor.",0,0,1,0,0,0,0,1,0
962,BrTextEditorExamples,example brtexteditorexamples #editor text,0,0,1,0,0,0,0,1,0
963,BrTextEditorExamples,"next, we create an editor element.",0,0,1,0,0,0,0,1,0
964,BrTextEditorExamples,example brtexteditorexamples #newelement show gtlivein,0,0,1,0,0,0,0,1,0
965,BrTextEditorExamples,"and finally, build everything together",0,0,1,0,0,0,0,1,0
966,BrTextEditorExamples,example brtexteditorexamples #element editortext show gtlivein,0,0,1,0,0,0,0,1,0
967,BrTextEditorExamples,done,0,0,1,0,0,0,0,1,0
982,BrTextEditorLetterInputFilter,i only allow letters,0,0,0,0,0,0,1,1,0
984,BrTextEditorLineSplitter,i split a piece of text into line segments class brtexteditorlinesegment,1,0,0,0,0,0,1,2,0
987,BrTextEditorSelectionRecorder,i am used to record text selection intervals while user drags mouse over the text editor.,0,1,0,0,0,0,1,2,0
988,BrTextEditorSelectionRecorder,additionally i play a role of a selection strategy to support single or multiple selection.,0,1,0,0,0,0,1,2,0
993,BrTextEditorSelectionUpdateCommand,i do the hard job of visually updating selection by requesting segment holders to partially update themselves,0,0,0,0,0,1,1,2,0
996,GlutinResumedEvent,emitted when the application has been resumed.,0,0,0,0,0,0,1,1,0
998,Gt4XMLHighlightedToken,this class stores a highlight textcolor and 1 based start end highlight positions.,1,0,0,0,1,0,1,3,0
1002,GtABAddress,i hold all data relevant for an address,0,0,0,0,0,0,1,1,0
1004,GtConnectorButtonAddedEvent,is sent after button is added to the scene graph,0,0,0,0,0,0,1,1,0
1006,GtConnectorButtonCreatedEvent,is sent by buttonattribute after button is created.,0,1,0,0,0,0,1,2,0
1007,GtConnectorButtonCreatedEvent,i allow connector to be notified and attach its own additional handlers to newly created button,0,1,0,0,0,0,1,2,0
1012,GtDiagrammerArrowheadFilledCircleStencil,i create a filled circle arrow head with the border and background equal to the color of the curve,0,0,0,0,0,0,1,1,0
1014,GtDiagrammerArrowheadFilledTriangleStencil,i create a filled triangle arrowhead,0,0,0,0,0,0,1,1,0
1016,GtDiagrammerArrowheadNoneStencil,i am used to remove arrow heads,0,0,0,0,0,0,1,1,0
1018,GtDiagrammerDummyTool,i am a dummy tool that does nothing,0,0,0,1,0,0,1,2,0
1021,GtDiagrammerEditorList,i display a list of editors of an object in a vertical list.,0,1,0,0,0,0,1,2,0
1022,GtDiagrammerEditorList,i fetch data from the diagrammer editor data source,0,1,0,0,0,0,1,2,0
1027,GtDiagrammerEllipseStencil,i create an ellipse element,0,0,0,0,0,0,1,1,0
1029,GtDiagrammerExamples,diagrammer,0,0,1,0,0,0,0,1,1
1033,GtDiagrammerPicker,i am a scriptable toogle group to display a uniform collection of selectable values.,0,0,0,1,0,0,0,1,0
1034,GtDiagrammerPicker,picker,0,0,1,0,0,0,0,1,0
1037,GtDiagrammerPicker,picker display hello .,0,0,1,0,0,0,0,1,1
1038,GtDiagrammerPicker,world .,0,0,1,0,0,0,0,1,0
1039,GtDiagrammerPicker,i .,0,0,1,0,0,0,0,1,1
1040,GtDiagrammerPicker,am .,0,0,1,0,0,0,0,1,0
1041,GtDiagrammerPicker,a .,0,0,1,0,0,0,0,1,1
1042,GtDiagrammerPicker,picker .,0,0,1,0,0,0,0,1,1
1043,GtDiagrammerPicker,picker shape astring brtoggle new,0,0,1,0,0,0,0,1,0
1044,GtDiagrammerPicker,look brmaterialtogglelabelledlook,0,0,1,0,0,0,0,1,1
1045,GtDiagrammerPicker,margin blinsets all 3,0,0,1,0,0,0,0,1,1
1046,GtDiagrammerPicker,label astring .,0,0,1,0,0,0,0,1,1
1047,GtDiagrammerPicker,picker constraintsdo c,0,0,1,0,0,0,0,1,1
1048,GtDiagrammerPicker,c horizontal exact 400.,0,0,1,0,0,0,0,1,1
1049,GtDiagrammerPicker,c vertical fitcontent .,0,0,1,0,0,0,0,1,0
1050,GtDiagrammerPicker,picker when brtoggleactivatedevent do anevent self inform anevent model .,0,0,1,0,0,0,0,1,1
1051,GtDiagrammerPicker,picker,0,0,1,0,0,0,0,1,0
1071,GtDiagrammerStarStencil,i create a star element,0,0,0,0,0,0,1,1,1
1073,GtExampleDependenciesResolver,i know how to extract the dependencies of a given example.,0,0,0,0,0,0,1,1,0
1074,GtExampleDependenciesResolver,the dependencies of a given example consists in message sends to other method constructing an example.,0,0,0,0,0,0,1,1,0
1075,GtExampleDependenciesResolver,"to determine if a message send represents a dependency to a method containing an example, i use heuristic defined by subclasses of gtexampledependencyresolver .",1,0,0,0,1,0,0,2,0
1080,GtExampleFactory,i am a factory that can create class gtexample instances.,1,0,0,1,0,0,0,2,0
1081,GtExampleFactory,users should configure me with a #sourceclass .,0,0,0,0,1,1,0,2,0
1082,GtExampleFactory,this is the class used to look for methods defining examples.,0,0,0,0,1,0,0,1,1
1083,GtExampleFactory,"to create an example, a method defining an example is executed having a provider as a receiver.",0,0,0,0,1,0,0,1,0
1084,GtExampleFactory,"if the example method is defined on the class side, the provider is the class object.",0,0,0,0,1,0,0,1,1
1085,GtExampleFactory,"if the method is defined on the instance side, the provider consists in a new instance of that class.",0,0,0,0,1,0,0,1,0
1086,GtExampleFactory,"in the second case, a new instance is created for running each example method.",0,0,0,0,1,0,0,1,1
1087,GtExampleFactory,optionally users can configure the factory with an explicit provider.,0,0,0,0,1,0,0,1,0
1088,GtExampleFactory,"if this is done, this provider will be used for all examples created by the factory.",0,0,0,0,1,0,0,1,1
1089,GtExampleFactory,to initialize the subjects of an example i call #gtexamplesubjects on the provider object.,0,0,1,0,1,0,0,2,0
1090,GtExampleFactory,to initialize various properties of an example i detect all pragmas from the example method for which a method exists in class of the example the method should have the same name as the pragma keyword .,0,0,1,0,1,0,0,2,1
1091,GtExampleFactory,then i execute those methods with the example as a receiver and the pragma arguments.,0,0,1,0,1,0,0,2,0
1109,GtExampleInstanceSubject,i indicate that the subject of an example is an object.,0,0,0,0,0,0,1,1,0
1110,GtExampleInstanceSubject,i am the default subject of an example.,0,1,0,1,0,0,0,2,0
1115,GtExampleProcessor,i am an abstract class for manipulating examples.,0,0,0,1,0,0,0,1,1
1117,GtExampleProcessor,"for example, evaluating an example is to be treated differently from a debugging scenario, or from a scenario to recorver static dependencies.",0,0,1,0,0,0,0,1,1
1118,GtExampleProcessor,i maintain a context that can be accessed from within the examples being processed during the execution of the processor.,0,0,0,0,0,0,1,1,0
1119,GtExampleProcessor,#value execute the processor.,0,0,0,0,0,1,0,1,1
1120,GtExampleProcessor,"can return a value, depending on the processor.",0,0,0,0,0,1,0,1,1
1121,GtExampleProcessor,#canprocess verifies if the processor can execute on the given example.,0,0,0,0,0,1,0,1,0
1128,GtGradAbstractTreeLayout,this an implementation of a moen s tree layout algorithm.,0,0,0,1,0,0,0,1,1
1129,GtGradAbstractTreeLayout,moen s algorithm attempts to create a tree with a triangular shape and place nodes somewhat simetrically.,0,0,0,0,1,0,0,1,0
1130,GtGradAbstractTreeLayout,it is an extension of the well known reingold tilfold algorithm.,0,0,0,0,1,0,0,1,1
1131,GtGradAbstractTreeLayout,it improved the older algorithm s ability to handle non uniform sized nodes.,0,0,0,0,1,0,0,1,0
1132,GtGradAbstractTreeLayout,moen s trees are oriented horizontally.,0,0,0,0,1,0,0,1,1
1133,GtGradAbstractTreeLayout,"however, this implementation offers the posibility of choosing the orientation vertical or horizontal.",0,0,0,0,0,0,1,1,1
1134,GtGradAbstractTreeLayout,"the reingold tilfold algorithm, and thus moen s also, starts with a bottom up traversal of the tree.",0,0,0,0,1,0,0,1,1
1135,GtGradAbstractTreeLayout,it calculates left and right subtrees of a tree and merges them.,0,0,0,0,1,0,0,1,0
1136,GtGradAbstractTreeLayout,"when doing that, it makes sure that the parents are centered above their children.",0,0,0,0,1,0,0,1,1
1137,GtGradAbstractTreeLayout,"reignold tilfold s algorithm was originally designed only for binary trees, but later extended to work for non binary ones as well.",0,0,0,0,1,0,0,1,0
1138,GtGradAbstractTreeLayout,"while reignold tilfold s algorithm produces a compact tree layout, moen s strives to make a tighter one.",0,0,0,0,1,0,0,1,1
1139,GtGradAbstractTreeLayout,"to accomplish that, it uses shapes represented by polyline structures.",0,0,0,0,1,0,0,1,0
1140,GtGradAbstractTreeLayout,"these shapes are initially formed for each leaf, so that the polyline goes around the node, but leaves the left side open.",0,0,0,0,1,0,0,1,1
1141,GtGradAbstractTreeLayout,"during the first phase of the algorithm s execution bottom up traversal , these shapes are merged shapes of parents are merged with shapes of children.",0,0,0,0,1,0,0,1,1
1142,GtGradAbstractTreeLayout,"in this implementation, we call the polylines contours.",0,0,0,0,0,0,1,1,1
1143,GtGradAbstractTreeLayout,"when merging contours, minimum horizontal vertical offsets at which siblings can be placed with resepct to their upper left sibling depending of the layout s orientation are calculated",0,0,0,0,0,0,1,1,1
1144,GtGradAbstractTreeLayout,"once the bottom up traversal is finished, calculation of offsets is finished as well.",0,0,0,0,0,0,1,1,0
1145,GtGradAbstractTreeLayout,"at that point, the tree is traversed again, but this time from top root to the bottom.",0,0,0,0,0,0,1,1,1
1146,GtGradAbstractTreeLayout,"during this second traversal, positions of the tree s nodes are set.",0,0,0,0,0,0,1,1,0
1147,GtGradAbstractTreeLayout,"calculation of positions factors in the mentioned offsets, as well as the positions of the node s parent and the layout s node and level distance properties.",0,0,0,0,0,0,1,1,1
1148,GtGradAbstractTreeLayout,"additionally, this implementation supports alignment of nodes top, center, bottom in case of the vertical layout and left, center, right in case of the horizontal layout .",0,0,0,0,0,0,1,1,0
1149,GtGradAbstractTreeLayout,"this is done through calculation of differences in sizes of nodes compared to the largest nodes on the same level, as well as the differences in sizes of their parents compared to the largest nodes on the parent level.",0,0,0,0,0,0,1,1,1
1150,GtGradAbstractTreeLayout,gtgradtreelayout is a superclass of gtgradhorizontaltreelayout and gtgradverticaltreelayout classes and contains generic tree layout methods and definitions of methods the two subclasses need to redefine.,0,1,0,0,0,0,0,1,0
1151,GtGradAbstractTreeLayout,"generally, the differences between the implementations of the hozitonal and vertical variants are really small, revolving around one using or setting the x and the other y coordinates.",0,1,0,0,0,0,0,1,0
1180,GtGraphCircleEnclosure,smallest enclosing circle of circles,0,0,0,1,0,0,0,1,0
1181,GtGraphCircleEnclosure,i compute the smallest circle that encloses the specified array of circles.,0,0,0,0,0,0,1,1,0
1182,GtGraphCircleEnclosure,the enclosing circle is computed using the matou ek sharir welzl http www^inf.ethz^ch personal emo publfiles subexlinprog alg16 96^pdf algorithm.,0,0,0,0,0,0,1,1,0
1185,GtGraphCircleEnclosure,example gtgraphcircleenclosureexamples #emptyenclosure previewshow #gtpreviewfor previewheight 300,0,0,1,0,0,0,0,1,1
1186,GtGraphCircleEnclosure,"and add circles one by one, starting with a larger one.",0,0,1,0,0,0,0,1,0
1187,GtGraphCircleEnclosure,a circle enclosure is represented by a cyan circle.,0,0,1,0,0,0,0,1,1
1188,GtGraphCircleEnclosure,an enclosure of a single circle is a special case and can be computed directly by method gtgraphcircleenclosure class #enclosure .,0,0,1,0,0,0,0,1,0
1189,GtGraphCircleEnclosure,"note, that the added circle has a margin set which is taken into account by enclosure",0,0,1,0,0,0,0,1,1
1190,GtGraphCircleEnclosure,example gtgraphcircleenclosureexamples #enclosurewithonecircle previewshow #gtpreviewfor previewexpanded previewheight 300,0,0,1,0,0,0,0,1,0
1191,GtGraphCircleEnclosure,adding a second circle expands the enclosure circle to fit both circles c1 and c2 .,0,0,1,0,0,0,0,1,0
1192,GtGraphCircleEnclosure,two circle enclosure is also a special case and can be derived directly by method gtgraphcircleenclosure class #enclosure and,0,0,1,0,0,0,0,1,0
1193,GtGraphCircleEnclosure,example gtgraphcircleenclosureexamples #enclosurewithtwocircles previewshow #gtpreviewfor previewexpanded previewheight 300,0,0,1,0,0,0,0,1,1
1194,GtGraphCircleEnclosure,three circle enclosure is a special case too.,0,0,1,0,0,0,0,1,0
1195,GtGraphCircleEnclosure,method gtgraphcircleenclosure class #enclosure and and is responsible for the computation.,0,0,1,0,0,0,0,1,0
1196,GtGraphCircleEnclosure,let s add the third circle to our enclosure to see the result,0,0,1,0,0,0,0,1,0
1197,GtGraphCircleEnclosure,example gtgraphcircleenclosureexamples #enclosurewiththreecircles previewshow #gtpreviewfor previewexpanded previewheight 300,0,0,1,0,0,0,0,1,0
1198,GtGraphCircleEnclosure,"starting with four circles, an enclosure should be computed recursively by building and updating a basis enclosure consisting of one to three circles method gtgraphcircleenclosure class #enclosureall .",0,0,1,0,0,0,0,1,0
1199,GtGraphCircleEnclosure,example gtgraphcircleenclosureexamples #enclosurewithfourcircles previewshow #gtpreviewfor previewexpanded previewheight 300,0,0,1,0,0,0,0,1,0
1218,GtGraphEdgesIterator,i am an abstract iterator over edges connected to a graph element,0,1,0,1,0,0,0,2,1
1221,GtGraphForceBasedLayout,a roforcebasedlayout is inspired from the code of d3.,0,0,0,1,0,0,0,1,0
1274,GtGraphTreemapLayoutConstraints,i am a class bllayoutconstraints for class gtgraphtreemapsquarifiedlayout layout.,1,1,0,1,0,0,0,3,0
1280,GtGraphTreemapSliceHorizontalLayout,i implement an horizontal slice algorithm.,0,0,0,1,0,0,0,1,0
1281,GtGraphTreemapSliceHorizontalLayout,i use class gtgraphtreemapslicehorizontal to compute class blelement children positions and extents.,1,1,0,0,0,0,0,2,1
1282,GtGraphTreemapSliceHorizontalLayout,example,0,0,1,0,0,0,0,1,0
1290,GtGraphTreemapSquarify,i split an area into rectangles that are close to squares aspect ratio 1 as much as possible.,0,0,0,0,0,0,1,1,0
1291,GtGraphTreemapSquarify,i use method gtgraphtreemapnode #weight node values to split an area into.,0,1,0,0,0,0,1,2,0
1292,GtGraphTreemapSquarify,i use class gtgraphtreemapsquarifystep to split area into sub areas and measure class gtgraphtreemapnode positions and extends.,0,1,0,0,0,0,1,2,1
1294,GtGraphTreemapSquarify,algorithm explanation,0,0,1,0,0,0,0,1,0
1295,GtGraphTreemapSquarify,this is an adapted extract from the paper squarified treemaps mentioned above.,0,0,1,0,0,0,0,1,0
1296,GtGraphTreemapSquarify,"suppose we have a rectangle with width example gtgraphtreemaplayoutexamples #squarifywithsevennodes label #width and height example gtgraphtreemaplayoutexamples #squarifywithsevennodes label #height , and furthermore suppose that this rectangle must be subdivided in seven rectangles with areas example gtgraphtreemaplayoutexamples #squarifywithsevennodes label #nodevalues .",0,0,1,0,0,0,0,1,0
1297,GtGraphTreemapSquarify,the area will be subdivided as follows,0,0,1,0,0,0,0,1,0
1298,GtGraphTreemapSquarify,example gtgraphtreemaplayoutexamples #squarifywithsevennodes nocode codeexpanded false previewexpanded true previewshow #gtpreviewfor,0,0,1,0,0,0,0,1,0
1299,GtGraphTreemapSquarify,the first step of our algorithm is to split the initial rectangle.,0,0,1,0,0,0,0,1,1
1300,GtGraphTreemapSquarify,"we choose for a horizontal subdivision, because the original rectangle is wider than high.",0,0,1,0,0,0,0,1,0
1301,GtGraphTreemapSquarify,we next fill the left half.,0,0,1,0,0,0,0,1,1
1302,GtGraphTreemapSquarify,first we add a single rectangle.,0,0,1,0,0,0,0,1,0
1303,GtGraphTreemapSquarify,the aspect ratio of this first rectangle is example gtgraphtreemaplayoutexamples #squarifywithsevennodesfirststep label #worstvaluerounded .,0,0,1,0,0,0,0,1,1
1304,GtGraphTreemapSquarify,example gtgraphtreemaplayoutexamples #squarifywithsevennodesfirststep previewexpanded true nocode,0,0,1,0,0,0,0,1,0
1305,GtGraphTreemapSquarify,"next we add a second rectangle, above the first.",0,0,1,0,0,0,0,1,1
1306,GtGraphTreemapSquarify,the worst aspect ratio improves to example gtgraphtreemaplayoutexamples #squarifywithsevennodessecondstep label #worstvaluerounded .,0,0,1,0,0,0,0,1,0
1307,GtGraphTreemapSquarify,example gtgraphtreemaplayoutexamples #squarifywithsevennodessecondstep previewexpanded true nocode,0,0,1,0,0,0,0,1,1
1308,GtGraphTreemapSquarify,"however, if we add the next area 4 above these original rectangles, the aspect ratio of this rectangle is example gtgraphtreemaplayoutexamples #squarifywithsevennodesthirdstep label #worstvaluerounded .",0,0,1,0,0,0,0,1,0
1309,GtGraphTreemapSquarify,example gtgraphtreemaplayoutexamples #squarifywithsevennodesthirdstep previewexpanded true nocode,0,0,1,0,0,0,0,1,1
1310,GtGraphTreemapSquarify,"therefore, we decide that we have reached an optimum for the left half in step two, and start processing the right half.",0,0,1,0,0,0,0,1,0
1311,GtGraphTreemapSquarify,"the initial subdivision we choose here is vertical, because the rectangle is higher than wider.",0,0,1,0,0,0,0,1,1
1312,GtGraphTreemapSquarify,in step 4 we add the rectangle with area 4,0,0,1,0,0,0,0,1,0
1313,GtGraphTreemapSquarify,example gtgraphtreemaplayoutexamples #squarifywithsevennodesfourthstep previewexpanded true nocode,0,0,1,0,0,0,0,1,1
1314,GtGraphTreemapSquarify,"in the next step, we add area 3.",0,0,1,0,0,0,0,1,0
1315,GtGraphTreemapSquarify,the worst aspect ratio decreases from example gtgraphtreemaplayoutexamples #squarifywithsevennodesfourthstep label #worstvaluerounded to example gtgraphtreemaplayoutexamples #squarifywithsevennodesfifthstep label #worstvaluerounded,0,0,1,0,0,0,0,1,1
1316,GtGraphTreemapSquarify,example gtgraphtreemaplayoutexamples #squarifywithsevennodesfifthstep previewexpanded true nocode,0,0,1,0,0,0,0,1,0
1317,GtGraphTreemapSquarify,addition of the next area 2 however does not improve the result as the worst aspect ratio increases from example gtgraphtreemaplayoutexamples #squarifywithsevennodesfifthstep label #worstvaluerounded to example gtgraphtreemaplayoutexamples #squarifywithsevennodessixthstep label #worstvaluerounded,0,0,1,0,0,0,0,1,1
1318,GtGraphTreemapSquarify,example gtgraphtreemaplayoutexamples #squarifywithsevennodessixthstep previewexpanded true nocode,0,0,1,0,0,0,0,1,0
1319,GtGraphTreemapSquarify,so we reject the previous step and start to fill the right top partition,0,0,1,0,0,0,0,1,1
1320,GtGraphTreemapSquarify,example gtgraphtreemaplayoutexamples #squarifywithsevennodesseventhstep previewexpanded true nocode,0,0,1,0,0,0,0,1,1
1321,GtGraphTreemapSquarify,these steps are repeated until all rectangles have been processed.,0,0,1,0,0,0,0,1,1
1322,GtGraphTreemapSquarify,the final result is the following,0,0,1,0,0,0,0,1,0
1323,GtGraphTreemapSquarify,example gtgraphtreemaplayoutexamples #squarifywithsevennodes nocode codeexpanded false previewexpanded true .,0,0,1,0,0,0,0,1,1
1363,GtGraphTreemapSquarifyLandscapeRectangle,i represent a rectangle.,0,0,0,1,0,0,0,1,1
1364,GtGraphTreemapSquarifyLandscapeRectangle,my height is smaller than my width.,0,0,0,1,0,0,0,1,1
1365,GtGraphTreemapSquarifyLandscapeRectangle,i layout class gtgraphtreemapnode along my shorter side height .,0,0,0,0,0,0,1,1,1
1366,GtGraphTreemapSquarifyLandscapeRectangle,i am used by class gtgraphtreemapsquarifystep .,0,1,0,0,0,0,0,1,0
1367,GtGraphTreemapSquarifyLandscapeRectangle,example,0,0,1,0,0,0,0,1,1
1369,GtGraphTreemapSquarifyLandscapeRectangle,example gtgraphtreemaplayoutexamples #squarifywithfournodesfirstarea nocode,0,0,1,0,0,0,0,1,1
1377,GtLibraryInstaller,i am the installer of shared libraries along side image or vm.,0,0,1,1,0,0,0,2,1
1379,GtLibraryInstaller,the following example shows how i am configured for sparta moz2d library.,0,0,1,0,0,0,0,1,0
1380,GtLibraryInstaller,installer,0,0,1,0,0,0,0,1,1
1386,GtLibraryInstaller,extension .,0,0,1,0,0,0,0,1,0
1402,GtLibraryInstallerLogAnnouncement,i am sent by installer when it tries to log some messages.,0,0,0,0,0,0,1,1,0
1403,GtLibraryInstallerLogAnnouncement,the ui may want to display them in a transcript,0,1,0,0,0,0,0,1,0
1406,GtLibraryInstallerMorph,top most container of the whole installer,0,0,0,1,0,0,0,1,0
1408,GtPhlowForwarderView,i forward a view definition to another object.,0,0,0,0,0,0,1,1,0
1409,GtPhlowForwarderView,i am useful in situations when the object that has the view definition is expensive to create.,0,0,0,0,0,0,1,1,0
1410,GtPhlowForwarderView,"i am also useful in situtions, when the object is created only for the purpose of the view.",0,0,0,0,0,0,1,1,0
1411,GtPhlowForwarderView,i create the object only if someone clicks on my tab view .,0,0,0,0,0,0,1,1,0
1415,GtPhlowForwarderView,example,0,0,1,0,0,0,0,1,0
1423,GtPlotterAxisProjection,i represent a projection value of a domain object on the axis.,0,0,0,1,0,0,0,1,0
1424,GtPlotterAxisProjection,given a point 20@30 as a domain object and euclidian coordinate system.,0,0,1,0,0,0,0,1,0
1425,GtPlotterAxisProjection,then projection of that point on continuous x axis would be 20 and projection on y axis would be 30.,0,0,1,0,0,0,0,1,0
1426,GtPlotterAxisProjection,a projection of a domain object on discrete axis is an index of that object in a data set,0,0,0,0,1,0,0,1,0
1435,GtProtoTasker,i am an abstract tasker defining mandatory methods for all taskers.,0,0,0,1,0,0,0,1,0
1436,GtProtoTasker,tasker is responsible for collectin class gttaskertask tasks and executing them when requested.,1,0,0,0,0,0,1,2,0
1437,GtProtoTasker,mandatory methods are,0,0,0,0,0,1,0,1,0
1438,GtProtoTasker,method gtprototasker #addtask expanded true,0,0,0,0,0,1,0,1,0
1439,GtProtoTasker,method gtprototasker #flush expanded true,0,0,0,0,0,1,0,1,0
1440,GtProtoTasker,interesting taskers to explore are class gttaskerorderednonrepetitive and class gtpostponingtasker .,1,0,0,0,0,0,0,1,0
1449,GtRemoteInspector,gtremoteinspector provides a mechanism for remote viewing of objects over a rest json api.,0,0,0,0,0,0,1,1,0
1450,GtRemoteInspector,public api and key messages,0,0,0,0,0,1,0,1,0
1451,GtRemoteInspector,message one,0,0,0,0,0,1,0,1,0
1452,GtRemoteInspector,message two,0,0,0,0,0,1,0,1,0
1453,GtRemoteInspector,for bonus points how to create instances.,0,0,0,0,0,1,0,1,0
1464,GtRlBaselineTagReleaseStrategy,i am a release strategy that uses the current loaded tag for a repository as the version number.,0,0,0,1,0,0,1,2,0
1465,GtRlBaselineTagReleaseStrategy,i indicate a passive release as no actions need to be executed.,0,0,0,0,0,0,1,1,0
1466,GtRlBaselineTagReleaseStrategy,the version number already exists in the repository.,0,0,0,0,0,0,1,1,0
1468,GtRlBaselineTagReleaseStrategy,as i am passive i do not export any metadata.,0,0,0,0,1,0,0,1,0
1469,GtRlBaselineTagReleaseStrategy,even if the repository has child repositories there will be no metadata exported.,0,0,0,0,1,0,0,1,0
1470,GtRlBaselineTagReleaseStrategy,because of this i do not use metadata to check previous versions it is not reliable .,0,0,0,0,1,0,0,1,0
1471,GtRlBaselineTagReleaseStrategy,i am a valid release strategy only when all monticello baselines that load this project use the same tag to load it.,0,0,1,0,0,0,0,1,0
1472,GtRlBaselineTagReleaseStrategy,see method gtrlbaselinetagreleasestrategy #assertcompatiblewithrepository for assertions that check when i can be used.,0,0,1,0,0,0,0,1,0
1482,GtRlCommitAndTagReleaseAction,i execute a commit of the current changes staged for commit and push a tag corresponding to the version number of the repository release.,0,0,0,0,0,0,1,1,0
1483,GtRlCommitAndTagReleaseAction,i only work with strategies of type class gtrlsemantictagreleasestrategy .,0,1,0,0,1,0,0,2,0
1484,GtRlCommitAndTagReleaseAction,see method gtrlsemantictagreleasestrategy #commitandtagrelease for more implementation details.,0,0,0,0,1,0,0,1,0
1489,GtRlMajorVersionComputation,i increment the major number of a semantic version.,0,0,0,0,0,0,1,1,0
1490,GtRlMajorVersionComputation,i reset both the patch and minor parts of the version number to zero.,0,0,0,0,0,0,1,1,0
1492,GtRlMajorVersionComputation,if the symbolic version number on which i am applied has a patch or a minor number i reset them to zero in the created version number.,0,0,0,0,1,0,0,1,0
1498,GtRlNode,i am an abstraction for a type of dependency in the loading configuration of a system.,0,0,0,1,0,0,1,2,0
1501,GtRlReleaseConfiguration,i model options for configuring how releases are performed.,0,0,0,0,0,0,1,1,0
1502,GtRlReleaseConfiguration,i am used by a class gtrlreleasebuilder to create a new release.,0,1,0,0,0,0,0,1,0
1503,GtRlReleaseConfiguration,"users can configure default options that apply to all repositories from a release, or configure options for individual repositories.",0,1,0,0,0,0,0,1,0
1504,GtRlReleaseConfiguration,my main api methods for setting other default options are,0,0,0,0,0,1,0,1,0
1505,GtRlReleaseConfiguration,method gtrlreleaseconfiguration #defaultreleasebranchname the branch name on which to perform the release.,0,0,0,0,0,1,0,1,0
1506,GtRlReleaseConfiguration,method gtrlreleaseconfiguration #defaultversioncomputation the strategy for computing the next version number in case a version already exists.,0,0,0,0,0,1,0,1,0
1507,GtRlReleaseConfiguration,these are subclasses of class gtrlsemanticversioncomputation,0,0,0,0,0,1,0,1,0
1508,GtRlReleaseConfiguration,method gtrlreleaseconfiguration #defaultversionnumber the version number to use in case there are no previous releases in a repository.,0,0,0,0,0,1,0,1,0
1509,GtRlReleaseConfiguration,method gtrlreleaseconfiguration #forcenewrelease force a new release in a repository even if there no new changes in that repository and all dependencies did not change.,0,0,0,0,0,1,0,1,0
1524,GtSnippetRequest,i am sent by snippet widget looks when they request to receive a snippet model from the widget model,0,0,0,1,0,0,1,2,0
1528,SpartaCairoTextMetrics,i store the extents of a single glyph or a string of glyphs in user space coordinates.,0,0,0,0,0,0,1,1,0
1529,SpartaCairoTextMetrics,"because text extents are in user space coordinates, they are mostly, but not entirely, independent of the current transformation matrix.",0,0,0,0,1,0,0,1,0
1530,SpartaCairoTextMetrics,"if you call cairo scale cr, 20, 20 , text will be drawn twice as big, but the reported text extents will not be doubled.",0,0,0,0,1,0,0,1,0
1531,SpartaCairoTextMetrics,"they will change slightly due to hinting so you can t assume that metrics are independent of the transformation matrix , but otherwise will remain unchanged.",0,0,0,0,1,0,0,1,0
1545,SpartaCanvas,spartacanvas,0,0,0,1,0,0,0,1,0
1546,SpartaCanvas,i represent a sparta canvas and provide an api to perform various drawing operations.,0,0,0,1,0,0,0,1,0
1547,SpartaCanvas,i define an abstract api of sparta canvas that all concrete implementations must have.,0,0,0,0,0,0,1,1,0
1548,SpartaCanvas,overview,0,0,0,0,0,0,1,1,0
1549,SpartaCanvas,my main responsibility is to create and provide backend specific builders and various objects.,0,0,0,0,0,0,1,1,0
1550,SpartaCanvas,in order to create and perform a drawing operation users should rely on corresponding builder.,0,0,0,0,0,0,1,1,0
1551,SpartaCanvas,for example if one wants to fill a path with a paint she needs to send #fill message to canvas to get a fill builder painter .,0,0,1,0,0,0,0,1,0
1552,SpartaCanvas,there is a separate builder for every single operation.,0,0,0,0,0,0,1,1,0
1553,SpartaCanvas,they can be found in api protocol.,0,0,0,0,0,0,1,1,0
1554,SpartaCanvas,i m also responsible for creation of filter primitives filter types that are used with filter operation.,0,0,0,0,0,0,1,1,0
1555,SpartaCanvas,they can be found in filters protocol.,0,0,0,0,0,0,1,1,0
1556,SpartaCanvas,i am polymorphic with spartasurface .,1,1,0,0,0,0,0,2,0
1557,SpartaCanvas,public api and key messages,0,0,0,0,0,1,0,1,0
1558,SpartaCanvas,fill create a builder of fill drawing operation,0,0,0,0,0,1,0,1,0
1559,SpartaCanvas,stroke create a builder of stroke drawing operation,0,0,0,0,0,1,0,1,0
1560,SpartaCanvas,path create a path builder,0,0,0,0,0,1,0,1,0
1561,SpartaCanvas,"paint create a paint builder linear, radial gradients",0,0,0,0,0,1,0,1,0
1562,SpartaCanvas,clip create a builder to clip canvas by path or rectangle,0,0,0,0,0,1,0,1,0
1563,SpartaCanvas,transform create a builder to transform canvas,0,0,0,0,0,1,0,1,0
1564,SpartaCanvas,font create a font build helper,0,0,0,0,0,1,0,1,0
1565,SpartaCanvas,text create a text rendering builder,0,0,0,0,0,1,0,1,0
1566,SpartaCanvas,filter create a builder of filter drawing operation,0,0,0,0,0,1,0,1,0
1567,SpartaCanvas,mask create a builder of masking draw operation,0,0,0,0,0,1,0,1,0
1568,SpartaCanvas,bitmap create a bitmap factory,0,0,0,0,0,1,0,1,0
1569,SpartaCanvas,"shape create a common shapes factory ellipse, rounded rectangle, etc",0,0,0,0,0,1,0,1,0
1570,SpartaCanvas,filters create a common filters factory,0,0,0,0,0,1,0,1,0
1571,SpartaCanvas,extent get my size width@height,0,0,0,0,0,1,0,1,0
1572,SpartaCanvas,similar to create an empty canvas of size anextent and of the same type and format,0,0,0,0,0,1,0,1,0
1573,SpartaCanvas,asform to rasterize myself and return resulting image as form,0,0,0,0,0,1,0,1,0
1576,SpartaCanvas,example,0,0,1,0,0,0,0,1,0
1577,SpartaCanvas,create an empty canvas of size 400@250,0,0,1,0,0,0,0,1,0
1578,SpartaCanvas,language smalltalk,0,0,1,0,0,0,0,1,0
1579,SpartaCanvas,canvas spartacanvas extent 400@250.,0,0,1,1,0,0,0,2,0
1580,SpartaCanvas,https github^com syrel sparta raw master images spartacanvas 01 empty^png label emptycanvas,0,0,1,1,0,0,0,2,0
1581,SpartaCanvas,create a triangle vector path,0,0,1,0,0,0,0,1,0
1582,SpartaCanvas,language smalltalk,0,0,1,0,0,0,0,1,0
1583,SpartaCanvas,triangle canvas path,0,0,1,0,0,0,0,1,0
1584,SpartaCanvas,moveto 100@0,0,0,1,0,0,0,0,1,0
1585,SpartaCanvas,lineto 200@200,0,0,1,0,0,0,0,1,0
1586,SpartaCanvas,lineto 0@200,0,0,1,0,0,0,0,1,0
1587,SpartaCanvas,close,0,0,1,0,0,0,0,1,0
1588,SpartaCanvas,finish.,0,0,1,0,0,0,0,1,0
1589,SpartaCanvas,https github^com syrel sparta raw master images spartacanvas 02 triangle path^png label trianglepath,0,0,1,1,0,0,0,2,0
1590,SpartaCanvas,create a linear gradient,0,0,1,0,0,0,0,1,0
1591,SpartaCanvas,language smalltalk,0,0,1,0,0,0,0,1,0
1592,SpartaCanvas,lineargradient canvas paint lineargradient,0,0,1,0,0,0,0,1,0
1593,SpartaCanvas,begin 50@100,0,0,1,0,0,0,0,1,0
1594,SpartaCanvas,end 150@200,0,0,1,0,0,0,0,1,0
1595,SpartaCanvas,stops 0 color red.,0,0,1,0,0,0,0,1,0
1596,SpartaCanvas,1 color blue .,0,0,1,0,0,0,0,1,0
1597,SpartaCanvas,apply translation to place trangle in the center,0,0,1,0,0,0,0,1,0
1598,SpartaCanvas,language smalltalk,0,0,1,0,0,0,0,1,0
1599,SpartaCanvas,canvas transform,0,0,1,0,0,0,0,1,0
1600,SpartaCanvas,push,0,0,1,0,0,0,0,1,0
1601,SpartaCanvas,translateby 100@25,0,0,1,0,0,0,0,1,0
1602,SpartaCanvas,apply.,0,0,1,0,0,0,0,1,0
1603,SpartaCanvas,fill previously created path fith linear gradient,0,0,1,0,0,0,0,1,0
1604,SpartaCanvas,language smalltalk,0,0,1,0,0,0,0,1,0
1605,SpartaCanvas,canvas fill,0,0,1,0,0,0,0,1,0
1606,SpartaCanvas,paint lineargradient,0,0,1,0,0,0,0,1,0
1607,SpartaCanvas,path triangle,0,0,1,0,0,0,0,1,0
1608,SpartaCanvas,draw.,0,0,1,0,0,0,0,1,0
1609,SpartaCanvas,https github^com syrel sparta raw master images spartacanvas 03 fill path^png label fillpath,0,0,1,1,0,0,0,2,0
1610,SpartaCanvas,stroke triangle with blue color,0,0,1,0,0,0,0,1,0
1611,SpartaCanvas,language smalltalk,0,0,1,0,0,0,0,1,0
1612,SpartaCanvas,canvas stroke,0,0,1,0,0,0,0,1,0
1613,SpartaCanvas,paint color blue,0,0,1,0,0,0,0,1,0
1614,SpartaCanvas,path triangle,0,0,1,0,0,0,0,1,0
1615,SpartaCanvas,width 6,0,0,1,0,0,0,0,1,0
1616,SpartaCanvas,draw.,0,0,1,0,0,0,0,1,0
1617,SpartaCanvas,https github^com syrel sparta raw master images spartacanvas 04 stroke path^png label strokepath,0,0,1,1,0,0,0,2,0
1618,SpartaCanvas,restore transformation matrix,0,0,1,0,0,0,0,1,0
1619,SpartaCanvas,language smalltalk,0,0,1,0,0,0,0,1,0
1621,SpartaCanvas,create a gaussian blur filter,0,0,1,0,0,0,0,1,0
1622,SpartaCanvas,language smalltalk,0,0,1,0,0,0,0,1,0
1623,SpartaCanvas,blur canvas gaussianblurfilter,0,0,1,0,0,0,0,1,0
1624,SpartaCanvas,stddeviation 4.,0,0,1,0,0,0,0,1,0
1625,SpartaCanvas,apply filter on the whole canvas,0,0,1,0,0,0,0,1,0
1626,SpartaCanvas,language smalltalk,0,0,1,0,0,0,0,1,0
1627,SpartaCanvas,canvas filter,0,0,1,0,0,0,0,1,0
1628,SpartaCanvas,area canvas bounds,0,0,1,0,0,0,0,1,0
1629,SpartaCanvas,type blue,0,0,1,0,0,0,0,1,0
1630,SpartaCanvas,draw.,0,0,1,0,0,0,0,1,0
1631,SpartaCanvas,https github^com syrel sparta raw master images spartacanvas 05 blur^png label blur,0,0,1,1,0,0,0,2,0
1717,SpartaLine,i represent a line.,0,0,0,1,0,0,0,1,0
1718,SpartaLine,"i am meant to be polymorphic with rectangle and path and can be used as path in various operations, except clipping.",0,0,0,0,0,0,1,1,0
1719,SpartaLine,public api and key messages,0,0,0,0,0,1,0,1,0
1720,SpartaLine,from get my start point,0,0,0,0,0,1,0,1,0
1721,SpartaLine,to get my end point,0,0,0,0,0,1,0,1,0
1722,SpartaLine,spartaline from 10@10 to 20@20,0,0,0,0,0,1,0,1,0
1734,SpUserFontSource,i represent a font face source and know how to retrieve font contents from it,0,0,0,1,0,0,1,2,0
1737,SpUserFontSourceBuffer,i am a buffer source.,0,0,0,1,0,0,0,1,0
1740,TBlEventTarget,i implement a basic infrastructure of event management.,0,0,0,0,0,0,1,1,0
1743,TSpartaCompositeFilter,i am a composite filter and can have an arbitrary amount of input soures,0,0,0,1,0,0,0,1,0
1745,TSpartaCompositeFilter,example,0,0,1,0,0,0,0,1,0
1746,TSpartaCompositeFilter,merge filter primitive is just a composite filter with over composion mode.,0,0,1,0,0,0,0,1,0
1747,TSpartaCompositeFilter,merge canvas compositefilter,0,0,1,0,0,0,0,1,0
1748,TSpartaCompositeFilter,over,0,0,1,0,0,0,0,1,0
1749,TSpartaCompositeFilter,source filter1,0,0,1,0,0,0,0,1,0
1750,TSpartaCompositeFilter,source filter2,0,0,1,0,0,0,0,1,0
1751,TSpartaCompositeFilter,source filter3,0,0,1,0,0,0,0,1,0
1752,TSpartaCompositeFilter,source filter4,0,0,1,0,0,0,0,1,0
1762,TSpartaPaint,tspartapaint,0,0,0,0,0,0,1,1,0
1763,TSpartaPaint,i define an api of a paint.,0,0,0,0,0,0,1,1,0
1765,TSpartaPaint,overview,0,0,0,0,0,0,1,1,0
1766,TSpartaPaint,"a paint is transformable and can be used with one of extend modes, for example repeat, reflect or clamp.",0,0,0,0,0,0,1,1,0
1767,TSpartaPaint,i am instantiated by canvas and does not supposed to be created by refering paint class directly.,0,1,0,0,0,0,0,1,0
1768,TSpartaPaint,sparta canvas provides a paint builder that should be used to build concerete paints.,0,1,0,0,0,0,0,1,0
1769,TSpartaPaint,public api and key messages,0,0,0,0,0,1,0,1,0
1770,TSpartaPaint,i define an api of an abstract paint.,0,0,0,0,0,1,0,1,0
1771,TSpartaPaint,"transformation to get current transformation matrix, can not be mil",0,0,0,0,0,1,0,1,0
1772,TSpartaPaint,transformation set new paint transformation.,0,0,0,0,0,1,0,1,0
1773,TSpartaPaint,"if not set, supposed to be identity.",0,0,0,0,0,1,0,1,0
1774,TSpartaPaint,clamp do not repeat me,0,0,0,0,0,1,0,1,0
1775,TSpartaPaint,reflect mirror the image,0,0,0,0,0,1,0,1,0
1776,TSpartaPaint,repeat repeat in both x and y axis,0,0,0,0,0,1,0,1,0
1777,TSpartaPaint,repeatx repeat only x axis,0,0,0,0,0,1,0,1,0
1778,TSpartaPaint,repeaty repeat only y axis,0,0,0,0,0,1,0,1,0
1779,TSpartaPaint,rotatebydegrees rotate me by amount of degrees clockwise,0,0,0,0,0,1,0,1,0
1780,TSpartaPaint,rotatebyradians rotate me by amount of radians clockwise,0,0,0,0,0,1,0,1,0
1781,TSpartaPaint,"scaleby scale me by a factor, a point or a number.",0,0,0,0,0,1,0,1,0
1782,TSpartaPaint,translateby translate me by a point or a number,0,0,0,0,0,1,0,1,0
1783,TSpartaPaint,internal representation and key implementation points.,0,0,0,0,1,0,0,1,0
1784,TSpartaPaint,"generally, a paint is not meant to be an external object, however for additional flexibility i am implemented as a trait.",0,0,0,0,1,0,0,1,0
1807,TSpartaStrokeOptions,i define an api of stroke options object.,0,0,0,0,0,1,1,2,0
1808,TSpartaStrokeOptions,stroke options are used in stroking operations.,0,0,0,0,0,1,1,2,0
1813,TSpFontDescriptor,"i am a helper trait that defines basic font properties such as weight, style and stretch",0,0,0,1,0,0,1,2,0
1816,TSpTextRun,i define an api of a text run an object that holds an array of glyphs that represent a piece of text.,0,0,0,1,0,0,1,2,0
1817,TSpTextRun,"note that textrun is optimised for the case of simple ascii string all chars are 8 bit , simple multilanguage string all chars are 16 bit and complex scripts characters have various length of 8 32 bits .",0,0,0,0,1,0,0,1,0
1822,XdDocumentsExamples,how to create base64 string,0,0,1,0,0,0,0,1,0
1823,XdDocumentsExamples,adocument anxdfile,0,0,1,0,0,0,0,1,0
1824,XdDocumentsExamples,adocument gt2documentexamples new documentwithexistingclass.,0,0,1,0,0,0,0,1,0
1825,XdDocumentsExamples,anxdfile adocument savetoxdoc.,0,0,1,0,0,0,0,1,0
1826,XdDocumentsExamples,znbase64encoder new,0,0,1,0,0,0,0,1,0
1827,XdDocumentsExamples,breaklines,0,0,1,0,0,0,0,1,0
1828,XdDocumentsExamples,encode anxdfile streamingstrategy bytes,0,0,1,0,0,0,0,1,0
1836,FameOppositeClassNotExistRule,check if the opposite class declared in a pragma #mseproperty type opposite is defined.,0,0,0,0,0,0,1,1,0
1838,FAMIXAnnotationTypeGroup,famixannotationtypegroup is a moosegroup containing only famix enities of type famixannotationtype.,0,0,0,1,0,0,1,2,0
1843,FamixGenerator,g,0,0,1,0,0,0,0,1,0
1844,FamixGenerator,g famixgenerator new.,0,0,1,0,0,0,0,1,0
1845,FamixGenerator,g generatewithoutcleaning.,0,0,1,0,0,0,0,1,1
1846,FamixGenerator,famixcompatibilitygenerator resetmetamodel.,0,0,1,0,0,0,0,1,0
1851,FamixJavaEntity,file argouml 034^mse asfilereference readstream.,0,0,1,0,0,0,0,1,0
1852,FamixJavaEntity,dictionary dictionary newfrom,0,0,1,0,0,0,0,1,0
1853,FamixJavaEntity,famixjavaentity withallsubclasses collect c,0,0,1,0,0,0,0,1,0
1854,FamixJavaEntity,cn c name withoutprefix #famixjava.,0,0,1,0,0,0,0,1,0
1855,FamixJavaEntity,famix.,0,0,1,0,0,0,0,1,0
1856,FamixJavaEntity,", cn famixjava entities.",0,0,1,0,0,0,0,1,0
1857,FamixJavaEntity,", cn .",0,0,1,0,0,0,0,1,0
1858,FamixJavaEntity,dictionary at famix^javasourcelanguage put famixjava entities^sourcelanguage .,0,0,1,0,0,0,0,1,0
1859,FamixJavaEntity,repo moosemodel importfrom file withmetamodel famixjavagenerator metamodel translationdictionary dictionary.,0,0,1,0,0,0,0,1,0
1860,FamixJavaEntity,model moosemodel new.,0,0,1,0,0,0,0,1,0
1861,FamixJavaEntity,model silentlyaddall repo elements.,0,0,1,0,0,0,0,1,0
1862,FamixJavaEntity,model entitystorage forruntime.,0,0,1,0,0,0,0,1,0
1863,FamixJavaEntity,model.,0,0,1,0,0,0,0,1,0
1877,FAMIXNamespaceGroup,famixnamespacegroup is a moosegroup containing only famix enities of type famixnamespace.,1,1,0,1,0,0,1,4,0
1882,FamixTDereferencedInvocation,represents an invocation which function is contained in a pointer.,0,0,0,1,0,0,0,1,0
1887,FamixTPackage,"famixpackage represents a package in the source language, meaning that it provides a means to group entities without any baring on lexical scoping.",1,0,0,1,0,0,1,3,0
1888,FamixTPackage,java extractors map java packages to famixnamespaces.,1,0,0,0,1,0,0,2,0
1889,FamixTPackage,they can also mirror the same information in terms of famixpackage instances.,1,0,0,0,1,0,0,2,0
1896,FamixTParameterType,parametertype represents the symbolic type used in parameterizable classes.,0,0,0,1,0,0,0,1,0
1897,FamixTParameterType,this is a famixtype.,0,0,0,1,0,0,0,1,0
1898,FamixTParameterType,example,0,0,1,0,0,0,0,1,0
1899,FamixTParameterType,"public class aclass a,b,c",0,0,1,0,0,0,0,1,0
1900,FamixTParameterType,where aclass is a parameterizableclass.,0,0,1,0,0,0,0,1,0
1901,FamixTParameterType,"a, b and c are parametertype of aclass.",0,0,1,0,0,0,0,1,0
1908,FamixTTrait,famixtrait models a trait as it can be found in pharo or php.,0,1,0,0,0,0,1,2,0
1911,FMFutureProperty,description,0,0,0,1,0,0,0,1,0
1912,FMFutureProperty,i represent a property of the object currently been imported while it is not yet imported.,0,0,0,1,0,0,1,2,0
1913,FMFutureProperty,i will be useful until all my values are resolved.,0,0,0,0,0,0,1,1,0
1914,FMFutureProperty,each time a value is resolved i ll check if i can be resolved.,0,0,0,0,0,0,1,1,0
1915,FMFutureProperty,"in that case, i ll push my values in real property.",0,0,0,0,0,0,1,1,0
1927,FMModel,description,0,0,0,1,0,0,0,1,0
1928,FMModel,i am a model used in the scope of fame.,0,0,1,1,0,0,0,2,0
1929,FMModel,i contains real instances of a class representing a concept in the current metamodel.,0,0,0,0,0,0,1,1,0
1930,FMModel,this class is described by an entity of my meta model.,0,1,0,0,0,0,0,1,0
1931,FMModel,i have a meta model containing descriptions of my content.,0,1,1,1,0,0,0,3,0
1932,FMModel,a fmmodel has a fmmetamodel as meta model which has a fmmetametamodel has metamodel.,1,1,0,0,0,0,0,2,0
1935,FMModel,a fmmetamodel containing instances of fm3elements describing famixstclass.,1,0,0,0,0,0,0,1,0
1937,FMModel,i include a system of caches in case my users want to store informations to speed up an application.,0,0,0,0,1,0,0,1,0
1938,FMModel,i will initialize myself with a new fmmetamodel but this one can be replaced by an existing one.,1,0,1,0,1,0,0,3,0
1939,FMModel,public api and key messages,0,0,0,0,0,1,0,1,0
1940,FMModel,#metadescriptionon allows one to get the meta description of an element.,0,0,0,1,0,1,0,2,0
1941,FMModel,examples,0,0,1,0,0,0,0,1,0
1946,FMModel,model fmmodel withmetamodel fmmetamodel fromstring fmheinekenexample metamodelmse .,1,0,0,0,0,0,0,1,0
1951,FMModel,metamodel afmmetamodel the meta model describing my entities.,1,0,1,0,0,0,0,2,0
1973,FMMSEPrinter,description,0,0,0,1,0,0,0,1,0
1974,FMMSEPrinter,i am responsible of printing the mse format markup during a model export.,0,0,0,1,0,0,0,1,0
1975,FMMSEPrinter,examples,0,0,1,0,0,0,0,1,0
1976,FMMSEPrinter,printer,0,0,1,0,0,0,0,1,0
1977,FMMSEPrinter,printer fmmseprinter onstring.,0,0,1,0,0,0,0,1,0
1978,FMMSEPrinter,fmmetametamodel default exportwithprinter printer.,0,0,1,0,0,0,0,1,0
1979,FMMSEPrinter,printer stream contents,0,0,1,0,0,0,0,1,0
1987,FMOne,description,0,0,0,1,0,0,0,1,0
1988,FMOne,i am a relation slot representing a property containing only one element.,0,0,0,1,0,0,0,1,0
1989,FMOne,examples,0,0,1,0,0,0,0,1,0
1990,FMOne,trait named #famixtmethod,0,0,1,0,0,0,0,1,0
1991,FMOne,slots #parenttype fmone type #famixtwithmethods opposite #methods,0,0,1,0,0,0,0,1,0
1992,FMOne,package famix traits method,0,0,1,0,0,0,0,1,0
1999,FMRelationSlot,description,0,0,0,1,0,0,0,1,0
2000,FMRelationSlot,i am an abstract slot used to declare fame properties for a class.,0,0,0,1,0,0,1,2,0
2015,FmxMBPrintVisitor,i m a visitor for instances of #famixmetamodelgenerator and subclasses.,0,0,0,1,0,0,0,1,0
2016,FmxMBPrintVisitor,"i just visit each node in the builder, and print it on the transcript.",0,0,0,0,0,0,1,1,0
2017,FmxMBPrintVisitor,see fmxmbvisitor to see how to use me.,1,0,0,0,0,0,0,1,0
2021,KGBForMetricsTestResource,i am a test resource building a famixstmodel with some of kgb packages used for metrics tests.,1,1,0,1,0,0,1,4,0
2026,LANInterface,lan interface comments for testing purposes.,0,0,0,1,0,0,1,2,0
2037,MalBreadthFirstSearchPath,breadth first search bfs is an algorithm for traversing or searching tree or graph data structures.,0,0,0,1,0,0,1,2,0
2038,MalBreadthFirstSearchPath,"it starts at the tree root or some arbitrary node of a graph, sometimes referred to as a search key and explores the neighbor nodes first, before moving to the next level neighbours.",0,0,0,0,0,0,1,1,0
2044,MalDendrogramNode,this class is part of hapax.,0,1,0,1,0,0,0,2,0
2045,MalDendrogramNode,"hapax is distributed under bsd license, see package comment.",0,1,0,1,0,0,0,2,0
2050,MalFormalContext,malformalcontext mammals2 computeconcepts,0,0,1,0,0,0,0,1,0
2052,MalHgNode,a malhgnode is a node inside a hierarchical graph.,0,0,0,1,0,0,0,1,1
2053,MalHgNode,"it knows the graph it belongs to, its children and its parent, on which level in the graph it resides and its outgoing ind incoming edges.",0,0,0,0,0,1,1,2,0
2054,MalHgNode,one can also store arbitrary informaition as attributes to a node.,0,0,0,0,0,1,1,2,1
2056,MalHgNode,attributes dictionary,0,0,0,0,0,1,0,1,0
2057,MalHgNode,children orderedcollection,0,0,0,0,0,1,0,1,1
2058,MalHgNode,higraph malhierarchicalgraph,0,0,0,0,0,1,0,1,0
2059,MalHgNode,incoming orderedcollection,0,0,0,0,0,1,0,1,1
2060,MalHgNode,level number,0,0,0,0,0,1,0,1,0
2061,MalHgNode,outgoing orderedcollection,0,0,0,0,0,1,0,1,1
2062,MalHgNode,parent malhgnode,0,0,0,0,0,1,0,1,0
2063,MalHgNode,attributes,0,0,0,0,0,1,0,1,1
2064,MalHgNode,dictionary to attach arbitrary information to a node,0,0,0,0,0,1,0,1,0
2065,MalHgNode,children,0,0,0,0,0,1,0,1,1
2067,MalHgNode,empty collection if the node is a leaf in the hierarchy.,0,0,0,0,0,1,0,1,1
2068,MalHgNode,higraph,0,0,0,0,0,1,0,1,1
2069,MalHgNode,the malhierarchicalgraph this node belongs to.,0,0,0,0,0,1,0,1,0
2070,MalHgNode,incoming,0,0,0,0,0,1,0,1,0
2072,MalHgNode,level,0,0,0,0,0,1,0,1,0
2074,MalHgNode,"the larger the number, the deeper down in the hierarchy the node is located.",0,0,0,0,0,1,0,1,0
2075,MalHgNode,outgoing,0,0,0,0,0,1,0,1,0
2077,MalHgNode,parent,0,0,0,0,0,1,0,1,0
2098,MalKruskal,kruskal s algorithm is a greedy algorithm in graph theory that finds a minimum spanning tree for a connected weighted graph.,0,0,0,0,0,0,1,1,0
2099,MalKruskal,"this means it finds a subset of the edges that forms a tree that includes every vertex, where the total weight of all the edges in the tree is minimized.",0,0,0,0,0,0,1,1,1
2100,MalKruskal,"if the graph is not connected, then it finds a minimum spanning forest a minimum spanning tree for each connected component .",0,0,0,0,0,0,1,1,0
2105,MalLatticePatterns,the class implements the identification of patterns in fca lattices.,0,0,0,0,0,0,1,1,1
2106,MalLatticePatterns,we can detect like horizontal decomposition with the algos in the class.,0,0,0,0,0,0,1,1,0
2107,MalLatticePatterns,data fca context lattice,0,0,1,0,0,0,0,1,1
2108,MalLatticePatterns,data # # #cat # #fourlegs #hair # #dog # #smart #fourlegs #hair # #dolphin # #smart #marine # #gibbon # #hair #smart #thumbed # #man # #smart #thumbed # #whale # #smart #marine .,0,0,1,0,0,0,0,1,0
2109,MalLatticePatterns,fca malformalcontext new.,0,0,1,0,0,0,0,1,1
2110,MalLatticePatterns,context fca with data using #first using #last.,0,0,1,0,0,0,0,1,0
2111,MalLatticePatterns,mallatticepatterns on mallattice on context reportpatterns,0,0,1,0,0,0,0,1,1
2112,MalLatticePatterns,for moose models,0,0,1,0,0,0,0,1,0
2113,MalLatticePatterns,fca model treillis context,0,0,1,0,0,0,0,1,1
2114,MalLatticePatterns,model moosemodel root allmodels second.,0,0,1,0,0,0,0,1,0
2115,MalLatticePatterns,fca malformalcontext new.,0,0,1,0,0,0,0,1,1
2116,MalLatticePatterns,context fca with model allmodelclasses using #yourself using cl cl methods collect m m name .,0,0,1,0,0,0,0,1,0
2117,MalLatticePatterns,treillis mallattice on context .,0,0,1,0,0,0,0,1,1
2118,MalLatticePatterns,transcript clear.,0,0,1,0,0,0,0,1,0
2119,MalLatticePatterns,mallatticepatterns on treillis reportpatterns.,0,0,1,0,0,0,0,1,1
2120,MalLatticePatterns,mallattice new viewlattice treillis .,0,0,1,0,0,0,0,1,0
2121,MalLatticePatterns,smalltalk collection class hierarchy,0,0,1,0,0,0,0,1,0
2122,MalLatticePatterns,fca model treillis context,0,0,1,0,0,0,0,1,0
2123,MalLatticePatterns,treillis mallattice on malformalcontext classhierarchycollection .,0,0,1,0,0,0,0,1,0
2124,MalLatticePatterns,mallatticepatterns on treillis reportmodules.,0,0,1,0,0,0,0,1,0
2145,MalNodeWithPreviousAndNext,a basic node able to host the model and to represent edges with no additional class.,0,0,0,0,0,0,1,1,0
2149,MalRowMatrix,this class is part of hapax.,0,1,0,1,0,0,0,2,0
2150,MalRowMatrix,"hapax is distributed under bsd license, see package comment.",0,1,0,1,0,0,0,2,1
2155,MalTerms,terms subclasses bag with support for handling stopwords etc,0,0,0,1,0,0,1,2,0
2159,MalTerms,terms addstring string using camelcasescanner new.,0,0,1,0,0,0,0,1,0
2162,MalTerms,"copyright c , 2004 2007 adrian kuhn.",0,1,0,0,0,0,0,1,0
2163,MalTerms,this class is part of hapax.,0,1,0,0,0,0,0,1,0
2164,MalTerms,"hapax is distributed under bsd license, see package comment.",0,1,0,0,0,0,0,1,0
2173,ManifestFamixPharoSmalltalkEntities,i store metadata for this package.,0,0,0,0,0,0,1,1,0
2174,ManifestFamixPharoSmalltalkEntities,these meta data are used by other tools such as the smalllintmanifestchecker and the critics browser,1,1,0,0,0,0,0,2,0
2178,ManifestMooseQuery,i store metadata for this package.,0,0,0,0,0,0,1,1,0
2179,ManifestMooseQuery,these meta data are used by other tools such as the smalllintmanifestchecker and the critics browser,1,1,0,0,0,0,0,2,0
2183,MooseAbstractImporter,i m the root for the new importer.,0,0,0,1,0,0,0,1,0
2186,MooseCustomTask,moosecustomtask is a task perform some computation specified as a block.,0,0,0,1,0,0,0,1,0
2187,MooseCustomTask,the main api is then,0,0,0,0,0,1,0,1,0
2188,MooseCustomTask,with ablock description adescription length anumber,0,0,0,0,0,1,0,1,0
2192,MooseEntity,mooseentity is an abstract entity.,0,0,0,1,0,0,0,1,0
2194,MooseEntity,"any moose entity should answer its mooseid, its moosename and its moosemodel.",0,0,0,0,0,1,0,1,0
2195,MooseEntity,extension mechanism,0,0,1,0,0,0,0,1,0
2196,MooseEntity,the state instance variable provides a mechanism for extending the state of entities.,0,0,1,0,0,0,0,1,0
2197,MooseEntity,this is achieved through mooseentitystate.,0,0,1,0,0,0,0,1,0
2198,MooseEntity,"using this mechanism, a package can extend an entity to add more state.",0,0,1,0,0,0,0,1,0
2199,MooseEntity,this extension will only be visible when the package is loaded.,0,0,1,0,0,0,0,1,0
2200,MooseEntity,this is an important mechanism to enable extensibility and modularity.,0,0,1,0,0,0,0,1,0
2201,MooseEntity,"for example, if you have yourentity that subclasses mooseentity, you can extend it with",0,0,1,0,0,0,0,1,0
2202,MooseEntity,yourentity yourextendingattribute,0,0,1,0,0,0,0,1,0
2203,MooseEntity,^ self privatestate attributeat #yourextendingattribute,0,0,1,0,0,0,0,1,0
2206,MooseEntity,see mooseentitystate for more information,0,0,1,0,0,0,0,1,0
2207,MooseEntity,meta descriptions,0,0,1,0,0,0,0,1,0
2208,MooseEntity,entities should also be meta described in terms of fame.,0,0,1,0,0,0,0,1,0
2209,MooseEntity,this is achieved by means of pragmas,0,0,1,0,0,0,0,1,0
2210,MooseEntity,"first, on the class side, you should have a method .",0,0,1,0,0,0,0,1,0
2211,MooseEntity,"for example, yourentity could have",0,0,1,0,0,0,0,1,0
2212,MooseEntity,yourentity class annotation,0,0,1,0,0,0,0,1,0
2213,MooseEntity,mseclass #yourentity super #mooseentity,0,0,1,0,0,0,0,1,0
2214,MooseEntity,package yourpackage,0,0,1,0,0,0,0,1,0
2215,MooseEntity,msecomment the yourentity smalltalk class has a correspondent yourentity meta entity in the fame world,0,0,1,0,0,0,0,1,0
2216,MooseEntity,the pragma mseproperty type must be placed in the getter method to denote a fame property.,0,0,1,0,0,0,0,1,0
2217,MooseEntity,for example,0,0,1,0,0,0,0,1,0
2218,MooseEntity,yourentity yourextendingattribute,0,0,1,0,0,0,0,1,0
2219,MooseEntity,mseproperty #yourextendingattribute type #yourtype,0,0,1,0,0,0,0,1,0
2220,MooseEntity,msecomment this is an attribute extended in a different package,0,0,1,0,0,0,0,1,0
2221,MooseEntity,^ self privatestate attributeat #yourextendingattribute,0,0,1,0,0,0,0,1,0
2222,MooseEntity,important api,0,0,0,0,0,1,0,1,0
2223,MooseEntity,mooseid is an integer that uniquely identifies this entity within the entire moose environment.,0,0,0,0,0,1,0,1,0
2224,MooseEntity,it should not change nor be nil.,0,0,0,0,0,1,0,1,0
2225,MooseEntity,it is generated automatically during the creation of the mooseentity.,0,0,0,0,0,1,0,1,0
2226,MooseEntity,moosemodel of an entity is must be an instance of moosemodel.,0,0,0,0,0,1,0,1,0
2227,MooseEntity,it may be nil if the entity is not part of a model.,0,0,0,0,0,1,0,1,0
2228,MooseEntity,"each entity belongs to one and only one model, if an entity has not yet been added to a model or if an entity has been removed from a model the moosemodel is undefined, that is it may be nil.",0,0,0,0,0,1,0,1,0
2229,MooseEntity,moosedescription returns the corresponding fm3metadescription instance,0,0,0,0,0,1,0,1,0
2230,MooseEntity,moosename returns a symbol that should qualify the current entity.,0,0,0,0,0,1,0,1,0
2231,MooseEntity,it does not have to be unique,0,0,0,0,0,1,0,1,0
2271,MooseSystemComplexityLocator,self openon moosemodel root allmodels last allmodelclasses,0,0,1,0,0,0,0,1,0
2273,MooseVisualLocator,the moosevisuallocator is a simple template that offers a list of classes on the left hand side and some presentation on the right hand side.,0,0,0,1,0,0,1,2,0
2274,MooseVisualLocator,it is meant to be subclassed.,0,0,0,0,1,0,0,1,0
2278,PackageBlueprintTestResource,i am a test resource building a famixstmodel with the package blueprint test resource entities.,1,1,0,1,0,0,1,4,0
2283,TDependencyQueries,description,0,0,0,0,0,0,1,1,0
2284,TDependencyQueries,"this trait provides a common, paradigm agnostic vocabulary to query dependencies of software entities.",0,0,0,0,0,0,1,1,0
2285,TDependencyQueries,it includes some generic way to query an entity via its associations.,0,0,0,0,0,1,0,1,0
2286,TDependencyQueries,the api offer the possibility to query an entity with three parameters,0,0,0,0,0,1,0,1,0
2287,TDependencyQueries,the direction of the navigation incoming outgoing in out,0,0,0,0,0,1,0,1,0
2288,TDependencyQueries,"the kind of association famixacces, famixreference, all.",0,0,0,0,0,1,0,1,0
2289,TDependencyQueries,"the scope of the query the receiver, the receiver and its children",0,0,0,0,0,1,0,1,0
2290,TDependencyQueries,the actual core of the algorithms are in moosequerycalculator class.,1,1,0,0,0,0,0,2,0
2291,TDependencyQueries,most of the generic methods takes a symbol to describe the direction.,0,0,0,0,1,0,0,1,0
2292,TDependencyQueries,this symbol will be used to find a moosequeryabstactdirectionstrategy to configure a moosequerycalculator.,0,0,0,0,1,0,0,1,0
2294,TDependencyQueries,public api and key messages,0,0,0,0,0,1,0,1,0
2295,TDependencyQueries,#query asymbol with afamixassociation looks for the associations of the kind afamixassociation in the direction described by the symbol in the receiver and its children.,0,0,0,0,0,1,0,1,0
2296,TDependencyQueries,#querylocal asymbol with afamixassociation looks for the associations of the kind afamixassociation in the direction described by the symbol in the receiver.,0,0,0,0,0,1,0,1,0
2297,TDependencyQueries,#queryall asymbol looks for the associations in the direction described by the symbol in the receiver and its children.,0,0,0,0,0,1,0,1,0
2300,TDependencyQueries,examples,0,0,1,0,0,0,0,1,0
2301,TDependencyQueries,afamixclass query #in with famixinheritance.,0,0,1,0,0,0,0,1,0
2302,TDependencyQueries,will return a mooseincomingqueryresult containing the famixinheritance associations having afamixclass or its children as target,0,0,1,0,0,0,0,1,0
2303,TDependencyQueries,afamixmethod query #out with famixaccess.,0,0,1,0,0,0,0,1,0
2304,TDependencyQueries,will return a mooseoutgoingqueryresult containing the famixaccess associations having afamixmethod or its children as source,0,0,1,0,0,0,0,1,0
2305,TDependencyQueries,afamixclass querylocal #in with famixinheritance.,0,0,1,0,0,0,0,1,1
2306,TDependencyQueries,will return a mooseincomingqueryresult containing the famixinheritance associations having afamixclass as target,0,0,1,0,0,0,0,1,1
2307,TDependencyQueries,afamixmethod querylocal #out with famixaccess.,0,0,1,0,0,0,0,1,0
2308,TDependencyQueries,will return a mooseoutgoingqueryresult containing the famixaccess associations having afamixmethod as source,0,0,1,0,0,0,0,1,0
2309,TDependencyQueries,afamixclass queryall #in.,0,0,1,0,0,0,0,1,0
2310,TDependencyQueries,will return a mooseincomingqueryresult containing the famixassociation having afamixclass or its children as target,0,0,1,0,0,0,0,1,0
2311,TDependencyQueries,afamixmethod queryall #out.,0,0,1,0,0,0,0,1,0
2312,TDependencyQueries,will return a mooseoutgoingqueryresult containing the famixassociation having afamixmethod or its children as source,0,0,1,0,0,0,0,1,0
2313,TDependencyQueries,afamixclass queryalllocal #in.,0,0,1,0,0,0,0,1,0
2314,TDependencyQueries,will return a mooseincomingqueryresult containing the famixassociation having afamixclass as target,0,0,1,0,0,0,0,1,0
2315,TDependencyQueries,afamixmethod queryalllocal #out.,0,0,1,0,0,0,0,1,0
2316,TDependencyQueries,will return a mooseoutgoingqueryresult containing the famixassociation having afamixmethod as source,0,0,1,0,0,0,0,1,0
2349,TOODependencyQueries,a toodependencyqueries defines a vocabulary to compute dependencies of object oriented entities.,0,0,0,0,0,0,1,1,0
2352,PPDebugParser,a ppdebugparser is a parser that traces all the progress and returns special object that can be browsed to see how the parsing advanced over a time.,0,0,0,1,0,0,1,2,0
2353,PPDebugParser,used by adding enabledebug before parsing.,0,1,0,0,0,0,0,1,0
2355,PPDebugParser,root result of root parser,0,0,0,0,0,1,0,1,0
2356,PPDebugParser,root,0,0,0,0,0,1,0,1,0
2357,PPDebugParser,xxxxx,0,0,0,0,0,1,0,1,0
2363,PPInfo,a ppinfo represent the informations around a parsing result and also contain this result.,0,0,0,1,0,0,0,1,0
2364,PPInfo,it is usefull to get parsing evaluation and stream position.,0,0,0,0,0,0,1,1,0
2380,PPLiteralParser,abstract literal parser that parses some kind of literal type to be specified by subclasses .,0,1,0,1,0,0,0,2,0
2386,PPNonEmptyParser,"i return failure, if the delegate parser did not consumed any input.",0,0,0,0,0,0,1,1,0
2388,PPParserReplaceRule,"ppparserreplacerule replaces a matched grammar with another grammar, which may include patterns from the matching grammar.",0,0,0,0,0,0,1,1,0
2392,PPPluggableParser,a pluggable parser that passes the parser stream into a block.,0,0,0,1,0,0,1,2,0
2393,PPPluggableParser,this enables users to perform manual parsing or to embed other parser frameworks into petitparser.,1,1,0,0,0,0,1,3,0
2401,PPRelativePositionStream,a pprelativepositionstream is a specialized stream to get the relative position according to another stream.,0,0,0,1,0,0,1,2,1
2405,PPScriptingTest,these are some simple demo scripts of parser combinators for the compiler construction course.,0,0,0,1,0,0,0,1,0
2408,PPSea,a ppisland allows for imprecise parsing.,0,0,0,0,0,1,1,2,0
2409,PPSea,one can create it on a parser p by calling p island eg,0,0,0,0,0,1,1,2,0
2410,PPSea,"p x, a island, y accepts following inputs",0,0,1,0,0,1,0,2,0
2411,PPSea,x^^^^^a..,0,0,1,0,0,0,0,1,0
2412,PPSea,.,0,0,1,0,0,0,0,1,0
2413,PPSea,b,0,0,1,0,0,0,0,1,0
2414,PPSea,xab,0,0,1,0,0,0,0,1,0
2415,PPSea,yet fails on,0,0,1,0,0,0,0,1,0
2416,PPSea,x^^^^a..,0,0,1,0,0,0,0,1,0
2417,PPSea,c,0,0,1,0,0,0,0,1,0
2418,PPSea,xb,0,0,1,0,0,0,0,1,0
2419,PPSea,xac,0,0,1,0,0,0,0,1,0
2420,PPSea,x^^b..,0,0,1,0,0,0,0,1,0
2421,PPSea,a^^^^b,0,0,1,0,0,0,0,1,0
2422,PPSea,the input represented by dots is called water and water can appear before and after the island.,0,0,1,0,0,1,0,2,0
2423,PPSea,"use it, if you don t want to define all the grammar rules and you want to skip something.",0,0,1,0,0,0,0,1,0
2424,PPSea,"i am still an experiment, but if you know how to improve me, please contact jan kurs at kurs@iam^unibe.ch",0,0,1,0,0,0,0,1,0
2426,PPSea,afterwaterparser object,0,0,0,0,0,1,0,1,0
2427,PPSea,awp object,0,0,0,0,0,1,0,1,0
2428,PPSea,beforewaterparser object,0,0,0,0,0,1,0,1,0
2429,PPSea,bwp object,0,0,0,0,0,1,0,1,0
2430,PPSea,context object,0,0,0,0,0,1,0,1,0
2431,PPSea,island object,0,0,0,0,0,1,0,1,0
2432,PPSea,afterwaterparser,0,0,0,0,0,1,0,1,0
2433,PPSea,xxxxx,0,0,0,0,0,1,0,1,1
2434,PPSea,awp,0,0,0,0,0,1,0,1,0
2435,PPSea,xxxxx,0,0,0,0,0,1,0,1,1
2436,PPSea,beforewaterparser,0,0,0,0,0,1,0,1,0
2437,PPSea,xxxxx,0,0,0,0,0,1,0,1,1
2438,PPSea,bwp,0,0,0,0,0,1,0,1,0
2439,PPSea,xxxxx,0,0,0,0,0,1,0,1,1
2440,PPSea,context,0,0,0,0,0,1,0,1,0
2441,PPSea,xxxxx,0,0,0,0,0,1,0,1,1
2442,PPSea,island,0,0,0,0,0,1,0,1,0
2443,PPSea,xxxxx,0,0,0,0,0,1,0,1,1
2473,PPXPathFilter,i m a node filter.,0,0,0,1,0,0,0,1,0
2474,PPXPathFilter,a xpath node applies me to filter xml elements.,0,0,0,0,0,0,1,1,0
2477,ChrysalPillarishConfiguration,i m a pillar specific class to manage code not generated for the configuration class.,0,0,0,1,0,0,1,2,0
2481,PRAbstractCommand,i m an object managing configuration.,0,0,0,1,0,0,0,1,0
2482,PRAbstractCommand,i m usually invoked from a command line but not only.,0,0,0,0,0,0,1,1,0
2483,PRAbstractCommand,my main entry point is,0,0,1,0,0,0,0,1,0
2484,PRAbstractCommand,createconfiguration conffilename basedirectory basedirectory argdictionary arguments,0,0,1,0,0,0,0,1,0
2485,PRAbstractCommand,when you type on the command line,0,0,1,0,0,0,0,1,0
2486,PRAbstractCommand,pharo ui pillar^image pillar export to latex chapters chapter1 chapter1^pillar,0,0,1,0,0,0,0,1,0
2487,PRAbstractCommand,you can obtain the same doing,0,0,1,0,0,0,0,1,0
2488,PRAbstractCommand,prexportbuilder new,0,0,1,0,0,0,0,1,0
2489,PRAbstractCommand,createconfiguration pillar^conf,0,0,1,0,0,0,0,1,0
2490,PRAbstractCommand,basedirectory filesystem workingdirectory,0,0,1,0,0,0,0,1,0
2491,PRAbstractCommand,argdictionary,0,0,1,0,0,0,0,1,0
2492,PRAbstractCommand,inputfile filesystem workingdirectory chapters chapter1 chapter1^pillar .,0,0,1,0,0,0,0,1,0
2493,PRAbstractCommand,defaultexporters latex,0,0,1,0,0,0,0,1,0
2494,PRAbstractCommand,asdictionary,0,0,1,0,0,0,0,1,0
2495,PRAbstractCommand,export,0,0,1,0,0,0,0,1,0
2511,PRBashScriptLanguage,bash scripting language,0,0,0,1,0,0,0,1,0
2513,PRBookTesterVisitor,i am a visitor specialized in visiting books and testing their code.,0,1,0,1,0,0,0,2,0
2514,PRBookTesterVisitor,"therefore, i only redefine visitcodeblock and specify it with the different parameters the codelock may have.",0,0,0,0,0,0,1,1,0
2515,PRBookTesterVisitor,i gather all results as prbooktestresult s in alltestsresults.,1,0,0,0,0,0,1,2,0
2516,PRBookTesterVisitor,visitcodeblock uses executeandreport creating a prbooktestresult with the result of the evaluation of the codeblock.,1,0,0,0,0,1,0,2,0
2517,PRBookTesterVisitor,checkandreportfilenamed starts the visit in a given file.,0,0,0,0,0,1,0,1,0
2542,PRDocumentListAnnotation,i am class representing a documentlistannotation.,0,0,0,1,0,0,0,1,0
2543,PRDocumentListAnnotation,i allow users to get abstracts of files located in a directory and specify a link to access these files.,0,0,0,0,0,0,1,1,0
2544,PRDocumentListAnnotation,i can choose the number of files to take and the way to sort them.,0,0,0,0,0,0,1,1,0
2545,PRDocumentListAnnotation,we can also choose they way abstracts will be represented by specifying templates.,0,0,0,0,0,0,1,1,0
2546,PRDocumentListAnnotation,we ahave the possibility of giving multiple templates.,0,0,0,0,0,0,1,1,0
2547,PRDocumentListAnnotation,then abstracts will alternately change templates if you specified mutliple directories.,0,0,0,0,0,0,1,1,0
2548,PRDocumentListAnnotation,"when no template file is specified, abstracts are generated as documentgroup containing different files elements.",0,0,0,0,0,0,1,1,0
2549,PRDocumentListAnnotation,with templates the annotation is remplaced by a raw document in html.,0,0,0,0,0,0,1,1,0
2550,PRDocumentListAnnotation,"for templates values, you can not specify directories, only ^mustache files.",0,0,0,0,0,0,1,1,0
2551,PRDocumentListAnnotation,you have to specify complete path starting from the project directory.,0,0,0,0,0,0,1,1,0
2552,PRDocumentListAnnotation,"also for the path, the complete path from the project directory.",0,0,1,0,0,0,0,1,0
2553,PRDocumentListAnnotation,doclist path blogs limit 3 sort date templates # templates docarticle^mustache templates template^mustache,0,0,1,0,0,0,0,1,0
2554,PRDocumentListAnnotation,doclist path wrongdirectory limit 3 sort date templates # templates docarticle^mustache templates template^mustache should raise an error,0,0,1,0,0,0,0,1,0
2568,PRFootnote,"i am a footnote, you can create me with",0,0,0,1,0,0,0,1,0
2569,PRFootnote,noted astring,0,0,1,0,0,0,0,1,1
2570,PRFootnote,it create a footnote with note specified in parameter.,0,0,0,0,0,0,1,1,1
2574,PRHeadingLevelOffsetTransformer,convert from the level of a pillar heading to the level of heading in the exported document.,0,0,0,0,0,0,1,1,0
2575,PRHeadingLevelOffsetTransformer,"for example, a headingleveloffset of 3 converts a 1st level pillar heading to an h4 in html.",0,0,1,0,0,0,0,1,0
2578,PRHTMLCanvas,an html canvas that facilitates writing html to a stream.,0,0,0,1,0,0,1,2,1
2579,PRHTMLCanvas,the main method is #tag that allow you to write something like this,0,0,0,0,0,1,1,2,0
2588,PRHTMLScriptLanguage,hypertext markup language,0,0,0,1,0,0,0,1,1
2590,PRInputFileAnnotation,i include a reference to a pillar file.,0,0,0,0,0,0,1,1,0
2591,PRInputFileAnnotation,with me we can add a transformation to remplace an annotation to a pillar file by his tree.,0,0,0,0,0,0,1,1,1
2592,PRInputFileAnnotation,my tag is inputfile .,0,0,0,0,0,1,0,1,0
2593,PRInputFileAnnotation,i can have in parameter,0,0,0,0,0,1,0,1,1
2594,PRInputFileAnnotation,"a path to a file with the key value required, you can write it without the key",0,0,0,0,0,1,0,1,0
2595,PRInputFileAnnotation,examples,0,0,1,0,0,0,0,1,1
2596,PRInputFileAnnotation,inputfile myfile^pillar,0,0,1,0,0,0,0,1,0
2597,PRInputFileAnnotation,inputfile value directory myfile^pillar,0,0,1,0,0,0,0,1,1
2606,PRLaTeXEnvironment,a latex environment,0,0,0,1,0,0,0,1,0
2607,PRLaTeXEnvironment,to emit,0,0,0,0,0,0,1,1,1
2613,PRList,i am an abstract list.,0,0,0,1,0,0,0,1,0
2614,PRList,"i represent the abstraction over ordered, unordered html or latex list.",0,0,0,1,0,0,0,1,1
2619,PRMarkdownWriter,i am a writer for commonmark,0,0,0,1,0,0,0,1,0
2622,PRObject,i am a superclass of most objects within pier.,0,0,0,1,0,0,0,1,0
2623,PRObject,"i hold a dictionary of properties, so that users can easily annotate me with new values.",0,0,0,0,0,0,1,1,0
2624,PRObject,i am visitable.,0,0,0,0,0,0,1,1,0
2628,PRParagraph,"i m a paragraph of text containing text, line breaks or annotations.",0,0,0,1,0,0,0,1,0
2629,PRParagraph,i m close to a latex or html paragraph.,0,0,0,0,0,0,1,1,1
2630,PRParagraph,"i do not contain complex structures such as lists, codeblocks.",0,0,0,0,0,0,1,1,0
2634,PRParameter,i represent a key and value pair.,0,0,0,1,0,0,0,1,1
2635,PRParameter,my key is instance of prparameterkey and its associated vaue is an instance of prparametervalue.,0,1,0,0,0,0,0,1,0
2640,PRParseWarning,i am a warning for the parse of a pillar file.,0,0,0,1,0,0,0,1,0
2642,PRPhase,i am an abstract class to describe a phase of an export.,0,0,0,1,0,0,0,1,0
2643,PRPhase,"a phase takes an input, transforms it and returns an output.",0,0,0,0,0,0,1,1,0
2644,PRPhase,a phase holds a configuration.,0,0,0,0,0,0,1,1,0
2645,PRPhase,this configuration is a the configuration of the export.,0,0,0,0,0,0,1,1,0
2646,PRPhase,to create a new phase you have to define its prority as a class method then to define the action of the phase with a method actionon aninput.,0,0,1,0,0,0,0,1,0
2647,PRPhase,this method will return an output.,0,0,1,0,0,0,0,1,0
2648,PRPhase,you can also add some transformations to the output like,0,0,1,0,0,0,0,1,0
2649,PRPhase,transformerinputfileon acollection,0,0,1,0,0,0,0,1,0
2650,PRPhase,pillartransformer 1 the parameter is the priority of the transformation,0,0,1,0,0,0,0,1,0
2651,PRPhase,acollection,0,0,1,0,0,0,0,1,0
2652,PRPhase,do each,0,0,1,0,0,0,0,1,0
2653,PRPhase,prfileinclusion new,0,0,1,0,0,0,0,1,0
2654,PRPhase,configuration self configuration,0,0,1,0,0,0,0,1,0
2655,PRPhase,start each,0,0,1,0,0,0,0,1,0
2670,PRPillarParser,i use the prpillargrammar and i build a prdocument.,1,1,0,0,0,0,1,3,0
2675,PRPillarParserMain,i m responsible for starting the parsing process of a pillar document.,0,0,0,0,0,0,1,1,0
2676,PRPillarParserMain,"if possible, i will use a compiled version of prpillarparser.",1,1,0,0,0,0,0,2,0
2677,PRPillarParserMain,i will also use the ston reader to read potentital metadata at the begining of the stream.,1,1,0,0,0,0,0,2,0
2683,PRPillarParserOld,i am a parser for a pillar syntax.,0,0,0,1,0,0,0,1,0
2684,PRPillarParserOld,i use the prpillargrammar and i build a prdocument.,1,1,0,0,0,0,1,3,0
2690,PRPreformatted,i am preformatted text or source code.,0,0,0,1,0,0,0,1,0
2693,PRScreenshotAnnotation,i am an annotation used to show a screenshot of a given class and method.,0,0,0,1,0,0,1,2,0
2694,PRScreenshotAnnotation,i am used in a prdocument to include a prpicture and add a png file to the figures chapter subfolder.,0,1,0,0,0,0,1,2,0
2695,PRScreenshotAnnotation,my parameters are,0,0,0,0,0,1,0,1,1
2696,PRScreenshotAnnotation,package the targetted package,0,0,0,0,0,1,0,1,0
2697,PRScreenshotAnnotation,class the targetted class,0,0,0,0,0,1,0,1,0
2698,PRScreenshotAnnotation,method the targetted method,0,0,0,0,0,1,0,1,0
2699,PRScreenshotAnnotation,caption the caption that will appear under my figure in the final book,0,0,0,0,0,1,0,1,0
2700,PRScreenshotAnnotation,width prfigure width as would be used in a more classic figure inclusion with caption .,0,0,0,0,0,1,0,1,0
2701,PRScreenshotAnnotation,file width 50,0,0,0,0,0,1,0,1,0
2702,PRScreenshotAnnotation,label prfigure label as would be used in a more classic figure inclusion with caption .,0,0,0,0,0,1,0,1,0
2703,PRScreenshotAnnotation,file label aa,0,0,0,0,0,1,0,1,0
2704,PRScreenshotAnnotation,i am used as follows in a document,0,0,1,0,0,0,0,1,0
2705,PRScreenshotAnnotation,screenshot package kernel class integer method caption the plus method width 50 label aa,0,0,1,0,0,0,0,1,0
2724,PRShowClassTransformer,i am a transformer for the showclass annotation.,0,0,0,1,0,0,0,1,0
2725,PRShowClassTransformer,i know how to visit a showclass annotation and the way to transform it.,0,0,0,0,0,0,1,1,0
2726,PRShowClassTransformer,i create a prcodeblock with the class definition within it.,1,1,0,0,0,0,0,2,0
2731,PRSyntaxError,an error about syntax,0,0,0,1,0,0,0,1,0
2733,PRUnorderedList,i am an unordered list.,0,0,0,1,0,0,0,1,0
2734,PRUnorderedList,i am typically used for unnumbered lists,0,1,0,0,0,0,0,1,0
2737,PRWatcher,a class to watch served sites.,0,0,0,1,0,0,1,2,0
2738,PRWatcher,"each 5 seconds, the website is regenerated",0,0,0,0,0,0,1,1,0
2742,PMAccuracy,accuracy is a framework for testing the numerical accuracy of the results of methods.,0,0,0,1,0,0,1,2,0
2745,PMAdditionalTest,"here are tests that would be in math tests dhb numerical, if it could construct random matrices",0,0,0,0,0,0,1,1,0
2747,PMAM3Stepper,it is stepper for adams moulton method of order 3.,0,0,0,1,0,0,0,1,0
2748,PMAM3Stepper,an s step adams moulton method can reach order s 1.,0,0,0,0,0,0,1,1,0
2750,PMAM3Stepper,a am3 method is implicit.,0,0,0,0,0,0,1,1,0
2754,PMBernoulliGeneratorTest,a bernoulligeneratortest is a test class for testing the behavior of bernoulligenerator,1,1,0,1,0,0,1,4,0
2759,PMExponentialGenerator,"a pmexponentialgenerator uses a uniform random variable in 0,1 to sample from an exponential distribution.",0,0,0,1,0,0,0,1,0
2760,PMExponentialGenerator,"the exponential distribution has a single parameter beta, here denoted as mean.",0,0,0,0,0,0,1,1,0
2761,PMExponentialGenerator,"the default randomgenerator is pmrandom, but can be modified.",0,0,0,0,0,1,0,1,0
2762,PMExponentialGenerator,the next method uses the formula,0,0,0,0,1,0,0,1,0
2763,PMExponentialGenerator,x beta ln 1 u,0,0,0,0,1,0,0,1,0
2764,PMExponentialGenerator,"to generate an exponential sample x from a uniform 0,1 sample u.",0,0,0,0,1,0,0,1,0
2772,PMGradient,computes the gradient of a function of a collection of numbers.,0,0,0,0,0,0,1,1,0
2773,PMGradient,"example f x,y x^2 y",0,0,1,0,0,0,0,1,0
2774,PMGradient,g pmgradient of x x first squared x second .,0,0,1,0,0,0,0,1,0
2775,PMGradient,g value # 3 2 .,0,0,1,0,0,0,0,1,0
2776,PMGradient,# 12 9,0,0,1,0,0,0,0,1,0
2777,PMGradient,g value # 1 1 .,0,0,1,0,0,0,0,1,0
2778,PMGradient,# 2 1,0,0,1,0,0,0,0,1,0
2789,PMImplicitAnnouncer,an implicitannouncer is used by odesolver to announce step results implicitsolverannouncement .,0,1,0,1,0,0,0,2,0
2794,PMKolmogorovSmirnov1Sample,does a two sided kolmogorov smirnow test and checks whether sample data are from a population with a given distribution.,0,0,0,0,0,0,1,1,0
2796,PMKolmogorovSmirnov1Sample,"you can do the last one in two ways, either by specifying a block via #cdf or by specifying a distribution with concrete parameters via #populationdistribution .",0,0,1,0,0,0,0,1,0
2797,PMKolmogorovSmirnov1Sample,"#ksstatistic returns kolmogorovs d, calculated as the maximum of d and d , iow it does not !",0,0,0,0,0,1,0,1,0
2798,PMKolmogorovSmirnov1Sample,use d max f y i i n .,0,0,0,0,0,1,0,1,0
2799,PMKolmogorovSmirnov1Sample,see eg http www^itl.nist^gov div898 handbook eda section3 eda35g^htm why this would be wrong.,0,0,0,0,0,1,0,1,0
2800,PMKolmogorovSmirnov1Sample,#pvalue returns the probability of getting a d ksstatistic .,0,0,0,0,0,1,0,1,0
2801,PMKolmogorovSmirnov1Sample,#rejectequalityhypothesiswithalpha does what its name says of course.,0,0,0,0,0,1,0,1,0
2802,PMKolmogorovSmirnov1Sample,example,0,0,1,0,0,0,0,1,0
2803,PMKolmogorovSmirnov1Sample,nd dhbnormaldistribution new.,0,0,1,0,0,0,0,1,0
2804,PMKolmogorovSmirnov1Sample,"normal distribution 0, 1",0,0,1,0,0,0,0,1,0
2805,PMKolmogorovSmirnov1Sample,ks kolmogorovsmirnov comparedata 1 to 100 collect i nd random withdistribution nd.,0,0,1,0,0,0,0,1,0
2807,PMKolmogorovSmirnov1Sample,ks rejectequalityhypothesiswithalpha 005.,0,0,1,0,0,0,0,1,0
2808,PMKolmogorovSmirnov1Sample,FALSE,0,0,1,0,0,0,0,1,0
2823,PMLineSearch,i implement line search algorithm to find the minimum of a function g x 0 on the interval 0 x 1.,0,0,0,1,0,0,1,2,0
2824,PMLineSearch,"the method is initialized by g 0 , g 1 and g 0 .",0,0,0,0,0,0,1,1,1
2825,PMLineSearch,"the step from x 0 to x 1 suppose to minimize g x i^eg 0 0 , but due to nonlinearity of g x might fail to do so.",0,0,0,0,1,0,0,1,0
2826,PMLineSearch,"in this case, this method finds such an x that this function is minimized in the sense",0,0,0,0,1,0,0,1,1
2827,PMLineSearch,g x g 0 alpha g 0,0,0,0,0,1,0,0,1,0
2828,PMLineSearch,for some small alpha defaults to 1e 4 .,0,0,0,0,1,0,0,1,1
2829,PMLineSearch,usage,0,0,1,0,0,0,0,1,0
2830,PMLineSearch,for once off use,0,0,1,0,0,0,0,1,1
2831,PMLineSearch,pmlinesearch function funblock valueatzero g0 derivativeatzero dg0 valueatone g1 evaluate.,0,0,1,0,0,0,0,1,0
2832,PMLineSearch,"where funblock is the implementation of g x , g0 g 0 , dg0 g 0 and g1 g 0 .",0,0,1,0,0,0,0,1,1
2833,PMLineSearch,for repeated use,0,0,1,0,0,0,0,1,0
2834,PMLineSearch,storedmethod dhblinesearch new.,0,0,1,0,0,0,0,1,1
2835,PMLineSearch,storedmethod setfunction funblock.,0,0,1,0,0,0,0,1,0
2836,PMLineSearch,storedmethod setvalueatzero g0 derivativeatzero dg0 valueatone g1.,0,0,1,0,0,0,0,1,1
2837,PMLineSearch,storedmethod evaluate.,0,0,1,0,0,0,0,1,0
2838,PMLineSearch,optimization tip!!!,0,0,0,0,1,0,0,1,1
2839,PMLineSearch,it is guaranteed that g x will be called on the resulting x.,0,0,0,0,1,0,0,1,0
2840,PMLineSearch,see dhbnewtonzerofinder pmnewtonzerofinder that uses this to minimize the number of function evaluations.,0,0,0,0,1,0,0,1,1
2860,PMMatrix,i represent a mathematical matrix.,0,0,0,1,0,0,0,1,0
2861,PMMatrix,i can be build from rows as follows,0,0,1,0,0,0,0,1,1
2862,PMMatrix,pmmatrix rows # 1 2 3 4 5 6 .,0,0,1,0,0,0,0,1,0
2863,PMMatrix,i understand the usual matrix operations.,0,0,0,0,0,1,0,1,1
2868,PMODESolver,an ode solver uses a stepper to solve a system.,0,1,0,0,0,0,0,1,0
2869,PMODESolver,the main interface once the solver is set up it has a stepper and a solver is,0,0,0,0,0,1,0,1,1
2870,PMODESolver,solve system x0 astate t0 starttime t1 endtime,0,0,0,0,0,1,0,1,0
2872,PMODESolver,announcements are made when a step is taken.,0,0,0,0,1,0,0,1,1
2878,PMQuantileTest,"quantiletest tests mainly #quantile method by calculating quartiles with every method on sortedcollections of size 4, 5, 6 and 11.",0,0,0,0,1,0,0,1,0
2880,PMSciKitLearnSVDFlipAlgorithmTest,this is the test class that exercises scikit learn eigenvector flip algorithm,0,0,0,1,0,0,1,2,0
2901,PMStateTime,a statetime class is a generalization of point.,0,0,0,1,0,0,0,1,0
2902,PMStateTime,it holds both a state and a time.,0,0,0,0,0,0,1,1,0
2903,PMStateTime,"we don t want to use point, since state may be a vector quantity, and the behavior of array @ number is a little off it stores points in an array, what we want is the array itself in state, and the scalar quantity in time .",0,0,0,0,1,0,0,1,0
2907,PMStepper,basic steppers execute one timestep of a specific order with a given stepsize.,0,0,0,1,0,0,1,2,0
2909,PMStepper,"solving ordinary differential equation numerically is usually done iteratively, that is a given state of an ordinary differential equation is iterated forward x t x t dt x t 2dt .",0,0,0,0,1,0,0,1,0
2910,PMStepper,steppers perform one single step.,0,0,0,0,1,0,0,1,0
2911,PMStepper,the most general stepper type is described by the stepper concept.,0,1,0,0,0,0,0,1,0
2913,PMStepper,the class method onsystem will assign the system to the stepper.,0,0,0,0,0,1,0,1,0
2920,GLMRoassal2MorphicTest,a glmroassalmorphictest is xxxxxxxxx.,0,0,0,1,0,0,0,1,0
2922,MorphicRoassalAdapter,i am bridging roassalmodel and rtview,1,1,0,0,0,0,1,3,0
2927,RTAbout,i am a class that display general information about roassal,0,0,0,0,0,0,1,1,0
2929,RTAbstractExample,i am the super class of all the roassal examples.,0,0,0,1,0,0,0,1,0
2930,RTAbstractExample,try to use this script to know the excecution of roassal examples,0,0,1,0,0,0,0,1,0
2931,RTAbstractExample,examples errors,0,0,1,0,0,0,0,1,0
2932,RTAbstractExample,examples orderedcollection new.,0,0,1,0,0,0,0,1,0
2933,RTAbstractExample,errors orderedcollection new.,0,0,1,0,0,0,0,1,0
2934,RTAbstractExample,rtabstractexample subclasses collect #new,0,0,1,0,0,0,0,1,0
2935,RTAbstractExample,do example,0,0,1,0,0,0,0,1,0
2936,RTAbstractExample,example gtexamples do met time builder,0,0,1,0,0,0,0,1,0
2937,RTAbstractExample,time dateandtime now.,0,0,1,0,0,0,0,1,0
2938,RTAbstractExample,builder example perform met selector.,0,0,1,0,0,0,0,1,0
2939,RTAbstractExample,builder iskindof rtbuilder,0,0,1,0,0,0,0,1,0
2940,RTAbstractExample,iftrue builder build .,0,0,1,0,0,0,0,1,0
2941,RTAbstractExample,time dateandtime now time.,0,0,1,0,0,0,0,1,0
2942,RTAbstractExample,time 1 asduration,0,0,1,0,0,0,0,1,0
2943,RTAbstractExample,iftrue examples add met time,0,0,1,0,0,0,0,1,0
2944,RTAbstractExample,on error do errors add met,0,0,1,0,0,0,0,1,0
2945,RTAbstractExample,displayingprogress running examples .,0,0,1,0,0,0,0,1,0
2946,RTAbstractExample,examples errors,0,0,1,0,0,0,0,1,0
2965,RTAbstractStackedDataSet,a data set is a set of points intended to be charted.,0,0,0,1,0,0,0,1,0
2966,RTAbstractStackedDataSet,a data set has to be added to a rtgrapher.,0,1,0,0,0,0,0,1,0
2970,RTAbstractTreeBuilder,i am a base class for some builders of roassal like,0,1,0,1,0,0,0,2,0
2971,RTAbstractTreeBuilder,rttreemapbuilder,1,1,0,0,0,0,0,2,0
2972,RTAbstractTreeBuilder,rtcirculartreemapbuilder,1,1,0,0,0,0,0,2,0
2973,RTAbstractTreeBuilder,rtbundlebuilder,1,1,0,0,0,0,0,2,0
2974,RTAbstractTreeBuilder,rtsunburstbuilder,1,1,0,0,0,0,0,2,0
2985,RTAttachPoint,i am the superclass of the class hierarchy describing attach points.,0,0,0,1,0,0,0,1,0
2986,RTAttachPoint,an attach point indicates where lines start and end.,0,0,0,0,0,0,1,1,0
2989,RTAxisRenderer,a rtaxisrenderer is a renderer for axis.,0,1,0,1,0,0,0,2,0
2990,RTAxisRenderer,it simply render in a view an axis configuration,0,1,0,0,0,0,1,2,0
2995,RTBezier3Line,describe a cubic bezier spline,0,0,0,0,0,0,1,1,0
2996,RTBezier3Line,here is an example,0,0,1,0,0,0,0,1,0
2997,RTBezier3Line,v rtview new.,0,0,1,0,0,0,0,1,0
2998,RTBezier3Line,s rtellipse new color color red alpha 04 size 30.,0,0,1,0,0,0,0,1,0
2999,RTBezier3Line,e1 s elementon begin .,0,0,1,0,0,0,0,1,0
3000,RTBezier3Line,e2 s elementon end .,0,0,1,0,0,0,0,1,0
3001,RTBezier3Line,e3 s elementon middle .,0,0,1,0,0,0,0,1,0
3002,RTBezier3Line,lineshape rtbezier3line new.,0,0,1,0,0,0,0,1,0
3003,RTBezier3Line,lineshape controlelement e3.,0,0,1,0,0,0,0,1,0
3004,RTBezier3Line,lineshape attachpoint rtshorterdistanceattachpoint instance .,0,0,1,0,0,0,0,1,0
3005,RTBezier3Line,edge lineshape edgefrom e1 to e2.,0,0,1,0,0,0,0,1,0
3006,RTBezier3Line,v add e1 add e2 add e3 add edge.,0,0,1,0,0,0,0,1,0
3007,RTBezier3Line,e1 @ rtdraggable.,0,0,1,0,0,0,0,1,0
3008,RTBezier3Line,e2 @ rtdraggable.,0,0,1,0,0,0,0,1,0
3009,RTBezier3Line,e3 @ rtdraggable.,0,0,1,0,0,0,0,1,0
3010,RTBezier3Line,e2 translateby 80 @ 50.,0,0,1,0,0,0,0,1,0
3011,RTBezier3Line,e3 translateby 40 @ 25.,0,0,1,0,0,0,0,1,0
3012,RTBezier3Line,v,0,0,1,0,0,0,0,1,0
3031,RTBorderAttachPoint,i am an attach point that will end the line on the border of the end shapes.,0,0,0,1,0,0,0,1,0
3032,RTBorderAttachPoint,"unline continuousattachpoint & co. you don t need to care about what the end shape is, as long as it is one of the basic shapes.",1,0,0,0,1,0,0,2,0
3047,RTBox,a rtbox is a rectangular box.,0,0,0,1,0,0,0,1,0
3048,RTBox,"eg,",0,0,1,0,0,0,0,1,0
3049,RTBox,v,0,0,1,0,0,0,0,1,0
3050,RTBox,v rtview new.,0,0,1,0,0,0,0,1,0
3051,RTBox,v add rtbox new width 10 height 20 element.,0,0,1,0,0,0,0,1,0
3052,RTBox,v open,0,0,1,0,0,0,0,1,0
3059,RTBucketColor,a scale of elements is discretized into buckets where elements of each bucket is associated to an element.,0,0,0,0,0,0,1,1,0
3060,RTBucketColor,the buckets are formed by creating partitions uniformly.,0,0,0,0,0,0,1,1,0
3063,RTCalendarExample,rtcalendarexample new installtitle visualizationcsv,0,0,1,0,0,0,0,1,0
3064,RTCalendarExample,code,0,0,1,0,0,0,0,1,0
3065,RTCalendarExample,b tab colors dictionary,0,0,1,0,0,0,0,1,0
3066,RTCalendarExample,"tab rttabtable new input http bl^ocks.org mbostock raw 4063318 dji^csv asurl retrievecontents usingdelimiter ,.",0,0,1,0,0,0,0,1,0
3067,RTCalendarExample,tab removefirstrow.,0,0,1,0,0,0,0,1,0
3068,RTCalendarExample,dictionary dictionary new.,0,0,1,0,0,0,0,1,0
3069,RTCalendarExample,tab values do ar value,0,0,1,0,0,0,0,1,0
3070,RTCalendarExample,value ar fifth asnumber ar second asnumber ar second asnumber.,0,0,1,0,0,0,0,1,0
3071,RTCalendarExample,dictionary at ar first asdate put value .,0,0,1,0,0,0,0,1,0
3072,RTCalendarExample,colors # # 165 0 38 # 215 48 38 # 244 109 67,0,0,1,0,0,0,0,1,0
3073,RTCalendarExample,# 253 174 97 # 254 224 139 # 255 255 191 # 217 239 139,0,0,1,0,0,0,0,1,1
3074,RTCalendarExample,# 166 217 106 # 102 189 99 # 26 152 80 # 0 104 55,0,0,1,0,0,0,0,1,0
3075,RTCalendarExample,collect ar color r ar first g ar second b ar third range 255 .,0,0,1,0,0,0,0,1,1
3076,RTCalendarExample,b rtcalendarbuilder new.,0,0,1,0,0,0,0,1,0
3077,RTCalendarExample,b dateshape rectangle size 15 color color white bordercolor color lightgray.,0,0,1,0,0,0,0,1,0
3078,RTCalendarExample,b monthshape shape b monthshapepath 150 .,0,0,1,0,0,0,0,1,1
3079,RTCalendarExample,b yearshape composite comp,0,0,1,0,0,0,0,1,1
3080,RTCalendarExample,comp add rtlabel new text d d year height 20 .,0,0,1,0,0,0,0,1,1
3081,RTCalendarExample,comp add rtbox new color color transparent .,0,0,1,0,0,0,0,1,1
3082,RTCalendarExample,.,0,0,1,0,0,0,0,1,1
3083,RTCalendarExample,b dates year year 1990 to year year 2010 .,0,0,1,0,0,0,0,1,1
3084,RTCalendarExample,b datelayout gapsize 0.,0,0,1,0,0,0,0,1,1
3085,RTCalendarExample,b monthlayout month.,0,0,1,0,0,0,0,1,1
3086,RTCalendarExample,b yearlayout horizontalline.,0,0,1,0,0,0,0,1,1
3087,RTCalendarExample,b dateshape if d dictionary includeskey d color,0,0,1,0,0,0,0,1,1
3088,RTCalendarExample,d value index,0,0,1,0,0,0,0,1,0
3089,RTCalendarExample,value dictionary at d 005.,0,0,1,0,0,0,0,1,1
3090,RTCalendarExample,index value 11 01 1.,0,0,1,0,0,0,0,1,0
3091,RTCalendarExample,index 1 iftrue index 1 .,0,0,1,0,0,0,0,1,1
3092,RTCalendarExample,index 11 iftrue index 11 .,0,0,1,0,0,0,0,1,0
3093,RTCalendarExample,colors at index.,0,0,1,0,0,0,0,1,1
3094,RTCalendarExample,.,0,0,1,0,0,0,0,1,0
3095,RTCalendarExample,b dateinteraction popup.,0,0,1,0,0,0,0,1,1
3096,RTCalendarExample,b build.,0,0,1,0,0,0,0,1,0
3097,RTCalendarExample,b view elements select e e model iskindof month pushfront.,0,0,1,0,0,0,0,1,0
3098,RTCalendarExample,^ b view,0,0,1,0,0,0,0,1,1
3135,RTCircleGeometry,i represent a circle described by its center and a radius .,0,0,0,1,0,0,0,1,1
3136,RTCircleGeometry,"i am not a roassal shape, for that use rtellipse.",0,0,0,1,0,0,0,1,1
3137,RTCircleGeometry,instead i am using in some circle related gemetric computations.,0,0,0,0,0,0,1,1,0
3141,RTCircleTree,i am a class helper to do the layout in rtcirculartreemapbuilder,0,1,0,1,0,0,1,3,1
3145,RTCPQualitative,"qualitative schemes do not imply magnitude differences between legend classes, and hues are used to create the primary visual differences between classes.",0,0,0,0,0,0,1,1,0
3146,RTCPQualitative,qualitative schemes are best suited to representing nominal or categorical data.,0,0,0,0,0,0,1,1,0
3147,RTCPQualitative,check it out by executing,0,0,1,0,0,0,0,1,1
3148,RTCPQualitative,colorpalette qualitative show,0,0,1,0,0,0,0,1,0
3158,RTDecoratedTest,a rtdecoratedtest is a test class for testing the behavior of rtdecorated,0,1,0,1,0,0,1,3,0
3162,RTDualAttachPoint,i am a new class to combine attach points,0,0,0,1,0,0,1,2,0
3165,RTEditableLabel,"i am a class to create editable label shapes, but do not forget that roassal is for visualizations not to build morphs",0,0,0,1,0,0,1,2,0
3168,RTEllipseTest,a rtellipsetest is a test class for testing the behavior of rtellipse,0,0,0,1,0,0,1,2,0
3171,RTExperimentalExample,rtexperimentalexample new installtitle boxselectionforedges,0,0,1,0,0,0,0,1,0
3172,RTExperimentalExample,code,0,0,1,0,0,0,0,1,0
3173,RTExperimentalExample,gtexample,0,0,1,0,0,0,0,1,1
3174,RTExperimentalExample,b v,0,0,1,0,0,0,0,1,0
3175,RTExperimentalExample,b rtobjectbrowser new.,0,0,1,0,0,0,0,1,1
3176,RTExperimentalExample,v rtview new.,0,0,1,0,0,0,0,1,0
3177,RTExperimentalExample,v addelement rtbox element.,0,0,1,0,0,0,0,1,0
3178,RTExperimentalExample,b object v.,0,0,1,0,0,0,0,1,1
3179,RTExperimentalExample,^ b,0,0,1,0,0,0,0,1,0
3189,RTExploraBuilderTest,a roexplorabuildertest is xxxxxxxxx.,0,0,0,1,0,0,0,1,0
3195,RTFilterInView,this interaction adds a set of menu in the view to filter in and out some elements,0,0,0,0,0,0,1,1,0
3196,RTFilterInView,here is an example,0,0,1,0,0,0,0,1,1
3197,RTFilterInView,b,0,0,1,0,0,0,0,1,1
3198,RTFilterInView,b rtmondrian new.,0,0,1,0,0,0,0,1,1
3199,RTFilterInView,b shape box size #numberofmethods.,0,0,1,0,0,0,0,1,1
3200,RTFilterInView,b nodes collection withallsubclasses .,0,0,1,0,0,0,0,1,1
3201,RTFilterInView,b layout grid.,0,0,1,0,0,0,0,1,1
3202,RTFilterInView,b normalizer normalizecolor #numberofmethods.,0,0,1,0,0,0,0,1,1
3203,RTFilterInView,b view @ rtfilterinview.,0,0,1,0,0,0,0,1,1
3204,RTFilterInView,b,0,0,1,0,0,0,0,1,1
3205,RTFilterInView,with edges,0,0,1,0,0,0,0,1,0
3206,RTFilterInView,b,0,0,1,0,0,0,0,1,1
3207,RTFilterInView,b rtmondrian new.,0,0,1,0,0,0,0,1,0
3208,RTFilterInView,b shape box size #numberofmethods.,0,0,1,0,0,0,0,1,1
3209,RTFilterInView,b nodes collection withallsubclasses .,0,0,1,0,0,0,0,1,0
3210,RTFilterInView,b normalizer normalizecolor #numberofmethods.,0,0,1,0,0,0,0,1,1
3211,RTFilterInView,b edges connectfrom #superclass.,0,0,1,0,0,0,0,1,0
3212,RTFilterInView,b layout tree.,0,0,1,0,0,0,0,1,1
3213,RTFilterInView,b view @ rtfilterinview.,0,0,1,0,0,0,0,1,0
3214,RTFilterInView,b,0,0,1,0,0,0,0,1,1
3215,RTFilterInView,example using the spawn block,0,0,1,0,0,0,0,1,0
3216,RTFilterInView,b,0,0,1,0,0,0,0,1,1
3217,RTFilterInView,b rtmondrian new.,0,0,1,0,0,0,0,1,0
3218,RTFilterInView,b shape box size #numberofmethods.,0,0,1,0,0,0,0,1,1
3219,RTFilterInView,b nodes collection withallsubclasses .,0,0,1,0,0,0,0,1,0
3220,RTFilterInView,b layout grid.,0,0,1,0,0,0,0,1,1
3221,RTFilterInView,b normalizer normalizecolor #numberofmethods.,0,0,1,0,0,0,0,1,0
3222,RTFilterInView,filter rtfilterinview new.,0,0,1,0,0,0,0,1,1
3223,RTFilterInView,filter spawnblock el rtview new addall el copy yourself .,0,0,1,0,0,0,0,1,0
3224,RTFilterInView,b view @ filter.,0,0,1,0,0,0,0,1,1
3225,RTFilterInView,b,0,0,1,0,0,0,0,1,0
3257,RTForceBasedLayout,a roforcebasedlayout is inspired from the code of d3.,0,0,0,1,0,0,0,1,0
3310,RTGrapherSelectRangeViewContext,define a range for gt,0,0,0,0,0,0,1,1,0
3311,RTGrapherSelectRangeViewContext,g rtgrapher new.,0,0,1,0,0,0,0,1,0
3312,RTGrapherSelectRangeViewContext,g view rtview new.,0,0,1,0,0,0,0,1,0
3313,RTGrapherSelectRangeViewContext,ds rtdata new.,0,0,1,0,0,0,0,1,0
3314,RTGrapherSelectRangeViewContext,ds dotshape color color blue trans.,0,0,1,0,0,0,0,1,0
3315,RTGrapherSelectRangeViewContext,ds points rtshape withallsubclasses.,0,0,1,0,0,0,0,1,0
3316,RTGrapherSelectRangeViewContext,ds y cls cls numberofmethods 50 .,0,0,1,0,0,0,0,1,0
3317,RTGrapherSelectRangeViewContext,ds x cls cls numberoflinesofcode 150 .,0,0,1,0,0,0,0,1,0
3318,RTGrapherSelectRangeViewContext,g add ds.,0,0,1,0,0,0,0,1,0
3319,RTGrapherSelectRangeViewContext,rtgrapherselectrangeviewcontext ongrapher g callback elements g view attributeat #presentation selection elements .,0,0,1,0,0,0,0,1,0
3320,RTGrapherSelectRangeViewContext,g,0,0,1,0,0,0,0,1,0
3332,RTHighlightableWithCursor,highlight to indicates that some interaction be can done.,0,0,0,0,0,0,1,1,0
3333,RTHighlightableWithCursor,it changes the cursor aspect,0,1,0,0,0,0,0,1,0
3334,RTHighlightableWithCursor,"eg,",0,0,1,0,0,0,0,1,0
3335,RTHighlightableWithCursor,b,0,0,1,0,0,0,0,1,0
3336,RTHighlightableWithCursor,b rtumlclassbuilder new,0,0,1,0,0,0,0,1,0
3337,RTHighlightableWithCursor,instancevariables #instvarnames,0,0,1,0,0,0,0,1,0
3338,RTHighlightableWithCursor,methodselector #selector,0,0,1,0,0,0,0,1,0
3339,RTHighlightableWithCursor,methodsnames #rtmethods,0,0,1,0,0,0,0,1,0
3340,RTHighlightableWithCursor,attributeselector #yourself.,0,0,1,0,0,0,0,1,0
3341,RTHighlightableWithCursor,b attributeshape color color black.,0,0,1,0,0,0,0,1,0
3342,RTHighlightableWithCursor,b methodshape color color black.,0,0,1,0,0,0,0,1,0
3343,RTHighlightableWithCursor,b classnameshape color color black.,0,0,1,0,0,0,0,1,0
3344,RTHighlightableWithCursor,b lineshape color color black.,0,0,1,0,0,0,0,1,0
3345,RTHighlightableWithCursor,b boxshape bordercolor color black.,0,0,1,0,0,0,0,1,0
3346,RTHighlightableWithCursor,b addobjects collection withallsubclasses .,0,0,1,0,0,0,0,1,0
3347,RTHighlightableWithCursor,b layout tree.,0,0,1,0,0,0,0,1,0
3348,RTHighlightableWithCursor,b build.,0,0,1,0,0,0,0,1,0
3349,RTHighlightableWithCursor,b view elements @ rthighlightablewithcursor.,0,0,1,0,0,0,0,1,0
3350,RTHighlightableWithCursor,^b view,0,0,1,0,0,0,0,1,0
3351,RTHighlightableWithCursor,b rtmondrian new.,0,0,1,0,0,0,0,1,0
3352,RTHighlightableWithCursor,b shape circle size 10.,0,0,1,0,0,0,0,1,0
3353,RTHighlightableWithCursor,b interaction showedge,0,0,1,0,0,0,0,1,0
3354,RTHighlightableWithCursor,connecttoall #subclasses.,0,0,1,0,0,0,0,1,0
3355,RTHighlightableWithCursor,b interaction showlabel,0,0,1,0,0,0,0,1,0
3356,RTHighlightableWithCursor,highlightobjects #subclasses.,0,0,1,0,0,0,0,1,0
3357,RTHighlightableWithCursor,nodes b nodes collection withallsubclasses .,0,0,1,0,0,0,0,1,0
3358,RTHighlightableWithCursor,nodes @ rthighlightablewithcursor.,0,0,1,0,0,0,0,1,0
3359,RTHighlightableWithCursor,b edges movebehind connectfrom #superclass.,0,0,1,0,0,0,0,1,0
3360,RTHighlightableWithCursor,b layout radial.,0,0,1,0,0,0,0,1,0
3361,RTHighlightableWithCursor,b,0,0,1,0,0,0,0,1,0
3392,RTHistogramSet,the histogram gives you a distribution frequency over the points given.,0,0,0,0,0,0,1,1,0
3393,RTHistogramSet,frequency on y and a collection of values per bars on x.,0,0,0,0,0,0,1,1,0
3396,RTHorizontalData,rtdata renders bars and dots in vertical way,0,0,0,0,0,0,1,1,0
3398,RTLabeled,a rtlabeled adds a label above an element.,0,0,0,0,0,0,1,1,0
3399,RTLabeled,the label may be particularized using #text in the default string representation is not sufficient.,0,0,0,0,0,1,1,2,0
3400,RTLabeled,consider,0,0,0,0,0,0,1,1,0
3401,RTLabeled,"eg,",0,0,1,0,0,0,0,1,0
3402,RTLabeled,v rtview new.,0,0,1,0,0,0,0,1,0
3403,RTLabeled,e rtellipse new size 30 elementon 42.,0,0,1,0,0,0,0,1,0
3404,RTLabeled,v add e.,0,0,1,0,0,0,0,1,0
3405,RTLabeled,"e @ rtlabeled new text value my value is , value asstring .",0,0,1,0,0,1,0,2,0
3406,RTLabeled,v,0,0,1,0,0,0,0,1,0
3408,RTLabeled,canvas object,0,0,0,0,0,1,0,1,0
3409,RTLabeled,color object,0,0,0,0,0,1,0,1,0
3410,RTLabeled,highlightable object,0,0,0,0,0,1,0,1,0
3412,RTLabeled,offsetonedge object,0,0,0,0,0,1,0,1,0
3413,RTLabeled,position object,0,0,0,0,0,1,0,1,0
3414,RTLabeled,text object,0,0,0,0,0,1,0,1,0
3415,RTLabeled,canvas,0,0,0,0,0,1,0,1,0
3416,RTLabeled,xxxxx,0,0,0,0,0,1,0,1,0
3417,RTLabeled,color,0,0,0,0,0,1,0,1,0
3418,RTLabeled,xxxxx,0,0,0,0,0,1,0,1,0
3419,RTLabeled,highlightable,0,0,0,0,0,1,0,1,0
3420,RTLabeled,xxxxx,0,0,0,0,0,1,0,1,0
3422,RTLabeled,xxxxx,0,0,0,0,0,1,0,1,0
3423,RTLabeled,offsetonedge,0,0,0,0,0,1,0,1,0
3424,RTLabeled,xxxxx,0,0,0,0,0,1,0,1,0
3425,RTLabeled,position,0,0,0,0,0,1,0,1,0
3426,RTLabeled,xxxxx,0,0,0,0,0,1,0,1,0
3427,RTLabeled,text,0,0,0,0,0,1,0,1,0
3428,RTLabeled,xxxxx,0,0,0,0,0,1,0,1,0
3452,RTLineDecorationExample,rtlinedecorationexample new installtitle cool,0,0,1,0,0,0,0,1,0
3453,RTLineDecorationExample,code,0,0,1,0,0,0,0,1,0
3454,RTLineDecorationExample,v b1 b2 edges,0,0,1,0,0,0,0,1,0
3455,RTLineDecorationExample,b1 rtbox new,0,0,1,0,0,0,0,1,0
3456,RTLineDecorationExample,size 100,0,0,1,0,0,0,0,1,0
3457,RTLineDecorationExample,element,0,0,1,0,0,0,0,1,0
3458,RTLineDecorationExample,translateto 0 @ 0,0,0,1,0,0,0,0,1,0
3459,RTLineDecorationExample,@ rtdraggable.,0,0,1,0,0,0,0,1,0
3460,RTLineDecorationExample,b2 rtbox new,0,0,1,0,0,0,0,1,0
3461,RTLineDecorationExample,size 100,0,0,1,0,0,0,0,1,0
3462,RTLineDecorationExample,element,0,0,1,0,0,0,0,1,0
3463,RTLineDecorationExample,translateto 400 @ 0,0,0,1,0,0,0,0,1,0
3464,RTLineDecorationExample,@ rtdraggable.,0,0,1,0,0,0,0,1,0
3465,RTLineDecorationExample,edges orderedcollection new.,0,0,1,0,0,0,0,1,0
3466,RTLineDecorationExample,edges add rtarrowedline new head rtfilleddiamond ashead color color black width 2 attachpoint rtrectangleattachpoint new offset 15 edgefrom b1 to b2 .,0,0,1,0,0,0,0,1,0
3467,RTLineDecorationExample,edges add rtdecoratedline new color color blue width 2 attachpoint rtrectangleattachpoint new offset 15 edgefrom b1 to b2 .,0,0,1,0,0,0,0,1,0
3468,RTLineDecorationExample,edges add rtdecoratedline new filleddiamondhead color color green width 2 attachpoint rtrectangleattachpoint new offset 15 edgefrom b1 to b2 .,0,0,1,0,0,0,0,1,0
3469,RTLineDecorationExample,edges add rtdecoratedline new filleddiamondhead emptycircletail color color red width 2 attachpoint rtrectangleattachpoint new offset 15 edgefrom b1 to b2 .,0,0,1,0,0,0,0,1,0
3470,RTLineDecorationExample,v rtview new,0,0,1,0,0,0,0,1,0
3471,RTLineDecorationExample,add b1,0,0,1,0,0,0,0,1,0
3472,RTLineDecorationExample,add b2,0,0,1,0,0,0,0,1,0
3473,RTLineDecorationExample,addall edges.,0,0,1,0,0,0,0,1,0
3474,RTLineDecorationExample,edges do each each update .,0,0,1,0,0,0,0,1,0
3475,RTLineDecorationExample,v,0,0,1,0,0,0,0,1,0
3500,RTLinePathBuilder,an interpolator a way to create lines in svg,0,0,0,0,0,0,1,1,0
3502,RTLinkView,i allow to export several views,0,0,0,0,0,0,1,1,0
3503,RTLinkView,"for instance if in your visualization rtview, you have elements that have visualizalitations you can use it to explore it in a web browser",0,0,1,0,0,0,0,1,0
3504,RTLinkView,rtlinkview works with rthtml5exporter and,1,1,0,0,0,0,0,2,0
3505,RTLinkView,rtsvgexporter,1,1,0,0,0,0,0,2,0
3525,RTPlatformPopup,i am a basic class to have the platform popup instead of the roassal popup rtpopup,0,0,0,1,0,0,0,1,0
3527,RTPopupTest,a roabstractpopuptest is xxxxxxxxx.,0,0,0,1,0,1,0,2,0
3529,RTPopupTest,popup object,0,0,0,0,0,1,0,1,0
3530,RTPopupTest,view object,0,0,0,0,0,1,0,1,0
3531,RTPopupTest,popup,0,0,0,0,0,1,0,1,0
3532,RTPopupTest,xxxxx,0,0,0,0,0,1,0,1,0
3533,RTPopupTest,view,0,0,0,0,0,1,0,1,0
3534,RTPopupTest,xxxxx,0,0,0,0,0,1,0,1,0
3540,RTRectangleAttachPoint,continuous attach point which presumes both shapes are not rotated rectangles,0,0,0,0,0,0,1,1,0
3541,RTRectangleAttachPoint,v rtview new.,0,0,1,0,0,0,0,1,0
3542,RTRectangleAttachPoint,e1 rtbox new size 50 elementon 1.,0,0,1,0,0,0,0,1,0
3543,RTRectangleAttachPoint,e2 rtellipse new size 50 elementon 2.,0,0,1,0,0,0,0,1,0
3544,RTRectangleAttachPoint,v add e1 add e2.,0,0,1,0,0,0,0,1,0
3545,RTRectangleAttachPoint,e2 translateby 30 @ 60.,0,0,1,0,0,0,0,1,0
3546,RTRectangleAttachPoint,e1 @ rtdraggable.,0,0,1,0,0,0,0,1,0
3547,RTRectangleAttachPoint,e2 @ rtdraggable.,0,0,1,0,0,0,0,1,0
3548,RTRectangleAttachPoint,s rtarrowedline new color color black.,0,0,1,0,0,0,0,1,0
3549,RTRectangleAttachPoint,s attachpoint rtrectangleattachpoint new.,0,0,1,0,0,0,0,1,0
3550,RTRectangleAttachPoint,l s edgefrom e1 to e2.,0,0,1,0,0,0,0,1,0
3551,RTRectangleAttachPoint,v add l.,0,0,1,0,0,0,0,1,0
3552,RTRectangleAttachPoint,v,0,0,1,0,0,0,0,1,0
3566,RTResizeCanceled,i am fired when resize operation is canceled globally for the whole view.,0,0,0,0,0,0,1,1,0
3567,RTResizeCanceled,collaborators,0,1,0,0,0,0,0,1,0
3568,RTResizeCanceled,dcrtresizable,0,1,0,0,0,0,0,1,0
3572,RTRotatedLabel,a rtrotatedlabel describes rotated labels.,0,0,0,0,0,0,1,1,0
3573,RTRotatedLabel,v shape es,0,0,1,0,0,0,0,1,0
3574,RTRotatedLabel,v rtview new.,0,0,1,0,0,0,0,1,0
3575,RTRotatedLabel,"shape rtrotatedlabel new text c class , c name angleindegree c c numberofmethods 360 .",0,0,1,0,0,0,0,1,0
3576,RTRotatedLabel,es shape elementson collection withallsubclasses.,0,0,1,0,0,0,0,1,0
3577,RTRotatedLabel,rtgridlayout on es.,0,0,1,0,0,0,0,1,0
3578,RTRotatedLabel,v addall es.,0,0,1,0,0,0,0,1,0
3579,RTRotatedLabel,v open,0,0,1,0,0,0,0,1,0
3588,RTScale,a class to have nice scales checks subclasses,0,0,0,1,0,0,0,1,1
3590,RTScrollBarBuilder,a rtscrollbarbuilder is a scroll bar that you can add to navigate in your view.,0,0,0,1,0,0,0,1,0
3591,RTScrollBarBuilder,"more than a draggable view, it allows to keep a mark about your position in the view and it scale for large views.",0,0,0,0,0,0,1,1,0
3592,RTScrollBarBuilder,"it can be static, movable, using #isstatic or #ismovable",0,0,0,0,0,1,0,1,0
3593,RTScrollBarBuilder,aving an orientation #vertical or #horizontal.,0,0,0,0,0,1,0,1,0
3594,RTScrollBarBuilder,"the default configuration is #isbasic and #isstatic,",0,0,0,0,0,1,0,1,0
3595,RTScrollBarBuilder,the bar shape is defined by #barshape #abox or default value #anellipse,0,0,0,0,0,1,0,1,0
3596,RTScrollBarBuilder,"the bar can have a specificity like #scalable, so it give an idea of the size of the view.",0,0,0,0,0,1,0,1,0
3597,RTScrollBarBuilder,size or fixedposition can be defined as blocks.,0,0,0,0,0,1,0,1,0
3598,RTScrollBarBuilder,width to set a static size of width.,0,0,0,0,0,1,0,1,0
3608,RTSmoothLayoutTranslator,a rosmoothlayouttranslator is xxxxxxxxx.,0,0,0,1,0,1,0,2,1
3610,RTSmoothLayoutTranslator,move object,0,0,0,0,0,1,0,1,0
3611,RTSmoothLayoutTranslator,nbcycles object,0,0,0,0,0,1,0,1,1
3612,RTSmoothLayoutTranslator,move,0,0,0,0,0,1,0,1,0
3613,RTSmoothLayoutTranslator,xxxxx,0,0,0,0,0,1,0,1,1
3614,RTSmoothLayoutTranslator,nbcycles,0,0,0,0,0,1,0,1,0
3615,RTSmoothLayoutTranslator,xxxxx,0,0,0,0,0,1,0,1,1
3621,RTSunburstBuilder,"i am a class to create visualizations about rings, center is the root of the tree and arcs are the sub trees.",0,0,0,1,0,0,1,2,0
3622,RTSunburstBuilder,"you can customize the angle of the arc, and play with the with radius and width of each arc.",0,0,0,0,0,0,1,1,1
3626,RTSunburstBuilderExamples,rtsunburstbuilderexamples new installtitle basic15,0,0,1,0,0,0,0,1,0
3627,RTSunburstBuilderExamples,code,0,0,1,0,0,0,0,1,1
3628,RTSunburstBuilderExamples,b,0,0,1,0,0,0,0,1,0
3629,RTSunburstBuilderExamples,b rtsunburstbuilder new.,0,0,1,0,0,0,0,1,1
3630,RTSunburstBuilderExamples,b strategy rtsunburstextentstrategy new extent 800@800 .,0,0,1,0,0,0,0,1,0
3631,RTSunburstBuilderExamples,b shape colorelement el el model subclasses isempty iftrue color purple iffalse color lightgray .,0,0,1,0,0,0,0,1,1
3632,RTSunburstBuilderExamples,b explore morph using #subclasses.,0,0,1,0,0,0,0,1,0
3633,RTSunburstBuilderExamples,b view @ rtdraggableview.,0,0,1,0,0,0,0,1,1
3634,RTSunburstBuilderExamples,b build.,0,0,1,0,0,0,0,1,0
3635,RTSunburstBuilderExamples,^ b view,0,0,1,0,0,0,0,1,1
3646,RTSVGAbstractLine,a rtsvgabstractline refers to the common interface for both regular svg lines and bezier lines as paths .,0,0,0,1,0,0,0,1,0
3647,RTSVGAbstractLine,the decoration refers to the maker of the line.,0,0,0,1,0,0,0,1,0
3651,RTSVGBoxedTextPopup,"a rtsvgboxedtextpopup is a text popup, contained in a square box.",0,0,0,1,0,0,0,1,1
3652,RTSVGBoxedTextPopup,"this boxing, in svg, supports many features, not included in this class.",0,0,0,0,0,0,1,1,0
3655,RTSVGPopup,a rtsvgpopup is any kind of popup born from a certain element.,0,0,0,1,0,0,0,1,0
3656,RTSVGPopup,the click refers to the posibility of activating the popup only when the element is clicked.,0,0,0,0,0,0,1,1,0
3657,RTSVGPopup,this is disabled by default.,0,0,0,0,0,0,1,1,1
3661,RTSVGVisitor2Test,i am a simple test class for rtsvgvisitor2,1,0,0,1,0,0,0,2,0
3664,RTTabTable,rttabtable is made to work with csv file contents.,0,0,0,0,0,0,1,1,0
3666,RTTextPath,i am a simple class to generate text in roassal with athens cairo that uses the textpathcommand from roassal,0,1,0,1,0,0,1,3,1
3670,RTTextWord,a rttextword represents one word of an original text.,0,0,0,1,0,1,0,2,0
3672,RTTextWord,interval interval,0,0,0,0,0,1,0,1,1
3673,RTTextWord,text string text,0,0,0,0,0,1,0,1,0
3674,RTTextWord,interval,0,0,0,0,0,1,0,1,0
3675,RTTextWord,interval of the word in the original text,0,0,0,0,0,1,0,1,0
3676,RTTextWord,text,0,0,0,0,0,1,0,1,0
3683,RTTimelineSetTest,a rttimelinesettest is a test class for testing the behavior of rttimelineset,1,1,0,1,0,0,1,4,0
3688,RTTreeMapExampleTODELETE,examples of rttreemap,1,0,0,1,0,0,0,2,0
3691,RTVerticalMultipleData,rtverticalmultipledata represents a group of data points that are vertically located.,0,1,0,1,0,0,0,2,0
3692,RTVerticalMultipleData,each group has the same x value.,0,0,0,0,1,0,0,1,1
3693,RTVerticalMultipleData,negative data are not allowed.,0,0,0,0,1,0,0,1,0
3694,RTVerticalMultipleData,here is an example,0,0,1,0,0,0,0,1,1
3695,RTVerticalMultipleData,b d,0,0,1,0,0,0,0,1,0
3696,RTVerticalMultipleData,b rtgrapher new.,0,0,1,0,0,0,0,1,1
3697,RTVerticalMultipleData,d rtverticalmultipledata new.,0,0,1,0,0,0,0,1,0
3698,RTVerticalMultipleData,d points # # hello 1 2 1 # world 2 4 2 # bonjour 3 5 4 # bonjour 3 5 4 # bonjour 3 5 4 .,0,0,1,0,0,0,0,1,1
3699,RTVerticalMultipleData,d addmetric #second.,0,0,1,0,0,0,0,1,0
3700,RTVerticalMultipleData,d addmetric #third.,0,0,1,0,0,0,0,1,1
3701,RTVerticalMultipleData,d addmetric #fourth.,0,0,1,0,0,0,0,1,1
3702,RTVerticalMultipleData,d barchartwithbartitle #first rotation 30.,0,0,1,0,0,0,0,1,0
3703,RTVerticalMultipleData,b add d.,0,0,1,0,0,0,0,1,1
3704,RTVerticalMultipleData,b,0,0,1,0,0,0,0,1,0
3705,RTVerticalMultipleData,here another example,0,0,1,0,0,0,0,1,1
3707,RTVerticalMultipleData,classes collection withallsubclasses reversesortedas #numberofmethods first 10.,0,0,1,0,0,0,0,1,0
3708,RTVerticalMultipleData,b rtgrapher new.,0,0,1,0,0,0,0,1,0
3709,RTVerticalMultipleData,d rtverticalmultipledata new.,0,0,1,0,0,0,0,1,0
3710,RTVerticalMultipleData,d points classes.,0,0,1,0,0,0,0,1,0
3711,RTVerticalMultipleData,d addmetric #numberoflinesofcode.,0,0,1,0,0,0,0,1,0
3712,RTVerticalMultipleData,d addmetric #numberofmethods.,0,0,1,0,0,0,0,1,0
3713,RTVerticalMultipleData,d barchartwithbartitle #name rotation 30.,0,0,1,0,0,0,0,1,0
3714,RTVerticalMultipleData,b add d.,0,0,1,0,0,0,0,1,0
3715,RTVerticalMultipleData,b,0,0,1,0,0,0,0,1,0
3742,RTWeightedCircleLayout,rtweightedcirclelayout is a circle layout that gives more space to big elements and fewer space to small elements.,0,0,0,1,0,0,1,2,0
3743,RTWeightedCircleLayout,here is an example,0,0,1,0,0,0,0,1,1
3744,RTWeightedCircleLayout,v rtview new.,0,0,1,0,0,0,0,1,0
3745,RTWeightedCircleLayout,elements rtellipse new size 5 color color red size vv vv 4 elementson 1 to 15 .,0,0,1,0,0,0,0,1,1
3746,RTWeightedCircleLayout,v addall elements.,0,0,1,0,0,0,0,1,0
3747,RTWeightedCircleLayout,rtweightedcirclelayout on elements.,0,0,1,0,0,0,0,1,1
3748,RTWeightedCircleLayout,v,0,0,1,0,0,0,0,1,0
3757,TROSMShape,this shape represent an openstreetmap background object which tracks the camera zoom level and translation to build a view of the corresponding part of the openstreetmap.,0,0,0,1,0,1,1,3,0
3761,TROSMShape,position point,0,0,0,0,0,1,0,1,0
3762,TROSMShape,rectangle rectangle,0,0,0,0,0,1,0,1,0
3763,TROSMShape,scale point,0,0,0,0,0,1,0,1,0
3764,TROSMShape,tiles dictionary of point form,0,0,0,0,0,1,0,1,0
3765,TROSMShape,zoom point,0,0,0,0,0,1,0,1,0
3768,TROSMShape,position,0,0,0,0,0,1,0,1,0
3770,TROSMShape,rectangle,0,0,0,0,0,1,0,1,0
3771,TROSMShape,bounds of the shape,0,0,0,0,0,1,0,1,0
3772,TROSMShape,scale,0,0,0,0,0,1,0,1,0
3773,TROSMShape,the scale of the shape,0,0,0,0,0,1,0,1,0
3774,TROSMShape,tiles,0,0,0,0,0,1,0,1,0
3776,TROSMShape,zoom,0,0,0,0,0,1,0,1,0
3778,TROSMShape,principle,0,0,0,0,1,0,0,1,0
3779,TROSMShape,10 in roassal space 1km in osm.,0,0,0,0,1,0,0,1,0
3780,TROSMShape,r zoom to osm zoom level base is 1km pixel,0,0,0,0,1,1,0,2,0
3781,TROSMShape,1000 rzoom 156543034 meters pixel 2 ^ zoomlevel,0,0,0,0,1,1,0,2,0
3782,TROSMShape,zoomlevel ln 156543034 rzoom ln 2,0,0,0,0,1,1,0,2,0
3783,TROSMShape,remainderzoom 156543034 rzoom 2 ^ zoomlevel,0,0,0,0,1,1,0,2,0
3784,TROSMShape,lon to roassal space l 40075016686 l 360,0,0,0,0,1,0,0,1,0
3785,TROSMShape,lat to roassal space l float pi 4 l degreestoradians 2 tan ln 40075016686 20 float pi,0,0,0,0,1,0,0,1,0
3786,TROSMShape,remember working limit for lat lon is 8505113,0,0,0,0,1,0,0,1,0
3787,TROSMShape,goal,0,0,0,0,1,0,0,1,0
3788,TROSMShape,"depending on the rtview size and the canvas parameters, get the right tiles from osm and display them.",0,0,0,0,1,1,0,2,0
3789,TROSMShape,algorithm,0,0,0,0,1,0,0,1,0
3790,TROSMShape,"from the camera, get the zoom level and offset.",0,0,0,0,1,1,0,2,0
3791,TROSMShape,compute the osm zoom level with the camera zoom value .,0,0,0,0,1,1,0,2,0
3792,TROSMShape,make remainder zoom a transform inside the trosmshape.,0,0,0,0,1,1,0,2,0
3793,TROSMShape,"take corners of bounding box, get lat long, get tiles x and y based on previous zoom level.",0,0,0,0,1,1,0,2,0
3794,TROSMShape,set clipping rectangle to trosmshape bounds.,0,0,0,0,1,1,0,2,0
3795,TROSMShape,display each tile.,0,0,0,0,1,0,0,1,0
3796,TROSMShape,cache each tile.,0,0,0,0,1,0,0,1,0
3797,TROSMShape,"when displaying, check if tile exists.",0,0,0,0,1,0,0,1,0
3798,TROSMShape,remove tile if not used in display.,0,0,0,0,1,0,0,1,0
3834,JQLoad,load html from a remote file and inject it into the dom.,0,0,0,0,0,0,1,1,0
3836,WABulkReapingCache,i am a cache that reaps all elements at once instead of incrementally.,0,0,0,1,0,0,0,1,0
3837,WABulkReapingCache,i am intended to be used in gemstone s instead of wahashcache.,1,1,0,0,0,0,0,2,0
3838,WABulkReapingCache,a background process should send #reap to me.,0,1,0,0,0,0,0,1,0
3845,WACancelButtonTag,creates a cancel submit button.,0,0,0,0,0,0,1,1,0
3847,WACanvasWidget,a common superclass for all widgets that want to use wahtmlcanvas as their renderer.,1,0,0,1,0,0,0,2,1
3850,WAComboResponse,wacomboresponse is a combination of a buffered and a streaming response.,0,0,0,1,0,0,0,1,0
3851,WAComboResponse,"by default, wacomboresponse will buffer the entire response to be sent at the end of the request processing cycle.",0,0,0,0,0,0,1,1,0
3852,WAComboResponse,"if streaming is desired, the response can be flushed by sending it the #flush message.",0,0,0,0,0,0,1,1,0
3853,WAComboResponse,flushing a response will sent all previously buffered data using chunked transfer encoding which preserves persistent connections .,0,1,0,0,0,0,0,1,1
3854,WAComboResponse,clients can flush the response as often as they want at appropriate points in their response generation everything buffered up to that point will be sent.,0,1,0,0,0,0,0,1,0
3855,WAComboResponse,"for example, a search results page might use something like",0,0,1,0,0,0,0,1,1
3856,WAComboResponse,rendercontenton acanvas,0,0,1,0,0,0,0,1,0
3857,WAComboResponse,render the search page,0,0,1,0,0,0,0,1,1
3858,WAComboResponse,self rendersearchlabelon acanvas.,0,0,1,0,0,0,0,1,0
3859,WAComboResponse,acanvas flush.,0,0,1,0,0,0,0,1,1
3860,WAComboResponse,flush before starting search to give immediate feedback,0,0,1,0,0,0,0,1,0
3861,WAComboResponse,self searchresultsdo aresult,0,0,1,0,0,0,0,1,0
3862,WAComboResponse,self rendersearchresulton acanvas.,0,0,1,0,0,0,0,1,0
3863,WAComboResponse,acanvas flush.,0,0,1,0,0,0,0,1,0
3864,WAComboResponse,flush after each search result,0,0,1,0,0,0,0,1,0
3865,WAComboResponse,"after a response has been flushed once, header modifications are no longer possible and will raise a waillegalstateexception.",0,1,0,0,0,0,0,1,0
3866,WAComboResponse,"server adaptors need to be aware that a committed response must be closed, when complete.",0,1,0,0,0,0,0,1,0
3867,WAComboResponse,an uncommitted response should be handled as usual by the server adapter.,0,1,0,0,0,0,0,1,0
3886,WACookie,"i represent a cookie, a piece of information that is stored on the client and read and writable by the server.",0,0,0,1,0,0,0,1,0
3887,WACookie,i am basically a key value pair of strings.,0,0,0,1,0,0,0,1,0
3889,WACookie,i model only a part of the full cookie specification.,0,0,0,0,1,0,1,2,1
3890,WACookie,browser support,0,0,0,0,1,0,0,1,0
3891,WACookie,http www^mnot.net blog 2006 10 27 cookie fun,0,0,0,0,1,0,0,1,0
3892,WACookie,netscape spec,0,0,0,0,1,0,0,1,0
3893,WACookie,http cgi^netscape.com newsref std cookie spec^html,0,0,0,0,1,0,0,1,0
3894,WACookie,cookie spec,0,0,0,0,1,0,0,1,0
3895,WACookie,http tools^ietf.org html rfc2109,0,0,0,0,1,0,0,1,0
3896,WACookie,cookie 2 spec,0,0,0,0,1,0,0,1,0
3897,WACookie,https tools^ietf.org html rfc6265,0,0,0,0,1,0,0,1,0
3898,WACookie,httponly,0,0,0,0,1,0,0,1,0
3899,WACookie,http msdn2^microsoft.com en us library ms533046^aspx,0,0,0,0,1,0,0,1,0
3900,WACookie,https bugzilla^mozilla.org show bug^cgi?id 178993,0,0,0,0,1,0,0,1,0
3901,WACookie,compared to warequestcookie i represent the information that is sent to the user agent.,0,1,0,1,0,0,0,2,0
3918,WACopyHandlerPlugin,i make a copy of an application.,0,0,0,0,0,0,1,1,0
3920,WADatalistTag,datalist together with the a new list attribute for input is used to make comboboxes,0,0,1,0,0,0,1,2,0
3921,WADatalistTag,input list browsers,0,0,1,0,0,0,0,1,0
3922,WADatalistTag,datalist id browsers,0,0,1,0,0,0,0,1,0
3923,WADatalistTag,option value safari,0,0,1,0,0,0,0,1,0
3924,WADatalistTag,option value internet explorer,0,0,1,0,0,0,0,1,0
3925,WADatalistTag,option value opera,0,0,1,0,0,0,0,1,1
3926,WADatalistTag,option value firefox,0,0,1,0,0,0,0,1,0
3927,WADatalistTag,datalist,0,0,1,0,0,0,0,1,1
3936,WADelayedAnswerDecoration,wadelayedanswerdecoration adds a delay in displaying a component.,0,0,0,0,0,0,1,1,1
3942,WADevelopment,a wadevelopment is a collection of convenience methods for dealing with seaside development in squeak.,0,0,0,1,0,0,1,2,0
3946,WADynamicVariable,i exist for legacy purposes.,0,0,0,0,0,0,1,1,0
3949,WAEncoder,i encode everything that is written to myself using #nextput and #nextputall onto the wrapped stream.,0,0,0,0,0,1,1,2,0
3952,WAErrorHandler,waerrorhandler catches errors and warnings and provides two methods for handling each type of exception,0,1,0,0,0,0,1,2,0
3953,WAErrorHandler,handleerror,1,0,0,0,0,1,0,2,0
3954,WAErrorHandler,handlewarning,1,0,0,0,0,1,0,2,0
3955,WAErrorHandler,"if either method is not implemented, the default implementation will call #handledefault , which can be used to provide common behaviour for both exception types.",0,0,0,0,1,0,0,1,0
3963,WAExpiringCache,i am the abstract base class for caches that remove entries.,0,0,0,1,0,0,0,1,0
3966,WAExpiringCache,maximumsize integer,0,0,0,0,0,1,0,1,0
3967,WAExpiringCache,maximumrelativeage integer,0,0,0,0,0,1,0,1,0
3968,WAExpiringCache,maximumabsoluteage integer,0,0,0,0,0,1,0,1,0
3969,WAExpiringCache,overflowaction symbol,0,0,0,0,0,1,0,1,0
3970,WAExpiringCache,maximumsize,0,0,0,0,0,1,0,1,0
3971,WAExpiringCache,number of sessions supported.,0,0,0,0,0,1,0,1,0
3972,WAExpiringCache,when this limit is reached the overflow action is run.,0,0,0,0,0,1,0,1,0
3973,WAExpiringCache,0 for no maximum size.,0,0,0,0,0,1,0,1,0
3974,WAExpiringCache,has to be positive.,0,0,0,0,0,1,0,1,0
3975,WAExpiringCache,maximumrelativeage,0,0,0,0,0,1,0,1,0
3976,WAExpiringCache,after so many seconds of inactivity a session is considered expired.,0,0,0,0,0,1,0,1,0
3977,WAExpiringCache,0 for no limit.,0,0,0,0,0,1,0,1,0
3978,WAExpiringCache,has to be positive.,0,0,0,0,0,1,0,1,0
3979,WAExpiringCache,maximumabsoluteage,0,0,0,0,0,1,0,1,0
3980,WAExpiringCache,after so many seconds after its creation a session is considered expired no matter when it was last accessed.,0,0,0,0,0,1,0,1,0
3981,WAExpiringCache,0 for no limit.,0,0,0,0,0,1,0,1,0
3982,WAExpiringCache,has to be positive.,0,0,0,0,0,1,0,1,0
3983,WAExpiringCache,overflowaction,0,0,0,0,0,1,0,1,0
3984,WAExpiringCache,what to do when the maximum number of sessions is reached.,0,0,0,0,0,1,0,1,0
3985,WAExpiringCache,only matters when the maximum size is bigger than 0.,0,0,0,0,0,1,0,1,0
3986,WAExpiringCache,possible values,0,0,0,0,0,1,0,1,0
3987,WAExpiringCache,#removerelativeoldest remove the entry that hasn t been accessed for the longest time,0,0,0,0,0,1,0,1,0
3988,WAExpiringCache,#removeabsoluteoldest remove the entry that has been created the longest time ago,0,0,0,0,0,1,0,1,0
3989,WAExpiringCache,#signalerror signal wamaximumnumberofsessionsexceedederror,0,0,0,0,0,1,0,1,0
4011,WAFormCharEncodingFromHandlerTest,i test that the encoding from the handler is taken if a handler is present but a codec is missing.,0,0,0,0,0,0,1,1,0
4013,WAFormDecoration,a waformdecoration places its component inside an html form tag.,0,1,0,0,0,0,1,2,0
4014,WAFormDecoration,the buttons inst var must be set.,0,0,0,0,0,1,0,1,0
4017,WAFormDecoration,"for each string symbol in the buttons inst var the decorated component must implement a method of the same name, which is called when the button is selected.",0,0,0,0,0,1,0,1,0
4019,WAFormDecoration,buttons collection of strings or symbols,0,0,0,0,0,1,0,1,0
4020,WAFormDecoration,buttons,0,0,0,0,0,1,0,1,0
4021,WAFormDecoration,"list of strings or symbols, each string symbol is the label first letter capitalized for a button and the name of the callback method on component when button is pressed,",0,0,0,0,0,1,0,1,0
4026,WAFormTag,the form element acts as a container for input elements and buttons.,0,1,0,0,0,0,1,2,0
4027,WAFormTag,evaluation order,0,0,0,0,1,0,0,1,0
4028,WAFormTag,the input fields callbacks will be evaluated in the order they,0,0,0,0,1,0,0,1,0
4029,WAFormTag,appear in the xhtml.,0,0,0,0,1,0,0,1,0
4030,WAFormTag,"buttons will always be evaluated last, no matter",0,0,0,0,1,0,0,1,0
4031,WAFormTag,where they are positioned.,0,0,0,0,1,0,0,1,0
4039,WAHtmlHaltAndErrorHandler,"this exception handler also catches halts, in order to prevent debugger windows from popping up and blocking server processes in deployed images.",0,1,0,0,0,0,1,2,0
4043,WAIframeTag,the iframe element allows authors to insert a frame within a block of text.,0,0,0,0,0,0,1,1,0
4044,WAIframeTag,"inserting an inline frame within a section of text is much like inserting an object via the object element they both allow you to insert an html document in the middle of another, they may both be aligned with surrounding text, etc",0,0,1,0,0,0,0,1,0
4045,WAIframeTag,the information to be inserted inline is designated by the src attribute of this element.,0,0,0,0,1,0,0,1,0
4046,WAIframeTag,"the contents of the iframe element, on the other hand, should only be displayed by user agents that do not support frames or are configured not to display frames.",0,0,0,0,1,0,0,1,0
4052,WAImageButtonTag,creates a graphical submit button.,0,0,0,0,0,0,1,1,0
4053,WAImageButtonTag,the value of the src attribute specifies the uri of the image that will decorate the button.,0,0,0,0,0,0,1,1,0
4054,WAImageButtonTag,"for accessibility reasons, authors should provide alternate text for the image via the alt attribute.",0,0,0,0,1,0,0,1,0
4055,WAImageButtonTag,"when a pointing device is used to click on the image, the form is submitted and the click coordinates passed to the server.",0,0,0,0,1,0,0,1,0
4056,WAImageButtonTag,"the x value is measured in pixels from the left of the image, and the y value in pixels from the top of the image.",0,0,0,0,1,0,0,1,0
4057,WAImageButtonTag,"the submitted data includes name^x x value and name^y y value where name is the value of the name attribute, and x value and y value are the x and y coordinate values, respectively.",0,0,0,0,1,0,0,1,0
4064,WAImageStatus,a waimagestatus displays information about the current smalltalk image.,0,0,0,0,0,0,1,1,0
4066,WAInspector,this is an abstract implementation of a web based object inspector.,0,0,0,1,0,0,0,1,0
4067,WAInspector,"platforms should implement their own subclasses, specifying behaviour for all unimplemented methods.",0,0,0,0,0,0,1,1,0
4073,WAInvisibleSessionTrackingStrategy,i am the abstract base class for classes that that use some request attribute that is present on every request for tracking sessions.,0,0,0,1,0,0,1,2,0
4074,WAInvisibleSessionTrackingStrategy,for document handlers query fields are used.,0,1,0,0,0,0,0,1,0
4078,WALabelledFormDialog,walabelledformdialog is an abstract class for generating html forms.,0,0,0,1,0,0,0,1,0
4079,WALabelledFormDialog,given a data model walabelledformdialog displays a label and input field for each instance variable of interest.,0,0,1,0,0,1,1,3,0
4080,WALabelledFormDialog,user supplied data is placed in the data model.,0,0,1,0,0,1,1,3,0
4081,WALabelledFormDialog,"subclasses need to implment the methods labelforselector , model, and rows.",0,0,0,0,0,1,0,1,0
4082,WALabelledFormDialog,the model method just returns the object whose fields we wish to populate with date.,0,0,1,0,0,1,0,2,0
4083,WALabelledFormDialog,the rows method returns a collections of symbols.,0,0,1,0,0,1,0,2,0
4085,WALabelledFormDialog,the symbol is used generate the accessor methods for the data in the model.,0,0,1,0,0,1,0,2,0
4087,WALabelledFormDialog,a standard text input field is used for each row of data.,0,0,0,0,0,0,1,1,0
4088,WALabelledFormDialog,to use other html widgets for input for a datum implement the method renderxxxon where xxx is the symbol for the row.,0,0,0,0,0,0,1,1,0
4089,WALabelledFormDialog,see rendernameon in example below.,0,0,0,0,0,0,1,1,0
4090,WALabelledFormDialog,the default form has one button ok .,0,0,1,0,1,1,0,3,0
4091,WALabelledFormDialog,override the buttons method to change the text or number of submit buttons on the form.,0,0,1,0,1,1,0,3,0
4092,WALabelledFormDialog,override the defaultbutton method to indicate which button is the default.,0,0,0,0,1,0,0,1,0
4093,WALabelledFormDialog,"for each button in the form the subclass needs a method with the same name as the button, which is called when the user clicks that button.",0,0,0,0,1,0,0,1,0
4094,WALabelledFormDialog,see example below.,0,0,0,0,1,0,0,1,0
4095,WALabelledFormDialog,labelledformdialogexample subclass of walabelledformdialog instance methods,0,0,1,0,0,0,0,1,0
4096,WALabelledFormDialog,initialize,0,0,1,0,0,0,0,1,0
4098,WALabelledFormDialog,contact contact new.,0,0,1,0,0,0,0,1,1
4099,WALabelledFormDialog,contact is an inst var,0,0,1,0,0,0,0,1,0
4100,WALabelledFormDialog,self addmessage please enter the followning information .,0,0,1,0,0,0,0,1,1
4101,WALabelledFormDialog,model,0,0,1,0,0,1,0,2,0
4102,WALabelledFormDialog,^ contact,0,0,1,0,0,1,0,2,1
4103,WALabelledFormDialog,ok,0,0,1,0,0,1,0,2,1
4104,WALabelledFormDialog,self answer contact,0,0,1,0,0,1,0,2,1
4105,WALabelledFormDialog,cancel,0,0,1,0,0,1,0,2,0
4106,WALabelledFormDialog,self answer,0,0,1,0,0,1,0,2,1
4107,WALabelledFormDialog,rows,0,0,1,0,0,1,0,2,1
4108,WALabelledFormDialog,^ # name phonenumber,0,0,1,0,0,1,0,2,1
4109,WALabelledFormDialog,buttons,0,0,1,0,0,1,0,2,1
4111,WALabelledFormDialog,labelforselector asymbol,0,0,1,0,0,1,0,2,0
4112,WALabelledFormDialog,asymbol #name iftrue ^ your name .,0,0,1,0,0,1,0,2,0
4113,WALabelledFormDialog,asymbol #phonenumber iftrue ^ phone number .,0,0,1,0,0,1,0,2,0
4117,WALabelledFormDialog,rendernameon html,0,0,1,0,0,0,0,1,1
4118,WALabelledFormDialog,show how to specily special input instead of using simple text field.,0,0,1,0,0,0,0,1,1
4119,WALabelledFormDialog,html select,0,0,1,0,0,0,0,1,1
4120,WALabelledFormDialog,list # roger pete,0,0,1,0,0,0,0,1,1
4121,WALabelledFormDialog,selected roger,0,0,1,0,0,0,0,1,1
4122,WALabelledFormDialog,callback v contact name v,0,0,1,0,0,0,0,1,1
4123,WALabelledFormDialog,"contact class used above has instance variables name, phonenumber with standard getter and setter methods",0,0,0,0,0,1,0,1,1
4180,WAListAttribute,walistattribute is an attribute that is restricted to a list of values.,0,0,0,1,0,0,0,1,1
4184,WAMemoryInput,a wamemoryinput is a dialog that allows the user to enter an amount of memory.,0,0,0,1,0,0,1,2,0
4185,WAMemoryInput,this is a seaside internal class.,0,0,0,1,0,0,0,1,1
4191,WAMemoryToolPlugin,i display the memory usage tool.,0,0,0,0,0,0,1,1,0
4193,WAObjectTag,defines an embedded object.,0,0,0,1,0,0,0,1,0
4198,WAOptionGroupTag,the optgroup element allows authors to group choices logically.,0,0,0,0,0,0,1,1,0
4199,WAOptionGroupTag,this is particularly helpful when the user must choose from a long list of options groups of related choices are easier to grasp and remember than a single long list of options.,0,0,0,0,0,0,1,1,1
4201,WAOptionGroupTag,see wainputtest #renderoptiongroupon for examples.,1,0,1,0,0,0,0,2,0
4206,WAPainterVisitor,an implementation of the visitor pattern for painter subclasses.,0,1,0,1,0,0,1,3,0
4210,WAPath,wapath represents a path navigation breadcrumbs for a web page and displays standard breadcrumbs xxx yyy zzz .,0,0,0,1,0,0,1,2,0
4211,WAPath,"wapath maintains a stack of associations, one for each location or page in the path.",0,1,0,0,0,0,1,2,0
4212,WAPath,the association key is the text that is displayed in the breadcrimb.,0,1,0,0,0,0,0,1,0
4213,WAPath,"the association value is an object of your choosing, which your code uses to restore that page .",0,1,0,0,0,0,0,1,0
4214,WAPath,to add to the path use the method wapath pushsegment anobject name lulu .,0,0,0,0,0,1,0,1,0
4215,WAPath,"the name arguement is the association key, the segment argument is the association value.",0,0,0,0,0,1,0,1,0
4216,WAPath,the method wapath currentsegment returns object associated with the current page .,0,0,0,0,0,1,0,1,0
4217,WAPath,your code is not notified when the user clicks on a link in the wapath object.,0,0,0,0,0,1,0,1,0
4218,WAPath,"so when you render a page call wapath currentsegment to get the current object, and generate the page accordingly.",0,0,0,0,0,1,0,1,0
4219,WAPath,see wainspector for example use.,1,0,0,0,0,0,0,1,0
4220,WAPath,use watrail to handle breadcrumbs for sequences of call and answers .,1,0,0,0,0,0,0,1,0
4237,WAPharoEncoder,i am the common superclass for pharo encoders.,0,0,0,1,0,0,1,2,0
4240,WAPharoUrlEncoder,i am a pharo specific url encoder.,0,0,0,1,0,0,0,1,0
4242,WAPharoXmlEncoder,i am a pharo specific xml encoder.,0,0,0,1,0,0,0,1,0
4244,WAPlugin,i am an abstract root class for all plugins.,0,0,0,1,0,0,0,1,0
4245,WAPlugin,plugins are an easy way to add or remove additional tools without changing the codebase.,0,0,0,0,0,0,1,1,0
4246,WAPlugin,to add a new plugin make sure you choose the right superclass so that the tool can detect your code.,0,0,0,0,0,0,1,1,0
4247,WAPlugin,"the appearance of all plugins, such as icons, has to be configured using css.",0,0,0,0,0,0,1,1,0
4252,WAProtectionFilter,the protection filter ensures that the wrapped request handler only accepts requests from the same ip.,0,0,0,0,0,0,1,1,0
4253,WAProtectionFilter,"do add this filter to a wasession for example to avoid session hijacking, do not add it to static request handlers such as waapplication or wadispatcher as this might restrict access to the handler if your ip changes.",0,0,0,0,0,0,1,1,0
4257,WARedirectingRegistry,i revert to the old 33.0 behavior which is easier for tests.,0,0,0,0,0,0,1,1,0
4259,WARequestContext,warequestcontext encapsulates all the knowledge that should be available while processing a single request.,0,0,0,0,0,0,1,1,0
4260,WARequestContext,"it does not matter if this is a request to a static file, an ajax request, a long comet request or a normal seaside requestion.",0,0,0,0,0,0,1,1,0
4261,WARequestContext,the request context is valid only during the request that caused it.,0,0,0,0,1,0,0,1,0
4271,WASelection,waselection creates a selectable list.,0,0,1,0,0,0,1,2,0
4272,WASelection,items can be any object.,0,0,0,0,1,0,0,1,0
4273,WASelection,"if optional labelblock is not given the string versions of the items are displayed to user, otherwise labelblock is used to generate the text to display for each item.",0,0,0,0,1,0,0,1,0
4274,WASelection,"returns the item selected by user, not the index nor the text shown the user .",0,0,0,0,1,0,0,1,0
4275,WASelection,selection,0,0,1,0,0,0,0,1,0
4278,WASelection,selection,0,0,1,0,0,0,0,1,0
4279,WASelection,labelblock item item 1 iftrue first iffalse item asuppercase .,0,0,1,0,0,0,0,1,0
4281,WASelection,self inform result printstring,0,0,1,0,0,0,0,1,0
4296,WAServerAdaptor,a waserver is the abstract base class for all servers.,0,0,0,1,0,0,0,1,0
4298,WAServerAdaptor,#codec,0,0,0,0,0,1,0,1,0
4299,WAServerAdaptor,#usessmalltalkencoding,0,0,0,0,0,1,0,1,0
4301,WAServerAdaptor,codec wacodec,0,0,0,0,0,1,0,1,0
4302,WAServerAdaptor,codec,0,0,0,0,0,1,0,1,0
4309,WATagBrush,this is the superclass for all xml element classes.,0,0,0,1,0,0,0,1,0
4310,WATagBrush,its main additions are,0,0,0,0,1,0,0,1,0
4311,WATagBrush,element name #tag,0,0,0,0,1,0,0,1,0
4312,WATagBrush,attributes instance of wahtmlattributes,0,0,0,0,1,0,0,1,0
4313,WATagBrush,"common events onxxx , this is a hack and would better be solved with traits",0,0,0,0,1,0,0,1,0
4319,WAUpTimeTracker,wauptimetracker is used to track the timestamp when the image last booted.,0,0,0,0,0,0,1,1,0
4320,WAUpTimeTracker,access the timestamp when the image booted as follows,0,1,0,0,0,1,1,3,0
4321,WAUpTimeTracker,wauptimetracker imageboottime.,0,1,0,0,0,1,1,3,0
4322,WAUpTimeTracker,access the duration how long ago the image booted as follows,0,1,0,0,0,1,1,3,0
4323,WAUpTimeTracker,wauptimetracker imageuptime.,0,1,0,0,0,1,1,3,0
4324,WAUpTimeTracker,at system startup the imageboottime is re set automatically.,0,1,0,0,0,1,1,3,0
4342,WAUrlAttribute,waurlattribute represents a url attribute.,0,0,0,1,0,0,0,1,0
4343,WAUrlAttribute,it converts between text entered on the configuration page and waurl instances.,0,0,0,0,0,0,1,1,0
