comment_sentence_id,class,comment_sentence,DevelopmentNotes,Expand,Parameters,Summary,Usage,label_count
1,AccessMixin,abstract cbv mixin that gives access mixins the same customizable,0,0,0,1,0,1
2,AccessMixin,functionality.,0,0,0,1,0,1
5,AmbiguityError,more than one migration matches a name prefix.,0,0,0,1,0,1
7,AppConfigStub,stub of an appconfig.,0,0,0,1,0,1
8,AppConfigStub,only provides a label and a dict of models.,0,0,1,0,0,1
520,MigrationGraph,"a node should be a tuple app path, migration name .",0,0,1,0,0,1
11,Archive,the external api class that encapsulates an archive implementation.,1,0,0,1,0,2
14,ArchiveIndexView,top level archive of date based items.,0,0,0,1,0,1
16,Atomic,guarantee the atomic execution of a given block.,0,0,0,1,0,1
538,MigrationLoader,load migration files from disk and their status from the database.,0,0,0,1,0,1
543,MigrationLoader,"on initialization, this class will scan those directories, and open and",0,1,0,0,0,1
544,MigrationLoader,"read the python files, looking for a class called migration, which should",0,1,0,0,0,1
545,MigrationLoader,inherit from django^db.migrations^migration.,0,1,0,0,0,1
546,MigrationLoader,see,0,1,0,0,0,1
547,MigrationLoader,django^db.migrations^migration for what that looks like.,0,1,0,0,0,1
548,MigrationLoader,some migrations will be marked as replacing another set of migrations.,0,1,0,0,0,1
549,MigrationLoader,these are loaded into a separate set of migrations away from the main ones.,0,1,0,0,0,1
550,MigrationLoader,if all the migrations they replace are either unapplied or missing from,0,1,0,0,0,1
551,MigrationLoader,"disk, then they are injected into the main set, replacing the named migrations.",0,1,0,0,0,1
552,MigrationLoader,any dependency pointers to the replaced migrations are re pointed to the,0,1,0,0,0,1
553,MigrationLoader,new migration.,0,1,0,0,0,1
50,AtomicTests,tests for the atomic decorator and context manager.,0,0,0,1,0,1
51,AtomicTests,the tests make assertions on internal attributes because there isn t a,0,1,0,0,0,1
52,AtomicTests,robust way to ask the database for its current transaction state.,0,1,0,0,0,1
53,AtomicTests,since the decorator syntax is converted into a context manager see the,0,1,0,0,0,1
54,AtomicTests,"implementation , there are only a few basic tests with the decorator",0,1,0,0,0,1
55,AtomicTests,syntax and the bulk of the tests use the context manager syntax.,0,1,0,0,0,1
62,AutoFieldMeta,metaclass to maintain backward inheritance compatibility for autofield.,0,0,0,1,0,1
574,MigrationQuestioner,give the autodetector responses to questions it might have.,0,0,0,1,0,1
63,AutoFieldMeta,it is intended that autofieldmixin become public api when it is possible to,0,1,0,0,0,1
64,AutoFieldMeta,create a non integer automatically generated field using column defaults,0,1,0,0,0,1
65,AutoFieldMeta,stored in the database.,0,1,0,0,0,1
70,AutoFieldMeta,"when these issues have been addressed, this metaclass could be used to",1,0,0,0,0,1
582,MigrationWriter,take a migration instance and is able to produce the contents,0,0,0,1,0,1
71,AutoFieldMeta,deprecate inheritance from autofield and use of isinstance with autofield,1,0,0,0,0,1
583,MigrationWriter,of the migration file from it.,0,0,0,1,0,1
72,AutoFieldMeta,for detecting automatically generated fields.,1,0,0,0,0,1
586,ModelBase,metaclass for all models.,0,0,0,1,0,1
588,ModelSignal,signal subclass that allows the sender to be lazily specified as a string,0,0,0,1,0,1
589,ModelSignal,of the app label^modelname form.,0,0,0,1,0,1
592,MultiPartParser,a rfc2388 multipart form data parser.,0,0,0,1,0,1
593,MultiPartParser,multivaluedict^parse reads the input stream in chunk size chunks,1,0,0,0,0,1
594,MultiPartParser,"and returns a tuple of multivaluedict post , multivaluedict files .",1,0,0,0,0,1
84,BadSignature,signature does not match.,0,0,0,1,0,1
86,BarAccount,a service specific account of type bar.,0,0,0,1,0,1
598,MultiValueDict,a subclass of dictionary customized to handle multiple values for the,0,0,0,1,0,1
599,MultiValueDict,same key.,0,0,0,1,0,1
88,BaseCommand,the base class from which all management commands ultimately,0,0,0,1,0,1
89,BaseCommand,derive.,0,0,0,1,0,1
90,BaseCommand,use this class if you want access to all of the mechanisms which,1,0,0,0,0,1
91,BaseCommand,parse the command line arguments and work out what code to call in,1,0,0,0,0,1
92,BaseCommand,"response if you don t need to change any of that behavior,",1,0,0,0,0,1
93,BaseCommand,consider using one of the subclasses defined in this file.,1,0,0,0,0,1
611,MultiValueDict,"this class exists to solve the irritating problem raised by cgi^parse qs,",1,1,0,0,0,2
612,MultiValueDict,"which returns a list for every key, even though most web forms submit",1,1,0,0,0,2
613,MultiValueDict,single name value pairs.,1,1,0,0,0,2
116,BaseCommand,"thus, the handle method is typically the starting point for",1,0,0,0,0,1
117,BaseCommand,subclasses many built in commands and command types either place,1,0,0,0,0,1
118,BaseCommand,"all of their logic in handle , or perform some additional",1,0,0,0,0,1
119,BaseCommand,parsing work in handle and then delegate from it to more,1,0,0,0,0,1
120,BaseCommand,specialized methods as needed.,1,0,0,0,0,1
121,BaseCommand,several attributes affect behavior at various steps along the way,0,0,1,0,0,1
633,MultiValueField,aggregate the logic of multiple fields.,0,0,0,1,0,1
122,BaseCommand,help,0,0,1,0,0,1
634,MultiValueField,"its clean method takes a decompressed list of values, which are then",0,1,0,0,0,1
123,BaseCommand,"a short description of the command, which will be printed in",0,0,1,0,0,1
635,MultiValueField,cleaned into a single value according to self^fields.,0,1,0,0,0,1
636,MultiValueField,each value in,0,1,0,0,0,1
125,BaseCommand,output transaction,0,0,1,0,0,1
637,MultiValueField,this list is cleaned by the corresponding field the first value is,0,1,0,0,0,1
126,BaseCommand,a boolean indicating whether the command outputs sql,0,0,1,0,0,1
638,MultiValueField,"cleaned by the first field, the second value is cleaned by the second",0,1,0,0,0,1
127,BaseCommand,"statements if true , the output will automatically be",0,0,1,0,0,1
639,MultiValueField,"field, etc once all fields are cleaned, the list of clean values is",0,1,0,0,0,1
128,BaseCommand,wrapped with begin and commit .,0,0,1,0,0,1
640,MultiValueField,compressed into a single value.,0,1,0,0,0,1
129,BaseCommand,default value is,0,0,1,0,0,1
130,BaseCommand,false .,0,0,1,0,0,1
131,BaseCommand,requires migrations checks,0,0,1,0,0,1
132,BaseCommand,"a boolean if true , the command prints a warning if the set of",0,0,1,0,0,1
133,BaseCommand,migrations on disk don t match the migrations in the database.,0,0,1,0,0,1
134,BaseCommand,requires system checks,0,0,1,0,0,1
135,BaseCommand,"a boolean if true , entire django project will be checked for errors",0,0,1,0,0,1
136,BaseCommand,prior to executing the command.,0,0,1,0,0,1
138,BaseCommand,to validate an individual application s models,0,0,1,0,0,1
139,BaseCommand,"rather than all applications models, call",0,0,1,0,0,1
140,BaseCommand,"self^check app configs from handle , where app configs",0,0,1,0,0,1
141,BaseCommand,is the list of application s configuration provided by the,0,0,1,0,0,1
142,BaseCommand,app registry.,0,0,1,0,0,1
654,MultiWidget,a widget that is composed of multiple widgets.,0,0,0,1,0,1
655,MultiWidget,"in addition to the values added by widget^get context , this widget",0,1,0,0,0,1
656,MultiWidget,adds a list of subwidgets to the context as widget subwidgets .,0,1,0,0,0,1
657,MultiWidget,these can be looped over and rendered like normal widgets.,0,1,0,0,0,1
663,MyModel,model subclass with a custom base using metaclass.,0,0,0,1,0,1
665,NestedObjectsTests,tests for nestedobject utility collection.,0,0,0,1,0,1
667,Operation,base class for migration operations.,0,0,0,1,0,1
668,Operation,it s responsible for both mutating the in memory model state,0,1,0,0,0,1
669,Operation,"see db migrations state^py to represent what it performs, as well",0,1,0,0,0,1
670,Operation,as actually performing it against a live database.,0,1,0,0,0,1
680,OverwritingStorage,overwrite existing files instead of appending a suffix to generate an,0,0,0,1,0,1
681,OverwritingStorage,unused name.,0,0,0,1,0,1
685,ParentWithDependentChildren,model where the validation of child foreign key relationships depends,0,0,0,1,0,1
686,ParentWithDependentChildren,on validation of the parent,0,0,0,1,0,1
689,Permission,the permissions system provides a way to assign permissions to specific,0,0,0,1,0,1
690,Permission,users and groups of users.,0,0,0,1,0,1
706,Permission,the permissions listed above are automatically created for each model.,0,1,0,0,0,1
201,BaseDatabaseSchemaEditor,this class and its subclasses are responsible for emitting schema changing,1,0,0,1,0,2
202,BaseDatabaseSchemaEditor,"statements to the databases model creation removal alteration, field",1,0,0,1,0,2
203,BaseDatabaseSchemaEditor,"renaming, index fiddling, and so on.",1,0,0,1,0,2
210,BaseExpression,base class for all query expressions.,0,0,0,1,0,1
723,ProxyModelInheritanceTests,proxy model inheritance across apps can result in migrate not creating the table,0,0,0,1,0,1
212,BaseUpdateView,base view for updating an existing object.,0,0,0,1,0,1
724,ProxyModelInheritanceTests,for the proxied model as described in #12286 .,0,0,0,1,0,1
213,BaseUpdateView,using this base class requires subclassing to provide a response mixin.,1,0,0,0,0,1
725,ProxyModelInheritanceTests,this test creates two dummy,0,1,0,0,0,1
726,ProxyModelInheritanceTests,"apps and calls migrate, then verifies that the table has been created.",0,1,0,0,0,1
216,BaseYearArchiveView,list of objects published in a given year.,0,0,0,1,0,1
218,BCryptSHA256PasswordHasher,secure password hashing using the bcrypt algorithm recommended,0,0,0,1,0,1
731,RawPostDataException,you cannot access raw post data from a request that has,0,0,0,1,0,1
732,RawPostDataException,"multipart post data if it has been accessed via post,",0,1,0,1,0,2
733,RawPostDataException,"files, etc.",0,1,0,1,0,2
734,RawPostDataException,.,0,1,0,1,0,2
227,BoundWidget,a container class used for iterating over widgets.,0,0,0,1,0,1
228,BoundWidget,this is useful for,1,0,0,0,0,1
229,BoundWidget,widgets that have choices.,1,0,0,0,0,1
742,RemoteTestRunner,run tests and record everything but don t display anything.,0,0,0,1,0,1
745,RequestFactoryEnvironmentTests,regression tests for #8551 and #17067 ensure that environment variables,0,1,0,1,0,2
746,RequestFactoryEnvironmentTests,are set correctly in requestfactory.,0,1,0,1,0,2
751,ReverseGenericManyToOneDescriptor,accessor to the related objects manager on the one to many relation created,0,0,0,1,0,1
752,ReverseGenericManyToOneDescriptor,by genericrelation.,0,0,0,1,0,1
249,CacheHandler,a cache handler to manage access to cache instances.,0,0,0,1,0,1
250,CacheHandler,ensure only one instance of each alias exists per thread.,0,1,0,0,0,1
763,SameAsLookup,the operator is the same as operator.,0,1,0,1,0,2
764,SameAsLookup,it tests actual geometric,0,1,0,1,0,2
253,Choices,class for creating enumerated choices.,0,0,1,1,0,2
765,SameAsLookup,equality of two features.,0,1,0,1,0,2
766,SameAsLookup,"so if a and b are the same feature,",0,1,0,1,0,2
767,SameAsLookup,"vertex by vertex, the operator returns true.",0,1,0,1,0,2
256,ChunkIter,an iterable that will yield chunks of data.,0,0,0,1,0,1
257,ChunkIter,given a file like object as the,0,1,0,0,0,1
258,ChunkIter,"constructor, yield chunks of read operations from that object.",0,1,0,0,0,1
262,Client,a class that can act as a client for testing purposes.,0,0,0,1,0,1
263,Client,"it allows the user to compose get and post requests, and",0,1,0,0,0,1
264,Client,obtain the response that the server gave to those requests.,0,1,0,0,0,1
265,Client,the server response objects are annotated with the details,0,1,0,0,0,1
266,Client,of the contexts and templates that were rendered during the,0,1,0,0,0,1
778,Serializer,convert a queryset to json.,0,0,0,1,0,1
267,Client,process of serving the request.,0,1,0,0,0,1
268,Client,client objects are stateful they will retain cookie and,0,1,0,0,0,1
780,SessionStorage,"store messages in the session that is, django^contrib.sessions .",0,0,0,1,0,1
269,Client,thus session details for the lifetime of the client instance.,0,1,0,0,0,1
270,Client,this is not intended as a replacement for twill selenium or,1,0,0,0,0,1
782,SessionStore,"a database session store, that handles updating the account id column",0,1,0,1,0,2
271,Client,the like it is here to allow testing against the,1,0,0,0,0,1
783,SessionStore,inside the custom session model.,0,1,0,0,0,1
272,Client,"contexts and templates produced by a view, rather than the",1,0,0,0,0,1
273,Client,html rendered to the end user.,1,0,0,0,0,1
787,SimpleView,a simple view with a docstring.,0,0,0,1,0,1
789,SpatialRefSysMixin,the spatialrefsysmixin is a class used by the database dependent,1,0,0,1,0,2
790,SpatialRefSysMixin,spatialrefsys objects to reduce redundant code.,1,0,0,1,0,2
795,SplitHiddenDateTimeWidget,a widget that splits datetime input into two input type hidden inputs.,0,0,0,1,0,1
797,StaticFilesHandler,"wsgi middleware that intercepts calls to the static files directory, as",0,0,1,1,0,2
286,Combinable,provide the ability to combine one or two objects with,0,0,0,1,0,1
798,StaticFilesHandler,"defined by the static url setting, and serves those files.",0,0,1,1,0,2
287,Combinable,some connector.,0,0,0,1,0,1
292,ConsoleDirective,a restructuredtext directive which renders a two tab code block in which,0,0,0,1,0,1
293,ConsoleDirective,the second tab shows a windows command line equivalent of the usual,0,0,0,1,0,1
294,ConsoleDirective,unix oriented examples.,0,0,0,1,0,1
808,SuccessMessageMixin,add a success message on successful form submission.,0,0,0,1,0,1
298,Context,a stack container for variable context,0,0,0,1,0,1
810,TemplateDoesNotExist,the exception used when a template does not exist.,0,0,0,1,0,1
811,TemplateDoesNotExist,optional arguments,0,0,1,0,0,1
300,CryptPasswordHasher,password hashing using unix crypt not recommended,0,0,0,1,0,1
812,TemplateDoesNotExist,backend,0,0,1,0,0,1
301,CryptPasswordHasher,the crypt module is not supported on all platforms.,1,0,0,0,0,1
814,TemplateDoesNotExist,tried,0,0,1,0,0,1
304,CustomArticleAdmin,tests various hooks for using custom templates and contexts.,0,0,0,1,0,1
816,TemplateDoesNotExist,this,0,0,1,0,0,1
817,TemplateDoesNotExist,"is formatted as a list of tuples containing origin, status , where",0,0,1,0,0,1
306,CustomCacheKeyValidationTests,tests for the ability to mixin a custom validate key method to,0,0,0,1,0,1
818,TemplateDoesNotExist,origin is an origin object or duck type and status is a string with the,0,0,1,0,0,1
307,CustomCacheKeyValidationTests,a custom cache backend that otherwise inherits from a builtin,0,1,0,1,0,2
819,TemplateDoesNotExist,reason the template wasn t found.,0,0,1,0,0,1
308,CustomCacheKeyValidationTests,"backend, and override the default key validation.",0,1,0,0,0,1
820,TemplateDoesNotExist,chain,0,0,1,0,0,1
821,TemplateDoesNotExist,a list of intermediate templatedoesnotexist exceptions.,0,0,1,0,0,1
822,TemplateDoesNotExist,this is used to,0,0,1,0,0,1
823,TemplateDoesNotExist,encapsulate multiple exceptions when loading templates from multiple,0,0,1,0,0,1
824,TemplateDoesNotExist,engines.,0,0,1,0,0,1
314,CustomHeaderRemoteUserTest,tests a custom remoteusermiddleware subclass with custom http auth user,0,0,1,1,0,2
318,DatabaseReceiver,used in the tests for the database argument in signals #13552,0,0,0,1,0,1
321,DblFromGeom,in by reference as the last argument.,0,0,1,0,0,1
325,DisallowedModelAdminToField,invalid to field was passed to admin view via url query string,0,0,0,1,0,1
327,DjangoHTMLTranslator,django specific rest to html tweaks.,0,0,0,1,0,1
840,TestImageFieldFile,custom field file class that records whether or not the underlying file,0,0,0,1,0,1
329,Dumpdata,tests for dumpdata management command.,0,0,0,1,0,1
841,TestImageFieldFile,was opened.,0,0,0,1,0,1
331,EarliestOrLatestTests,tests for the earliest and latest objects methods,0,0,0,1,0,1
844,TestRouter,routes to the other database if the model name starts with other .,0,1,0,0,0,1
846,TestUtils,this doc output is required for testing.,1,0,0,0,0,1
337,ErrorDict,a collection of errors that knows how to display itself in various formats.,0,0,0,1,0,1
341,ExceptionThatFailsUnpickling,"after pickling, this class fails unpickling with an error about incorrect",0,0,0,1,0,1
342,ExceptionThatFailsUnpickling,arguments passed to init .,0,0,0,1,0,1
345,FakePayload,a wrapper around bytesio that restricts what can be read since data from,0,0,0,1,0,1
346,FakePayload,the network can t be sought and cannot be read outside of its content,0,0,0,1,0,1
347,FakePayload,length.,0,0,0,1,0,1
859,UniqueAnchor,this is a model that can be used as,0,0,0,1,0,1
348,FakePayload,this makes sure that views can t do anything under the test client,0,1,0,0,0,1
860,UniqueAnchor,something for other models to point at,0,0,0,1,0,1
349,FakePayload,that wouldn t work in real life.,0,1,0,0,0,1
863,UpdateError,occurs if django tries to update a session that was deleted.,0,0,0,1,0,1
865,UserCreationForm,"a form that creates a user, with no privileges, from the given username and",0,0,1,1,0,2
866,UserCreationForm,password.,0,0,1,1,0,2
355,FallbackStorage,try to store all messages in the first backend.,0,1,0,0,0,1
356,FallbackStorage,store any unstored,0,1,0,0,0,1
357,FallbackStorage,messages in each subsequent backend.,0,1,0,0,0,1
871,VariableWrapper,an adapter class for cursor variables that prevents the wrapped object,0,0,0,1,0,1
872,VariableWrapper,from being converted into a string when used to instantiate an oracleparam.,0,0,0,1,0,1
361,FootNote,model added for ticket 19838,1,0,0,0,0,1
363,FrenchTestCase,tests using the french translations of the sampleproject.,0,0,0,1,0,1
367,Group,table column fields,0,0,0,1,0,1
879,WindowFrame,model the frame clause in window expressions.,0,0,0,1,0,1
880,WindowFrame,there are two types of frame,0,1,0,0,0,1
881,WindowFrame,"clauses which are subclasses, however, all processing and validation by no",0,1,0,0,0,1
882,WindowFrame,means intended to be complete is done here.,0,1,0,0,0,1
371,GZipMiddleware,on the accept encoding header.,0,0,0,1,0,1
374,HiddenRangeWidget,a widget that splits input into two input type hidden inputs.,0,0,0,1,0,1
376,ImageFileDescriptor,"just like the filedescriptor, but for imagefields.",0,0,0,1,0,1
377,ImageFileDescriptor,the only difference is,0,1,0,0,0,1
378,ImageFileDescriptor,"assigning the width height to the width field height field, if appropriate.",0,1,0,0,0,1
890,XFrameOptionsDecoratorsTests,tests for the x frame options decorators.,0,0,0,1,0,1
893,XFrameOptionsMiddleware,do not set the header if it s already set or if the response contains,1,0,0,0,0,1
382,IncompleteCategoryFormWithExclude,a form that replaces the model s url field with a custom one.,0,0,0,1,0,1
894,XFrameOptionsMiddleware,a xframe options exempt value set to true.,1,0,0,0,0,1
386,Individual,a model with a fk to itself.,0,0,0,1,0,1
397,InputStreamExhausted,no more reads are allowed from this device.,0,1,0,1,0,2
400,IntFromGeom,"argument is a geometry, return type is an integer.",1,0,1,0,0,2
403,InvalidBasesError,a model s base classes can t be resolved.,0,0,0,1,0,1
405,KMLSitemap,a minimal hook to produce kml sitemaps.,0,0,0,1,0,1
407,ListMixin,a base class which provides complete list interface.,0,0,0,1,0,1
408,ListMixin,derived classes must call listmixin s init function,0,1,0,0,0,1
409,ListMixin,and implement the following,0,1,0,0,0,1
410,ListMixin,"function get single external self, i",0,1,0,0,0,1
411,ListMixin,return single item with index i for general use.,0,1,0,0,0,1
412,ListMixin,the index i will always satisfy 0 i len self .,0,1,0,0,0,1
413,ListMixin,"function get single internal self, i",0,1,0,0,0,1
414,ListMixin,"same as above, but for use within the class optional",0,1,0,0,0,1
415,ListMixin,note that if get single internal and get single internal return,0,1,0,0,0,1
416,ListMixin,"different types of objects, set list must distinguish",0,1,0,0,0,1
417,ListMixin,between the two and handle each appropriately.,0,1,0,0,0,1
418,ListMixin,"function set list self, length, items",0,1,0,0,0,1
419,ListMixin,recreate the entire object.,0,1,0,0,0,1
420,ListMixin,note items may be a generator which calls get single internal.,0,1,0,0,0,1
421,ListMixin,"therefore, it is necessary to cache the values in a temporary",0,1,0,0,0,1
422,ListMixin,temp list items,0,1,0,0,0,1
423,ListMixin,before clobbering the original storage.,0,1,0,0,0,1
424,ListMixin,"function set single self, i, value",0,1,0,0,0,1
425,ListMixin,set the single item at index i to value optional,0,1,0,0,0,1
426,ListMixin,"if left undefined, all mutations will result in rebuilding",0,1,0,0,0,1
427,ListMixin,the object using set list.,0,1,0,0,0,1
428,ListMixin,function len self,0,1,0,0,0,1
429,ListMixin,return the length,0,1,0,0,0,1
430,ListMixin,int minlength,0,1,0,0,0,1
431,ListMixin,the minimum legal length optional,0,1,0,0,0,1
432,ListMixin,int maxlength,0,1,0,0,0,1
433,ListMixin,the maximum legal length optional,0,1,0,0,0,1
434,ListMixin,type or tuple allowed,0,1,0,0,0,1
435,ListMixin,a type or tuple of allowed item types optional,0,1,0,0,0,1
465,LogoutThenLoginTests,tests for the logout then login view,0,0,0,1,0,1
467,MakeListTests,"the make list filter can destroy existing escaping, so the results are",0,1,0,0,0,1
468,MakeListTests,escaped.,0,1,0,0,0,1
471,ManagementForm,keep track of how many form instances are displayed on the page.,0,0,0,1,0,1
476,MemcachedCache,an implementation of a cache binding using python memcached,0,0,0,1,0,1
478,MemoryFileUploadHandler,file upload handler to stream uploads into memory used for small files .,0,0,0,1,0,1
480,Migration,the base class for all migrations.,0,0,0,1,0,1
504,MigrationGraph,represent the digraph of all migrations in a project.,0,0,0,1,0,1
505,MigrationGraph,"each migration is a node, and each dependency is an edge.",1,0,0,0,0,1
506,MigrationGraph,there are,1,0,0,0,0,1
507,MigrationGraph,no implicit dependencies between numbered migrations the numbering is,1,0,0,0,0,1
508,MigrationGraph,merely a convention to aid file listing.,1,0,0,0,0,1
1042,capture_output,context manager for capturing stdout err,0,0,0,1,0,1
1044,CapturingDisplayPublisher,a displaypublisher that store,0,0,0,1,0,1
1046,CellMagicRole,cross reference role displayed with a %% prefix,0,0,0,1,0,1
1048,DisplayHook,the custom ipython displayhook to replace sys^displayhook.,0,0,0,1,0,1
1049,DisplayHook,"this class does many things, but the basic idea is that it is a callable",0,1,0,0,0,1
1050,DisplayHook,that gets called anytime user code returns a value.,0,1,0,0,0,1
1054,DummyMod,a dummy module used for ipython s interactive module when,0,0,0,1,0,1
1055,DummyMod,a namespace must be assigned to the module s dict .,0,0,0,1,0,1
1058,GeoJSON,geojson expects json able dict,0,0,0,1,0,1
1059,GeoJSON,not an already serialized json string.,1,0,0,0,0,1
1060,GeoJSON,"scalar types none, number, string are not allowed, only dict containers.",1,0,0,0,0,1
1064,HelpEnd,transformer for help syntax obj?,0,0,0,1,0,1
1065,HelpEnd,and obj?,0,0,0,1,0,1
1068,HistoryAccessor,access the history database without adding to it.,0,0,0,1,0,1
1078,InteractiveShellApp,as part of configuring a shell environment.,0,0,0,1,0,1
1079,InteractiveShellApp,the following methods should be called by the meth initialize method,0,1,0,0,0,1
1080,InteractiveShellApp,of the subclass,0,1,0,0,0,1
1081,InteractiveShellApp,meth init path,0,1,0,0,0,1
1082,InteractiveShellApp,meth init shell to be implemented by the subclass,0,1,0,0,0,1
1083,InteractiveShellApp,meth init gui pylab,0,1,0,0,0,1
1084,InteractiveShellApp,meth init extensions,0,1,0,0,0,1
1085,InteractiveShellApp,meth init code,0,1,0,0,0,1
1095,IPythonInputSplitter,an input splitter that recognizes all of ipython s special syntax.,0,0,0,1,0,1
1097,LazyEvaluate,this is used for formatting strings with values that need to be updated,1,0,0,0,0,1
1098,LazyEvaluate,"at that time, such as the current time or working directory.",1,0,0,0,0,1
1101,Magics,base class for implementing magic functions.,0,0,0,1,0,1
1102,Magics,shell functions which can be reached as %function name.,1,0,0,0,0,1
1106,Magics,"this can make some functions easier to type, eg%cd .",1,0,0,0,0,1
1107,Magics,.,1,0,0,0,0,1
1108,Magics,vs. %cd .,1,0,0,0,0,1
1109,Magics,.,1,0,0,0,0,1
1132,MyFrame,this is myframe.,0,0,0,1,0,1
1133,MyFrame,"it just shows a few controls on a wxpanel,",0,0,0,1,0,1
1134,MyFrame,and has a simple menu.,0,0,0,1,0,1
1138,Obj,namespace to hold arbitrary information.,0,0,0,1,0,1
1140,RichPromptDisplayHook,subclass of base display hook using coloured prompt,0,0,0,1,0,1
1142,Struct,a dict subclass with attribute style access.,0,1,0,1,0,2
1143,Struct,this dict subclass has a a few extra features,0,1,0,0,0,1
1144,Struct,attribute style access.,0,1,0,0,0,1
1145,Struct,"protection of class members like keys, items when using attribute",0,1,0,0,0,1
1146,Struct,style access.,0,1,0,0,0,1
1147,Struct,the ability to restrict assignment to only existing keys.,0,1,0,0,0,1
1148,Struct,intelligent merging.,0,1,0,0,0,1
1149,Struct,overloaded operators.,0,1,0,0,0,1
1158,TBTools,basic tools used by all traceback printer classes.,0,0,0,1,0,1
1160,TermColors,color escape sequences.,0,0,0,1,0,1
1161,TermColors,this class defines the escape sequences for all the standard ansi?,0,0,0,1,0,1
1162,TermColors,colors in terminals.,0,0,0,1,0,1
1163,TermColors,also defines a nocolor escape which is just the null,0,0,0,1,0,1
1164,TermColors,"string, suitable for defining dummy color schemes in terminals which get",0,0,0,1,0,1
1165,TermColors,confused by color escapes.,0,0,0,1,0,1
912,Audio,create an audio object.,0,0,0,1,0,1
913,Audio,when this object is returned by an input cell or passed to the,0,1,0,0,0,1
914,Audio,"display function, it will result in audio controls being displayed",0,1,0,0,0,1
915,Audio,in the frontend only works in the notebook .,0,1,0,0,0,1
916,Audio,parameters,0,0,1,0,0,1
917,Audio,"data numpy array, list, unicode, str or bytes",0,0,1,0,0,1
918,Audio,can be one of,0,0,1,0,0,1
1174,UserMagics,placeholder for user defined magics to be added at runtime.,0,0,0,1,0,1
919,Audio,numpy 1d array containing the desired waveform mono,0,0,1,0,0,1
1175,UserMagics,"all magics are eventually merged into a single namespace at runtime, but we",1,1,0,0,0,2
920,Audio,numpy 2d array containing waveforms for each channel.,0,0,1,0,0,1
1176,UserMagics,use this class to isolate the magics defined dynamically by the user into,1,1,0,0,0,2
921,Audio,"shape nchan, nsamples .",0,0,1,0,0,1
1177,UserMagics,their own class.,1,1,0,0,0,2
922,Audio,"for the standard channel order, see",0,0,1,0,0,1
923,Audio,http msdn^microsoft.com en us library windows hardware dn653308 v vs.85 ^aspx,0,0,1,0,0,1
924,Audio,list of float or integer representing the waveform mono,0,0,1,0,0,1
925,Audio,string containing the filename,0,0,1,0,0,1
926,Audio,bytestring containing raw pcm data or,0,0,1,0,0,1
927,Audio,url pointing to a file on the web.,0,0,1,0,0,1
928,Audio,"if the array option is used, the waveform will be normalized.",0,0,1,0,0,1
929,Audio,"if a filename or url is used, the format support will be browser",0,0,1,0,0,1
1185,YouTubeVideo,"class for embedding a youtube video in an ipython session, based on its video id.",0,0,0,1,0,1
930,Audio,dependent.,0,0,1,0,0,1
931,Audio,url unicode,0,0,1,0,0,1
932,Audio,a url to download the data from.,0,0,1,0,0,1
933,Audio,filename unicode,0,0,1,0,0,1
934,Audio,path to a local file to load the data from.,0,0,1,0,0,1
935,Audio,embed boolean,0,0,1,0,0,1
936,Audio,should the audio data be embedded using a data uri true or should,0,0,1,0,0,1
937,Audio,the original source be referenced.,0,0,1,0,0,1
938,Audio,set this to true if you want the,0,0,1,0,0,1
939,Audio,audio to playable later with no internet connection in the notebook.,0,0,1,0,0,1
940,Audio,"default is true , unless the keyword argument url is set, then",0,0,1,0,0,1
941,Audio,default value is false .,0,0,1,0,0,1
1197,YouTubeVideo,https developers^google.com youtube player parameters#parameters,0,0,1,0,0,1
942,Audio,rate integer,0,0,1,0,0,1
943,Audio,the sampling rate of the raw data.,0,0,1,0,0,1
944,Audio,only required when data parameter is being used as an array,0,0,1,0,0,1
945,Audio,autoplay bool,0,0,1,0,0,1
946,Audio,set to true if the audio should immediately start playing.,0,0,1,0,0,1
947,Audio,default is false .,0,0,1,0,0,1
948,Audio,normalize bool,0,0,1,0,0,1
949,Audio,whether audio should be normalized rescaled to the maximum possible,0,0,1,0,0,1
950,Audio,range.,0,0,1,0,0,1
951,Audio,default is true .,0,0,1,0,0,1
952,Audio,"when set to false , data must be between",0,0,1,0,0,1
953,Audio,"1 and 1 inclusive , otherwise an error is raised.",0,0,1,0,0,1
954,Audio,applies only when data is a list or array of samples other types of,0,0,1,0,0,1
955,Audio,audio are never normalized.,0,0,1,0,0,1
1280,ConfigDict,"if the sanity check is itself a dictionary of rules, values are expected",0,1,0,0,0,1
1281,ConfigDict,to be dictionaries or lists of items that match the rules defined.,0,1,0,0,0,1
1282,ConfigDict,this,0,1,0,0,0,1
1283,ConfigDict,should be used with an empty list or dictionary as a default value.,0,0,1,0,0,1
1284,ConfigDict,configuration data can be nested by including a dictionary of further,0,1,0,0,0,1
1285,ConfigDict,rules in place of the default value.,0,1,0,0,0,1
1286,ConfigDict,"if the default value is an empty list, it is assumed to be a list of",1,1,0,0,0,2
1287,ConfigDict,values of the type specified.,1,1,0,0,0,2
1424,ConfigureMailboxes,add one or more mailboxes.,0,0,0,1,0,1
1425,ConfigureMailboxes,"if not account is specified, the mailbox is only assigned an id for use",1,0,0,0,0,1
1426,ConfigureMailboxes,in the metadata index.,1,0,0,0,0,1
1427,ConfigureMailboxes,"if an account is specified, the mailbox will be assigned to that account",1,0,0,0,0,1
1428,ConfigureMailboxes,and configured for automatic indexing.,1,0,0,0,0,1
1434,ConnectToGuiOMatic,connect to a waiting gui o matic gui,0,0,0,1,0,1
1436,ContactSet,"set contact lines, ensuring contact exists",0,0,0,1,0,1
1438,EncryptedIntDict,encrypteddict which only deals in signed 64 bit int values.,0,0,0,1,0,1
1439,EncryptedIntDict,this also adds a working keys function.,0,1,0,0,0,1
1442,EncryptedUnicodeDict,encrypteddict which only deals in unicode values.,0,0,0,1,0,1
1444,Event,this is a single event in the event log.,0,0,0,1,0,1
1445,Event,actual interpretation and,0,1,0,0,0,1
1446,Event,rendering of events should be handled by the respective source class.,0,1,0,0,0,1
1450,Forward,create forwarding drafts of one or more messages,0,0,0,1,0,1
1452,Group_,view groups,0,0,0,1,0,1
1454,HashCash,try to collide a hash using the smtorp algorithm,0,0,0,1,0,1
1456,ListTags,list tags,0,0,0,1,0,1
1458,MailpileJinjaLoader,a jinja2 template loader which uses the mailpile configuration,0,0,0,1,0,1
1459,MailpileJinjaLoader,and plugin system to find template files.,0,0,0,1,0,1
1462,MailpileMailbox,a maildir class for windows using !,0,0,0,1,0,1
1463,MailpileMailbox,instead of in filenames,0,0,0,1,0,1
1466,MailpileVFS,"this is a router object that implements the vfs interface but,",0,0,0,1,0,1
1467,MailpileVFS,delegating calls to individual implementations.,0,0,0,1,0,1
1470,MoveFilter,move an auto tagging rule,0,0,0,1,0,1
1215,_MockPOP3,base mock that pretends to be a poplib pop3 connection.,0,0,0,1,0,1
1472,OldPostingList,a posting list is a map of search terms to message ids.,0,0,0,1,0,1
1474,Rescan,add new messages to index,0,0,0,1,0,1
1476,StorageBackedLongs,this combines storagebackeddata with pack unpacklonglist to pack,0,0,0,1,0,1
1477,StorageBackedLongs,and save sets of ints.,0,0,0,1,0,1
1496,Util,utility functions for builds,0,0,0,1,0,1
1498,Vcard,display a single vcard,0,0,0,1,0,1
1500,VCardSet,"add a lines to a vcard, ensuring vcard exists",0,0,0,1,0,1
1502,VCardStore,this is a disk backed in memory collection of vcards.,0,0,0,1,0,1
1263,AutocryptSearch,search for the autocrypt database.,0,0,0,1,0,1
1265,AutoTlsConnBroker,"this broker tries to auto upgrade connections to use tls, or at",0,0,0,1,0,1
1266,AutoTlsConnBroker,least do the ssl handshake here so we can record info about it.,0,0,0,1,0,1
1269,ConfigDict,"a sanity checking, self documenting dictionary of program settings.",0,0,0,1,0,1
1270,ConfigDict,the object must be initialized with a dictionary which describes in,0,1,0,0,0,1
1271,ConfigDict,"a structured way what variables exist, what their legal values are,",0,1,0,0,0,1
1272,ConfigDict,and what their defaults are and what they are for.,0,1,0,0,0,1
1273,ConfigDict,each variable definition expects three values,0,1,1,0,0,2
1274,ConfigDict,1,0,1,1,0,0,2
1275,ConfigDict,a human readable description of what the variable is,0,1,1,0,0,2
1276,ConfigDict,2,0,1,1,0,0,2
1277,ConfigDict,a data type sanity check,0,1,1,0,0,2
1278,ConfigDict,3,0,1,1,0,0,2
1279,ConfigDict,a default value,0,1,1,0,0,2
2048,PlotAccessor,name from matplotlib.,0,0,1,0,0,1
2049,PlotAccessor,"colorbar bool, optional",0,0,1,0,0,1
2050,PlotAccessor,"if true, plot colorbar only relevant for scatter and hexbin",0,0,1,0,0,1
2051,PlotAccessor,plots .,0,0,1,0,0,1
2052,PlotAccessor,position float,0,0,1,0,0,1
2053,PlotAccessor,specify relative alignments for bar plot layout.,0,0,1,0,0,1
2054,PlotAccessor,from 0 left bottom end to 1 right top end .,1,1,1,0,0,3
2055,PlotAccessor,default is 05,1,1,1,0,0,3
2056,PlotAccessor,center .,1,1,1,0,0,3
2057,PlotAccessor,"table bool, series or dataframe, default false",0,0,1,0,0,1
2058,PlotAccessor,"if true, draw a table using the data in the dataframe and the data",0,0,1,0,0,1
2059,PlotAccessor,will be transposed to meet matplotlib s default layout.,0,0,1,0,0,1
1548,AbstractEngine,object serving as a base class for all engines.,0,0,0,1,0,1
2060,PlotAccessor,"if a series or dataframe is passed, use passed data to draw a",0,0,1,0,0,1
2061,PlotAccessor,table.,0,0,1,0,0,1
1550,AbstractHolidayCalendar,abstract interface to create holidays following certain rules.,0,0,0,1,0,1
2062,PlotAccessor,"yerr dataframe, series, array like, dict and str",0,0,1,0,0,1
2063,PlotAccessor,see ref plotting with error bars visualization^errorbars for,0,0,1,0,0,1
1552,AccessorCallableDocumenter,this documenter lets us removes .,0,0,0,1,0,1
2064,PlotAccessor,detail.,0,0,1,0,0,1
1553,AccessorCallableDocumenter,call from the method signature for,0,0,0,1,0,1
2065,PlotAccessor,"xerr dataframe, series, array like, dict and str",0,0,1,0,0,1
1554,AccessorCallableDocumenter,callable accessors like series^plot,0,0,0,1,0,1
2066,PlotAccessor,equivalent to yerr.,0,0,1,0,0,1
2067,PlotAccessor,"mark right bool, default true",0,0,1,0,0,1
2068,PlotAccessor,"when using a secondary y axis, automatically mark the column",0,0,1,0,0,1
2069,PlotAccessor,labels with right in the legend.,0,0,1,0,0,1
1558,AccessorDocumenter,specialized documenter subclass for accessors.,0,0,0,1,0,1
2070,PlotAccessor,"include bool bool, default is false",0,0,1,0,0,1
2071,PlotAccessor,"if true, boolean values can be plotted.",0,0,1,0,0,1
1560,Base,common tests for all variations of intervalindex construction.,0,0,0,1,0,1
2072,PlotAccessor,"backend str, default none",0,0,1,0,0,1
1561,Base,input data,1,0,0,0,0,1
2073,PlotAccessor,backend to use instead of the backend specified in the option,0,0,1,0,0,1
1562,Base,"to be supplied in breaks format, then converted by the subclass method",1,0,0,0,0,1
2074,PlotAccessor,plotting^backend .,0,0,1,0,0,1
1563,Base,get kwargs from breaks to the expected format.,1,0,0,0,0,1
2075,PlotAccessor,"for instance, matplotlib .",0,0,1,0,0,1
2076,PlotAccessor,"alternatively, to",0,0,1,0,0,1
2077,PlotAccessor,"specify the plotting^backend for the whole session, set",0,0,1,0,0,1
2079,PlotAccessor,versionadded 10.0,0,0,1,0,0,1
2080,PlotAccessor,kwargs,0,0,1,0,0,1
1569,BaseInterfaceTests,tests that the basic interface is satisfied.,0,0,0,1,0,1
2081,PlotAccessor,options to pass to matplotlib plotting method.,0,0,1,0,0,1
1570,BaseInterfaceTests,interface,0,0,0,1,0,1
2082,PlotAccessor,returns,0,0,1,0,0,1
2083,PlotAccessor,class matplotlib^axes.axes or numpy^ndarray of them,0,0,1,0,0,1
2084,PlotAccessor,"if the backend is not the default matplotlib one, the return value",0,0,1,0,0,1
1573,BooleanArray,array of boolean true false data with missing values.,0,0,0,1,0,1
2085,PlotAccessor,will be the object returned by the backend.,0,0,1,0,0,1
1574,BooleanArray,"this is a pandas extension array for boolean data, under the hood",0,1,0,0,0,1
2086,PlotAccessor,notes,1,0,0,0,0,1
1575,BooleanArray,represented by 2 numpy arrays a boolean array with the data and,0,1,0,0,0,1
2087,PlotAccessor,see matplotlib documentation online for more on this subject,1,0,0,0,0,1
1576,BooleanArray,a boolean array with the mask true indicating missing .,0,1,0,0,0,1
2088,PlotAccessor,"if kind bar or barh , you can specify relative alignments",1,1,0,0,0,2
2089,PlotAccessor,for bar plot layout by position keyword.,1,1,0,0,0,2
1578,BooleanArray,logic for logical operations.,0,1,0,0,0,1
2090,PlotAccessor,from 0 left bottom end to 1 right top end .,1,1,1,0,0,3
1579,BooleanArray,see ref boolean^kleene for more.,0,1,0,0,0,1
2091,PlotAccessor,default is 05,1,1,1,0,0,3
2092,PlotAccessor,center,1,1,0,0,0,2
1582,BooleanArray,below .,0,1,0,0,0,1
1588,BooleanArray,parameters,0,0,1,0,0,1
1589,BooleanArray,values numpy^ndarray,0,0,1,0,0,1
1590,BooleanArray,a 1 d boolean dtype array with the data.,0,0,1,0,0,1
1591,BooleanArray,mask numpy^ndarray,0,0,1,0,0,1
1592,BooleanArray,a 1 d boolean dtype array indicating missing values true,0,0,1,0,0,1
1593,BooleanArray,indicates missing .,0,0,1,0,0,1
1594,BooleanArray,"copy bool, default false",0,0,1,0,0,1
1595,BooleanArray,whether to copy the values and mask arrays.,0,0,1,0,0,1
1596,BooleanArray,attributes,0,1,0,0,0,1
1597,BooleanArray,none,0,1,0,0,0,1
1598,BooleanArray,methods,0,1,0,0,0,1
1599,BooleanArray,none,0,1,0,0,0,1
1600,BooleanArray,returns,0,1,0,0,0,1
1638,BusinessHour,dateoffset subclass representing possibly n business hours.,0,0,0,1,0,1
1640,BusinessMixin,mixin to business types to provide related functions.,0,0,0,1,0,1
1642,BYearBegin,dateoffset increments between business year begin dates.,0,0,0,1,0,1
1644,CategoricalDtype,type for categorical data with the categories and orderedness.,0,1,0,1,0,2
1646,CategoricalDtype,parameters,0,0,1,0,0,1
1647,CategoricalDtype,"categories sequence, optional",0,1,1,0,0,2
1648,CategoricalDtype,"must be unique, and must not contain any nulls.",0,0,1,0,0,1
1649,CategoricalDtype,"ordered bool or none, default false",0,0,1,0,0,1
1650,CategoricalDtype,whether or not this categorical is treated as a ordered categorical.,0,1,1,0,0,2
1651,CategoricalDtype,none can be used to maintain the ordered value of existing categoricals when,0,0,1,0,0,1
1652,CategoricalDtype,"used in operations that combine categoricals, eg astype, and will resolve to",0,0,1,0,0,1
1653,CategoricalDtype,false if there is no existing ordered to maintain.,0,1,1,0,0,2
1654,CategoricalDtype,attributes,0,1,0,0,0,1
1655,CategoricalDtype,categories,0,1,0,0,0,1
1656,CategoricalDtype,ordered,0,1,0,0,0,1
1657,CategoricalDtype,methods,0,1,0,0,0,1
1658,CategoricalDtype,none,0,1,0,0,0,1
1661,CategoricalDtype,notes,1,0,0,0,0,1
1662,CategoricalDtype,this class is useful for specifying the type of a categorical,1,0,0,0,0,1
1663,CategoricalDtype,independent of the values.,1,0,0,0,0,1
1664,CategoricalDtype,see ref categorical^categoricaldtype,1,0,0,0,0,1
1665,CategoricalDtype,for more.,1,0,0,0,0,1
2210,SelectNSeries,implement n largest smallest for series,0,0,0,1,0,1
2211,SelectNSeries,parameters,0,0,1,0,0,1
2212,SelectNSeries,obj series,0,0,1,0,0,1
2213,SelectNSeries,n int,0,0,1,0,0,1
2214,SelectNSeries,"keep first , last , default first",0,0,1,0,0,1
1703,CategoricalIndex,index based on an underlying class categorical .,0,0,0,1,0,1
2215,SelectNSeries,returns,0,0,1,0,0,1
1704,CategoricalIndex,"categoricalindex, like categorical, can only take on a limited,",0,1,0,0,0,1
2216,SelectNSeries,nordered series,0,0,1,0,0,1
1706,CategoricalIndex,"also,",0,1,0,0,0,1
1707,CategoricalIndex,"like categorical, it might have an order, but numerical operations",0,1,0,0,0,1
1708,CategoricalIndex,"additions, divisions, .",0,1,0,0,0,1
1709,CategoricalIndex,are not possible.,0,1,0,0,0,1
1710,CategoricalIndex,parameters,0,0,1,0,0,1
1711,CategoricalIndex,data array like 1 dimensional,0,0,1,0,0,1
1712,CategoricalIndex,the values of the categorical.,0,0,1,0,0,1
2224,SetopCheck,this is called to decorate the set operations of intervalindex,1,0,0,1,0,2
1713,CategoricalIndex,"if categories are given, values not in",0,1,1,0,0,2
2225,SetopCheck,to perform the type check in advance.,1,0,0,1,0,2
1714,CategoricalIndex,categories will be replaced with nan.,0,1,1,0,0,2
1715,CategoricalIndex,"categories index like, optional",0,1,1,0,0,2
1716,CategoricalIndex,the categories for the categorical.,0,1,1,0,0,2
1717,CategoricalIndex,items need to be unique.,0,0,1,0,0,1
1718,CategoricalIndex,"if the categories are not given here and also not in dtype , they",0,1,1,0,0,2
2230,SQLiteTable,patch the sqltable for fallback support.,0,0,0,1,0,1
1719,CategoricalIndex,will be inferred from the data .,0,0,1,0,0,1
2231,SQLiteTable,instead of a table variable just use the create table statement.,1,0,0,0,0,1
1720,CategoricalIndex,"ordered bool, optional",0,1,1,0,0,2
1721,CategoricalIndex,whether or not this categorical is treated as an ordered,0,1,1,0,0,2
1722,CategoricalIndex,categorical.,0,0,1,0,0,1
2234,SQLTable,for mapping pandas tables to sql tables.,0,0,0,1,0,1
1723,CategoricalIndex,"if not given here or in dtype , the resulting",0,0,1,0,0,1
2235,SQLTable,uses fact that table is reflected by sqlalchemy to,0,1,0,0,0,1
1724,CategoricalIndex,categorical will be unordered.,0,1,1,0,0,2
2236,SQLTable,do better type conversions.,0,1,0,0,0,1
1725,CategoricalIndex,"dtype categoricaldtype or category , optional",0,0,1,0,0,1
2237,SQLTable,also holds various flags needed to avoid having to,0,1,0,0,0,1
1726,CategoricalIndex,"if class categoricaldtype , cannot be used together with",0,0,1,0,0,1
2238,SQLTable,pass them between functions all the time.,0,1,0,0,0,1
1727,CategoricalIndex,categories or ordered .,0,1,1,0,0,2
1728,CategoricalIndex,versionadded 021.0,0,0,1,0,0,1
1729,CategoricalIndex,"copy bool, default false",0,0,1,0,0,1
1730,CategoricalIndex,make a copy of input ndarray.,0,0,1,0,0,1
1731,CategoricalIndex,"name object, optional",0,0,1,0,0,1
1732,CategoricalIndex,name to be stored in the index.,0,0,1,0,0,1
1733,CategoricalIndex,attributes,0,1,0,0,0,1
2245,StringArray,extension array for string data.,0,0,0,1,0,1
1734,CategoricalIndex,codes,0,1,0,0,0,1
1735,CategoricalIndex,categories,0,1,0,0,0,1
2247,StringArray,warning,0,0,1,0,0,1
1736,CategoricalIndex,ordered,0,1,0,0,0,1
1737,CategoricalIndex,methods,0,1,0,0,0,1
2250,StringArray,parts of the api may change without warning.,0,0,1,0,0,1
2253,StringArray,parameters,0,0,1,0,0,1
1742,CategoricalIndex,remove unused categories,0,1,0,0,0,1
2254,StringArray,values array like,0,0,1,0,0,1
1743,CategoricalIndex,set categories,0,1,0,0,0,1
2255,StringArray,the array of data.,0,0,1,0,0,1
1744,CategoricalIndex,as ordered,0,1,0,0,0,1
2256,StringArray,warning,0,0,1,0,0,1
1745,CategoricalIndex,as unordered,0,1,0,0,0,1
2257,StringArray,"currently, this expects an object dtype ndarray",0,0,1,0,0,1
1746,CategoricalIndex,map,0,1,0,0,0,1
2258,StringArray,where the elements are python strings.,0,0,1,0,0,1
2259,StringArray,this may,0,0,1,0,0,1
1749,CategoricalIndex,if the categories do not validate.,0,1,0,0,0,1
2261,StringArray,"copy bool, default false",0,0,1,0,0,1
2263,StringArray,attributes,0,1,0,0,0,1
2264,StringArray,none,0,1,0,0,0,1
2265,StringArray,methods,0,1,0,0,0,1
2266,StringArray,none,0,1,0,0,0,1
1757,CategoricalIndex,notes,1,0,0,0,0,1
2269,StringArray,the string methods are available on series backed by,0,1,0,0,0,1
1758,CategoricalIndex,see the user guide,1,0,0,0,0,1
1759,CategoricalIndex,http pandas^pydata.org pandas docs stable user guide advanced^html#categoricalindex,1,0,0,0,0,1
2271,StringArray,notes,1,0,0,0,0,1
1760,CategoricalIndex,for more.,1,0,0,0,0,1
2272,StringArray,stringarray returns a booleanarray for comparison methods.,1,1,0,0,0,2
1769,CategoricalIndex,"ci pd^categoricalindex a , b , c , a , b , c , ordered true,",0,1,0,0,0,1
1772,CategoricalIndex,"categoricalindex a , b , c , a , b , c , categories c , b , a , ordered true, dtype category # noqa",0,1,0,0,0,1
2285,StringArray,"pd^array a , none, c , dtype string a",0,1,0,0,0,1
2322,StringMethods,vectorized string functions for series and index.,0,0,0,1,0,1
2323,StringMethods,nas stay na unless,1,0,0,0,0,1
2324,StringMethods,handled otherwise by a particular method.,1,0,0,0,0,1
2325,StringMethods,patterned after python s string,1,0,0,0,0,1
2326,StringMethods,"methods, with some inspiration from r s stringr package.",1,0,0,0,0,1
2338,TermValue,hold a term value the we use to construct a condition filter,0,0,0,1,0,1
2340,TestDatetimelikeSubtype,tests specific to intervalindex with datetime like subtype,0,0,0,1,0,1
2342,TestFromArrays,tests specific to intervalindex^from arrays,0,0,0,1,0,1
2344,TestFromTuples,tests specific to intervalindex^from tuples,0,0,0,1,0,1
2346,TestPeriodIndexSeriesComparisonConsistency,test periodindex and period series ops consistency,0,0,0,1,0,1
2349,TestSorted,everything you wanted to test about sorting,0,0,0,1,0,1
1838,CythonCommand,custom distutils command subclassed from cython^distutils.build ext,0,0,0,1,0,1
1839,CythonCommand,"to compile pyx c, and stop there.",0,0,0,1,0,1
2351,UnsortedIndexError,"error raised when attempting to get a slice of a multiindex,",0,0,0,1,0,1
2352,UnsortedIndexError,and the index has not been lexsorted.,0,0,0,1,0,1
2353,UnsortedIndexError,subclass of keyerror .,0,1,0,0,0,1
1844,DataIndexableCol,represent a data column that can be indexed,0,0,0,1,0,1
1846,ExcelFile,class for parsing tabular excel sheets into dataframe objects.,0,0,0,1,0,1
1847,ExcelFile,uses xlrd.,1,0,0,0,0,1
1848,ExcelFile,see read excel for more documentation,1,0,0,0,0,1
1849,ExcelFile,parameters,0,0,1,0,0,1
1850,ExcelFile,"io str, path object pathlib^path or py.",0,0,1,0,0,1
1851,ExcelFile,"path^local.localpath ,",0,0,1,0,0,1
1852,ExcelFile,"a file like object, xlrd workbook or openpypl workbook.",0,0,1,0,0,1
1853,ExcelFile,"if a string or path object, expected to be a path to xls, xlsx or odf file.",0,0,1,0,0,1
1854,ExcelFile,"engine str, default none",0,0,1,0,0,1
1855,ExcelFile,"if io is not a buffer or path, this must be set to identify io.",0,0,1,0,0,1
1856,ExcelFile,"acceptable values are none, xlrd , openpyxl or odf .",0,0,1,0,0,1
1857,ExcelFile,note that odf reads tables out of opendocument formatted files.,0,0,1,0,0,1
1870,Holiday,class that defines a holiday with start end dates and rules,0,0,0,1,0,1
1871,Holiday,for observance.,0,0,0,1,0,1
1874,IntegerArray,array of integer optional missing values.,0,0,0,1,0,1
1880,IntegerArray,data contains a numpy integer array of the appropriate dtype,1,1,0,0,0,2
1881,IntegerArray,"mask a boolean array holding a mask on the data, true is missing",1,1,0,0,0,2
1882,IntegerArray,"to construct an integerarray from generic array like input, use",1,0,0,0,0,1
1885,IntegerArray,parameters,0,0,1,0,0,1
1886,IntegerArray,values numpy^ndarray,0,0,1,0,0,1
1887,IntegerArray,a 1 d integer dtype array.,0,0,1,0,0,1
1888,IntegerArray,mask numpy^ndarray,0,0,1,0,0,1
1889,IntegerArray,a 1 d boolean dtype array indicating missing values.,0,0,1,0,0,1
1890,IntegerArray,"copy bool, default false",0,0,1,0,0,1
1891,IntegerArray,whether to copy the values and mask .,0,0,1,0,0,1
1892,IntegerArray,attributes,0,1,0,0,0,1
1893,IntegerArray,none,0,1,0,0,0,1
1894,IntegerArray,methods,0,1,0,0,0,1
1895,IntegerArray,none,0,1,0,0,0,1
1896,IntegerArray,returns,0,1,0,0,0,1
1899,IntegerArray,create an integerarray with func pandas^array .,0,1,0,0,0,1
1958,IntervalDtype,an extensiondtype for interval data.,0,0,0,1,0,1
1959,IntervalDtype,"this is not an actual numpy dtype , but a duck type.",1,0,0,0,0,1
1960,IntervalDtype,parameters,0,0,1,0,0,1
1961,IntervalDtype,"subtype str, np^dtype",0,1,1,0,0,2
1962,IntervalDtype,the dtype of the interval bounds.,0,0,1,0,0,1
1963,IntervalDtype,attributes,0,1,0,0,0,1
1964,IntervalDtype,subtype,0,1,0,0,0,1
1965,IntervalDtype,methods,0,1,0,0,0,1
1966,IntervalDtype,none,0,1,0,0,0,1
1982,NonConsolidatableMixIn,hold methods for the nonconsolidatable blocks,0,0,0,1,0,1
1984,PlotAccessor,make plots of series or dataframe.,0,0,1,1,0,2
1988,PlotAccessor,parameters,0,0,1,0,0,1
1989,PlotAccessor,data series or dataframe,0,0,1,0,0,1
1990,PlotAccessor,the object for which the method is called.,0,0,1,0,0,1
1991,PlotAccessor,"x label or position, default none",0,0,1,0,0,1
1992,PlotAccessor,only used if data is a dataframe.,0,0,1,0,0,1
1993,PlotAccessor,"y label, position or list of label, positions, default none",0,0,1,0,0,1
1994,PlotAccessor,allows plotting of one column versus another.,0,0,1,0,0,1
1995,PlotAccessor,only used if data is a,0,0,1,0,0,1
1996,PlotAccessor,dataframe.,0,0,1,0,0,1
1997,PlotAccessor,kind str,0,0,1,0,0,1
1998,PlotAccessor,the kind of plot to produce,0,0,1,0,0,1
1999,PlotAccessor,line line plot default,0,0,1,0,0,1
2000,PlotAccessor,bar vertical bar plot,0,0,1,0,0,1
2001,PlotAccessor,barh horizontal bar plot,0,0,1,0,0,1
2002,PlotAccessor,hist histogram,0,0,1,0,0,1
2003,PlotAccessor,box boxplot,0,0,1,0,0,1
2004,PlotAccessor,kde kernel density estimation plot,0,0,1,0,0,1
2005,PlotAccessor,density same as kde,0,0,1,0,0,1
2006,PlotAccessor,area area plot,0,0,1,0,0,1
2007,PlotAccessor,pie pie plot,0,0,1,0,0,1
2008,PlotAccessor,scatter scatter plot,0,0,1,0,0,1
2009,PlotAccessor,hexbin hexbin plot.,0,0,1,0,0,1
2010,PlotAccessor,"figsize a tuple width, height in inches",0,0,1,0,0,1
2011,PlotAccessor,"use index bool, default true",0,0,1,0,0,1
2012,PlotAccessor,use index as ticks for x axis.,0,0,1,0,0,1
2013,PlotAccessor,title str or list,0,0,1,0,0,1
2014,PlotAccessor,title to use for the plot.,0,0,1,0,0,1
2015,PlotAccessor,"if a string is passed, print the string",0,0,1,0,0,1
2016,PlotAccessor,at the top of the figure.,0,0,1,0,0,1
2017,PlotAccessor,if a list is passed and subplots is,0,0,1,0,0,1
2018,PlotAccessor,"true, print each item in the list above the corresponding subplot.",0,0,1,0,0,1
2019,PlotAccessor,"grid bool, default none matlab style default",0,0,1,0,0,1
2020,PlotAccessor,axis grid lines.,0,0,1,0,0,1
2021,PlotAccessor,legend bool or reverse,0,0,1,0,0,1
2022,PlotAccessor,place legend on axis subplots.,0,0,1,0,0,1
2023,PlotAccessor,style list or dict,0,0,1,0,0,1
2024,PlotAccessor,the matplotlib line style per column.,0,0,1,0,0,1
2025,PlotAccessor,"logx bool or sym , default false",0,0,1,0,0,1
2026,PlotAccessor,use log scaling or symlog scaling on x axis.,0,0,1,0,0,1
2027,PlotAccessor,versionchanged 025.0,0,0,1,0,0,1
2028,PlotAccessor,logy bool or sym default false,0,0,1,0,0,1
2029,PlotAccessor,use log scaling or symlog scaling on y axis.,0,0,1,0,0,1
2030,PlotAccessor,versionchanged 025.0,0,0,1,0,0,1
2031,PlotAccessor,"loglog bool or sym , default false",0,0,1,0,0,1
2032,PlotAccessor,use log scaling or symlog scaling on both x and y axes.,0,0,1,0,0,1
2033,PlotAccessor,versionchanged 025.0,0,0,1,0,0,1
2034,PlotAccessor,xticks sequence,0,0,1,0,0,1
2035,PlotAccessor,values to use for the xticks.,0,0,1,0,0,1
2036,PlotAccessor,yticks sequence,0,0,1,0,0,1
2037,PlotAccessor,values to use for the yticks.,0,0,1,0,0,1
2038,PlotAccessor,xlim 2 tuple list,0,0,1,0,0,1
2039,PlotAccessor,ylim 2 tuple list,0,0,1,0,0,1
2040,PlotAccessor,"rot int, default none",0,0,1,0,0,1
2041,PlotAccessor,"rotation for ticks xticks for vertical, yticks for horizontal",0,0,1,0,0,1
2042,PlotAccessor,plots .,0,0,1,0,0,1
2043,PlotAccessor,"fontsize int, default none",0,0,1,0,0,1
2044,PlotAccessor,font size for xticks and yticks.,0,0,1,0,0,1
2045,PlotAccessor,"colormap str or matplotlib colormap object, default none",0,0,1,0,0,1
2046,PlotAccessor,colormap to select colors from.,0,0,1,0,0,1
2047,PlotAccessor,"if string, load colormap with that",0,0,1,0,0,1
3072,Markup,a string that is ready to be safely inserted into an html or xml,0,0,0,1,0,1
3073,Markup,"document, either because it was escaped or because it was marked",0,0,0,1,0,1
3074,Markup,safe.,0,0,0,1,0,1
3075,Markup,passing an object to the constructor converts it to text and wraps,0,1,1,0,0,2
3076,Markup,it to mark it safe without escaping.,0,1,1,0,0,2
4106,TarFile,the tarfile class provides an interface to tar archives.,0,0,0,1,0,1
4108,Token,token class.,0,0,0,1,0,1
4110,TokenStreamIterator,the iterator for tokenstreams.,0,0,0,1,0,1
4111,TokenStreamIterator,iterate over the stream,0,1,0,0,0,1
4112,TokenStreamIterator,until the eof token is reached.,0,1,0,0,0,1
4116,TreeBuilder,base treebuilder implementation,0,0,0,1,0,1
4126,Trie,abstract base class for tries,0,0,0,1,0,1
4128,UndefinedEnvironmentName,a name was attempted to be used that does not exist inside of the,0,0,0,1,0,1
4129,UndefinedEnvironmentName,environment.,0,0,0,1,0,1
4132,UnlockError,base class for errors arising from attempts to release the lock.,0,0,0,1,0,1
4142,ZipResourceFinder,resource finder for resources in ^zip files.,0,0,0,1,0,1
3161,MemcachedBytecodeCache,this class implements a bytecode cache that uses a memcache cache for,0,0,0,1,0,1
3162,MemcachedBytecodeCache,storing the information.,0,0,0,1,0,1
3163,MemcachedBytecodeCache,it does not enforce a specific memcache library,0,1,0,0,0,1
3164,MemcachedBytecodeCache,tummy s memcache or cmemcache but will accept any class that provides,0,1,0,0,0,1
3165,MemcachedBytecodeCache,the minimal interface required.,0,1,0,0,0,1
3222,MemoizedZipManifests,memoized zipfile manifests.,0,0,0,1,0,1
3224,MetadataMissingError,a required metadata is missing,0,0,0,1,0,1
3226,MethodDispatcher,dict with 2 special properties,0,0,0,1,0,1
3227,MethodDispatcher,"on initiation, keys that are lists, sets or tuples are converted to",0,1,0,0,0,1
3228,MethodDispatcher,multiple keys so accessing any one of the items in the original,0,1,0,0,0,1
3229,MethodDispatcher,list like object returns the matching value,0,1,0,0,0,1
3240,Module_six_moves_urllib_parse,lazy loading of moved objects in six^moves.urllib parse,0,0,0,1,0,1
3242,Module_six_moves_urllib_request,lazy loading of moved objects in six^moves.urllib request,0,0,0,1,0,1
3244,Module_six_moves_urllib_response,lazy loading of moved objects in six^moves.urllib response,0,0,0,1,0,1
3246,Mul,multiplies the left with the right node.,0,0,0,1,0,1
3248,NativeEnvironment,an environment that renders templates to native python types.,0,0,0,1,0,1
3250,Node,represents an item in the tree,0,0,0,1,0,1
3252,NoMatch,a token that will never match.,0,0,0,1,0,1
3254,NotAny,lookahead to disallow matching with the given parse expression.,0,0,0,1,0,1
3255,NotAny,notany does not advance the parsing position within the,0,1,0,0,0,1
3256,NotAny,"input string, it only verifies that the specified parse expression",0,1,0,0,0,1
3257,NotAny,does not match at the current position.,0,1,0,0,0,1
3258,NotAny,"also, notany does",0,1,0,0,0,1
3259,NotAny,not skip over leading whitespace.,0,1,0,0,0,1
3294,NotMyLock,raised when an attempt is made to unlock a file someone else locked.,0,0,0,1,0,1
3304,omdict,ordered multivalue dictionary.,0,0,0,1,0,1
3305,omdict,a multivalue dictionary is a dictionary that can store multiple values per,0,0,0,1,0,1
3306,omdict,key.,0,1,0,1,0,2
3307,omdict,an ordered multivalue dictionary is a multivalue dictionary that,0,0,0,1,0,1
3308,omdict,retains the order of insertions and deletions.,0,0,0,1,0,1
3309,omdict,"internally, items are stored in a doubly linked list, self.",0,1,0,0,0,1
3310,omdict,items.,0,1,0,0,0,1
3311,omdict,a,0,1,0,0,0,1
3312,omdict,"dictionary, self.",0,1,0,0,0,1
3313,omdict,"map, is also maintained and stores an ordered list of",0,1,0,0,0,1
3314,omdict,"linked list node references, one for each value associated with that key.",0,1,0,1,0,2
3315,omdict,standard dict methods interact with the first value associated with a given,0,1,0,0,0,1
3316,omdict,key.,0,1,0,1,0,2
3317,omdict,"this means that omdict retains method parity with dict, and a dict",0,1,0,0,0,1
3318,omdict,object can be replaced with an omdict object and all interaction will,0,1,0,0,0,1
3319,omdict,behave identically.,0,1,0,0,0,1
3320,omdict,all dict methods that retain parity with omdict are,0,1,0,0,0,1
2357,_BZ2Proxy,small proxy class that enables external file object,0,0,0,1,0,1
2358,_BZ2Proxy,support for r bz2 and w bz2 modes.,0,0,0,1,0,1
2359,_BZ2Proxy,this is actually,1,0,0,0,0,1
2360,_BZ2Proxy,a workaround for a limitation in bz2 module s bz2file,1,0,0,0,0,1
2361,_BZ2Proxy,class which unlike gzip^gzipfile has no support for,1,0,0,0,0,1
3385,Option,options are usually optional values on the command line and,0,0,0,1,0,1
2362,_BZ2Proxy,a file object argument.,1,0,0,0,0,1
3386,Option,have some extra features that arguments don t have.,0,0,0,1,0,1
3388,Option,param show default controls if the default value should be shown on the,0,0,1,0,0,1
3389,Option,help page.,0,0,1,0,0,1
3390,Option,"normally, defaults are not shown.",0,0,1,0,0,1
3391,Option,if this,0,0,1,0,0,1
3392,Option,"value is a string, it shows the string instead of the",0,0,1,0,0,1
2369,_FileInFile,a thin wrapper around an existing file object that,0,0,0,1,0,1
3393,Option,value.,0,0,1,0,0,1
2370,_FileInFile,provides a part of its data as an individual file,0,0,0,1,0,1
3394,Option,this is particularly useful for dynamic options.,0,0,1,0,0,1
2371,_FileInFile,object.,0,0,0,1,0,1
3395,Option,param show envvar controls if an environment variable should be shown on,0,0,1,0,0,1
3397,Option,"normally, environment variables",0,0,1,0,0,1
3398,Option,are not shown.,0,0,1,0,0,1
2375,_MovedItems,lazy loading of moved objects,0,0,0,1,0,1
3399,Option,param prompt if set to true or a non empty string then the user will be,0,0,1,0,0,1
3400,Option,prompted for input.,0,0,1,0,0,1
2377,_PathParents,this object provides sequence like access to the logical ancestors,0,0,0,1,0,1
3401,Option,if set to true the prompt will be the,0,0,1,0,0,1
2378,_PathParents,of a path.,0,0,0,1,0,1
3402,Option,option name capitalized.,0,0,1,0,0,1
3403,Option,param confirmation prompt if set then the value will need to be confirmed,0,0,1,0,0,1
3404,Option,if it was prompted for.,0,0,1,0,0,1
2382,And,requires all given class parseexpression s to be found in the given order.,1,0,0,0,0,1
3406,Option,hidden from the user.,0,0,1,0,0,1
2383,And,expressions may be separated by whitespace.,1,1,0,0,0,2
3407,Option,this is useful for password,0,0,1,0,0,1
2384,And,may be constructed using the operator.,1,1,0,0,0,2
3408,Option,input.,0,0,1,0,0,1
2385,And,"may also be constructed using the operator, which will",1,1,0,0,0,2
3409,Option,param is flag forces this option to act as a flag.,0,0,1,0,0,1
2386,And,suppress backtracking.,1,1,0,0,0,2
3410,Option,the default is,0,0,1,0,0,1
3411,Option,auto detection.,0,0,1,0,0,1
3412,Option,param flag value which value should be used for this flag if it s,0,0,1,0,0,1
3413,Option,enabled.,0,0,1,0,0,1
3414,Option,this is set to a boolean automatically if,0,0,1,0,0,1
3415,Option,the option string contains a slash to mark two options.,0,0,1,0,0,1
3416,Option,param multiple if this is set to true then the argument is accepted,0,0,1,0,0,1
3417,Option,multiple times and recorded.,0,0,1,0,0,1
3418,Option,this is similar to nargs,0,0,1,0,0,1
3419,Option,in how it works but supports arbitrary number of,0,0,1,0,0,1
3420,Option,arguments.,0,0,1,0,0,1
3421,Option,param count this flag makes an option increment an integer.,0,0,1,0,0,1
3422,Option,param allow from autoenv if this is enabled then the value of this,0,0,1,0,0,1
3423,Option,parameter will be pulled from an environment,0,0,1,0,0,1
3424,Option,variable in case a prefix is defined on the,0,0,1,0,0,1
3425,Option,context.,0,0,1,0,0,1
3426,Option,param help the help string.,0,0,1,0,0,1
3427,Option,param hidden hide this option from help outputs.,0,0,1,0,0,1
2408,Argument,arguments are positional parameters to a command.,0,0,0,1,0,1
2412,Argument,all parameters are passed onwards to the parameter constructor.,0,1,0,0,0,1
2418,BaseCommand_,a cli command.,0,0,0,1,0,1
2420,BrokenStdoutLoggingError,raised if brokenpipeerror occurs for the stdout stream while logging.,0,0,0,1,0,1
2422,Bucket,buckets are used to store the bytecode for one template.,0,0,0,1,0,1
2423,Bucket,it s created,0,0,0,1,0,1
2424,Bucket,and initialized by the bytecode cache and passed to the loading functions.,0,0,0,1,0,1
2425,Bucket,the buckets get an internal checksum from the cache assigned and use this,0,1,0,0,0,1
2426,Bucket,to automatically reject outdated cache material.,0,1,0,0,0,1
2434,CallBlock,like a macro without a name but a call instead.,1,0,0,0,0,1
2435,CallBlock,call is called with,0,0,1,0,0,1
2436,CallBlock,the unnamed macro as caller argument this node holds.,0,0,1,0,0,1
2440,CaseInsensitiveDict,a case insensitive dict like object.,0,0,0,1,0,1
2441,CaseInsensitiveDict,implements all methods and operations of,0,0,0,1,0,1
2442,CaseInsensitiveDict,mutablemapping as well as dict s copy .,0,0,0,1,0,1
2443,CaseInsensitiveDict,also,0,0,0,1,0,1
2444,CaseInsensitiveDict,provides lower items .,0,0,0,1,0,1
2445,CaseInsensitiveDict,all keys are expected to be strings.,1,1,0,0,0,2
2446,CaseInsensitiveDict,the structure remembers the,1,1,0,0,0,2
2447,CaseInsensitiveDict,"case of the last key to be set, and iter instance ,",1,1,0,0,0,2
3471,PacifyFlushWrapper,this wrapper is used to catch and suppress brokenpipeerrors resulting,0,1,0,1,0,2
2448,CaseInsensitiveDict,"keys , items , iterkeys , and iteritems",1,1,0,0,0,2
3472,PacifyFlushWrapper,from ^flush being called on broken pipe during the shutdown final gc,0,1,0,1,0,2
2449,CaseInsensitiveDict,will contain case sensitive keys.,1,1,0,0,0,2
3473,PacifyFlushWrapper,of the python interpreter.,0,1,0,1,0,2
3474,PacifyFlushWrapper,notably ^flush is always called on,0,1,0,0,0,1
3475,PacifyFlushWrapper,sys^stdout and sys^stderr .,0,1,0,0,0,1
3476,PacifyFlushWrapper,so as to have minimal impact on any,0,1,0,0,0,1
3477,PacifyFlushWrapper,"other cleanup code, and the case where the underlying file is not a broken",0,1,0,0,0,1
3478,PacifyFlushWrapper,"pipe, all calls and attributes are proxied.",0,1,0,0,0,1
3490,PackageIndex,represents a package index and provides easier access to endpoints,0,0,0,1,0,1
3492,ParseError,this error occurs when the parser encounters a syntax error,0,0,0,1,0,1
3493,ParseError,in the toml being parsed.,0,0,0,1,0,1
3499,ParseFatalException,user throwable exception thrown when inconsistent parse content,1,0,0,0,0,1
3500,ParseFatalException,is found stops all parsing immediately,1,0,0,0,0,1
3503,ParserElement,abstract base level parser element class.,0,0,0,1,0,1
3505,ParseResultBytes,compatibility shim for the urlparse^parseresultbytes object.,0,0,0,1,0,1
3507,ParseResults,"structured parse results, to provide multiple means of access to",0,0,0,1,0,1
2489,ColoredString,enhanced string for len operations on colored output.,0,0,0,1,0,1
2491,CommandError,raised when there is an error in command line arguments,0,0,0,1,0,1
2493,ConnectionError,a connection error occurred.,0,0,0,1,0,1
2495,CONSOLE_SCREEN_BUFFER_INFO,struct in wincon^h.,0,0,0,1,0,1
2497,Context_,the template context holds the variables of a template.,0,0,0,1,0,1
2500,Context_,creating instances is neither supported nor useful as it s created,1,0,0,0,0,1
2501,Context_,automatically at various stages of the template evaluation and should not,1,0,0,0,0,1
2502,Context_,be created by hand.,1,0,0,0,0,1
2503,Context_,the context is immutable.,1,0,0,0,0,1
2510,Context_,"the template context supports read only dict operations get ,",0,0,1,0,0,1
2511,Context_,"keys , values , items , iterkeys , itervalues , iteritems ,",0,0,1,0,0,1
2512,Context_,"getitem , contains .",0,0,1,0,0,1
2513,Context_,additionally there is a meth resolve,0,0,1,0,0,1
2514,Context_,method that doesn t fail with a keyerror but returns an,0,0,1,0,0,1
2515,Context_,class undefined object for missing variables.,0,0,1,0,0,1
2540,ConvertingTuple,a converting tuple wrapper.,0,0,0,1,0,1
2542,CookieConflictError,there are two cookies that meet the criteria specified in the cookie jar.,0,0,0,1,0,1
2543,CookieConflictError,use ^get and ^set and include domain and path args in order to be more specific.,1,0,0,0,0,1
2546,DataViewSequence,a sequence of data views.,0,0,0,1,0,1
2547,DataViewSequence,each entry is an instance of item class .,0,0,1,0,0,1
2550,Date,a date literal.,0,0,0,1,0,1
2555,DirectedGraph,a graph structure with directed edges.,0,0,0,1,0,1
2557,Distribution,"a base class for distributions, whether installed or from indexes.",0,0,0,1,0,1
2563,DocumentErrorTree,implements a dict like class to query errors by indexes following the,0,0,0,1,0,1
2568,Environment,it contains,0,1,0,0,0,1
2569,Environment,"important shared variables like configuration, filters, tests,",0,1,0,1,0,2
2570,Environment,globals and others.,0,1,0,1,0,2
2571,Environment,instances of this class may be modified if,0,1,1,1,0,3
2572,Environment,they are not shared and if no template was loaded so far.,0,1,1,1,0,3
2573,Environment,modifications on environments after the first template was loaded,0,1,1,1,0,3
2574,Environment,will lead to surprising effects and undefined behavior.,0,1,1,1,0,3
2575,Environment,here are the possible initialization parameters,0,0,1,0,0,1
2576,Environment,block start string,0,0,1,0,0,1
2577,Environment,the string marking the beginning of a block.,0,0,1,0,0,1
3601,Path,the path type is similar to the class file type but it performs,0,0,1,1,0,2
2578,Environment,defaults to % .,0,0,1,0,0,1
3602,Path,different checks.,0,0,0,1,0,1
2579,Environment,block end string,0,0,1,0,0,1
3603,Path,"first of all, instead of returning an open file",1,0,0,0,0,1
2580,Environment,the string marking the end of a block.,0,0,1,0,0,1
3604,Path,handle it returns just the filename.,1,0,1,0,0,2
2581,Environment,defaults to % .,0,0,1,0,0,1
3605,Path,"secondly, it can perform various",1,0,1,0,0,2
2582,Environment,variable start string,0,0,1,0,0,1
3606,Path,basic checks about what the file or directory should be.,1,0,0,0,0,1
2583,Environment,the string marking the beginning of a print statement.,0,0,1,0,0,1
2584,Environment,defaults to .,0,0,1,0,0,1
2585,Environment,variable end string,0,0,1,0,0,1
3609,Path,"param exists if set to true, the file or directory needs to exist for",0,0,1,0,0,1
2586,Environment,the string marking the end of a print statement.,0,0,1,0,0,1
3610,Path,this value to be valid.,0,0,1,0,0,1
2587,Environment,defaults to,0,0,1,0,0,1
3611,Path,if this is not required and a,0,0,1,0,0,1
2588,Environment,comment start string,0,0,1,0,0,1
3612,Path,"file does indeed not exist, then all further checks are",0,0,1,0,0,1
2589,Environment,the string marking the beginning of a comment.,0,0,1,0,0,1
3613,Path,silently skipped.,0,0,1,0,0,1
3614,Path,param file okay controls if a file is a possible value.,0,0,1,0,0,1
2591,Environment,comment end string,0,0,1,0,0,1
3615,Path,param dir okay controls if a directory is a possible value.,0,0,1,0,0,1
2592,Environment,the string marking the end of a comment.,0,0,1,0,0,1
3617,Path,"param readable if true, a readable check is performed.",0,0,1,0,0,1
2594,Environment,line statement prefix,0,0,1,0,0,1
3618,Path,"param resolve path if this is true, then the path is fully resolved",0,0,1,0,0,1
2595,Environment,"if given and a string, this will be used as prefix for line based",0,0,1,0,0,1
3619,Path,before the value is passed onwards.,0,0,1,0,0,1
2596,Environment,statements.,0,0,1,0,0,1
3620,Path,this means,0,0,1,0,0,1
2597,Environment,see also ref line statements .,0,0,1,0,0,1
2598,Environment,line comment prefix,0,0,1,0,0,1
3622,Path,it,0,0,1,0,0,1
2599,Environment,"if given and a string, this will be used as prefix for line based",0,0,1,0,0,1
3623,Path,"will not expand a tilde prefix, as this is",0,0,1,0,0,1
2600,Environment,comments.,0,0,1,0,0,1
3624,Path,supposed to be done by the shell only.,0,0,1,0,0,1
2601,Environment,see also ref line statements .,0,0,1,0,0,1
3625,Path,"param allow dash if this is set to true , a single dash to indicate",0,0,1,0,0,1
2602,Environment,versionadded 22,0,0,1,0,0,1
2603,Environment,trim blocks,0,0,1,0,0,1
3627,Path,param path type optionally a string type that should be used to,0,0,1,0,0,1
2604,Environment,if this is set to true the first newline after a block is,0,0,1,0,0,1
3628,Path,represent the path.,0,0,1,0,0,1
2605,Environment,"removed block, not variable tag!",0,0,1,0,0,1
3629,Path,the default is none which,0,0,1,0,0,1
2606,Environment,.,0,0,1,0,0,1
3631,Path,unicode depending on what makes most sense given the,0,0,1,0,0,1
2608,Environment,lstrip blocks,0,0,1,0,0,1
2609,Environment,if this is set to true leading spaces and tabs are stripped,0,0,1,0,0,1
2610,Environment,from the start of a line to a block.,0,0,1,0,0,1
2612,Environment,newline sequence,0,0,1,0,0,1
2613,Environment,the sequence that starts a newline.,0,0,1,0,0,1
2614,Environment,"must be one of r ,",0,0,1,0,0,1
2615,Environment,n or r n .,0,0,1,0,0,1
2616,Environment,the default is n which is a,0,0,1,0,0,1
2617,Environment,useful default for linux and os x systems as well as web,0,0,1,0,0,1
2618,Environment,applications.,0,0,1,0,0,1
2619,Environment,keep trailing newline,0,0,1,0,0,1
2620,Environment,preserve the trailing newline when rendering templates.,0,0,1,0,0,1
2621,Environment,"the default is false , which causes a single newline,",0,0,1,0,0,1
2622,Environment,"if present, to be stripped from the end of the template.",0,0,1,0,0,1
2623,Environment,versionadded 27,0,0,1,0,0,1
2624,Environment,extensions,0,0,1,0,0,1
2626,Environment,this can either be import paths,0,0,1,0,0,1
2627,Environment,as strings or extension classes.,0,0,1,0,0,1
2628,Environment,for more information have a,0,0,1,0,0,1
2630,Environment,optimized,0,0,1,0,0,1
2631,Environment,should the optimizer be enabled?,0,0,1,0,0,1
2632,Environment,default is true .,0,0,1,0,0,1
2633,Environment,undefined,0,0,1,0,0,1
2636,Environment,finalize,0,0,1,0,0,1
2637,Environment,a callable that can be used to process the result of a variable,0,0,1,0,0,1
2638,Environment,expression before it is output.,0,0,1,0,0,1
2639,Environment,for example one can convert,0,0,1,0,0,1
3663,PipError,base pip exception,0,0,0,1,0,1
2640,Environment,none implicitly into an empty string here.,0,0,1,0,0,1
2641,Environment,autoescape,0,0,1,0,0,1
3665,PoolManager,allows for arbitrary requests while transparently keeping track of,0,0,0,1,0,1
2642,Environment,if set to true the xml html autoescaping feature is enabled by,0,0,1,0,0,1
3666,PoolManager,necessary connection pools for you.,0,0,0,1,0,1
2643,Environment,default.,0,0,1,0,0,1
3667,PoolManager,param num pools,0,0,1,0,0,1
2644,Environment,for more details about autoescaping see,0,0,1,0,0,1
3668,PoolManager,number of connection pools to cache before discarding the least,0,0,1,0,0,1
2645,Environment,class jinja2^utils.markup .,0,0,1,0,0,1
3669,PoolManager,recently used pool.,0,0,1,0,0,1
2646,Environment,as of jinja 24 this can also,0,0,1,0,0,1
3670,PoolManager,param headers,0,0,1,0,0,1
2647,Environment,be a callable that is passed the template name and has to,0,0,1,0,0,1
3671,PoolManager,"headers to include with all requests, unless other headers are given",0,0,1,0,0,1
3672,PoolManager,explicitly.,0,0,1,0,0,1
3673,PoolManager,param connection pool kw,0,0,1,0,0,1
2650,Environment,versionchanged 24,0,0,1,0,0,1
3674,PoolManager,additional parameters are used to create fresh,0,0,1,0,0,1
3675,PoolManager,class urllib3^connectionpool.connectionpool instances.,0,0,1,0,0,1
2652,Environment,loader,0,0,1,0,0,1
2654,Environment,cache size,0,0,1,0,0,1
2655,Environment,the size of the cache.,0,0,1,0,0,1
2656,Environment,per default this is 400 which means,0,0,1,0,0,1
2658,Environment,out the least recently used template.,0,0,1,0,0,1
2661,Environment,1 the cache will not be cleaned.,0,0,1,0,0,1
2662,Environment,versionchanged 28,0,0,1,0,0,1
2664,Environment,auto reload,0,0,1,0,0,1
2666,Environment,sources may change ie file system or database .,0,0,1,0,0,1
2667,Environment,if,0,0,1,0,0,1
2670,Environment,will reload the template.,0,0,1,0,0,1
2671,Environment,for higher performance it s possible to,0,0,1,0,0,1
2672,Environment,disable that.,0,0,1,0,0,1
2673,Environment,bytecode cache,0,0,1,0,0,1
2675,Environment,cache for the internal jinja bytecode so that templates don t,0,0,1,0,0,1
3699,PrefixLoader,a loader that is passed a dict of loaders where each loader is bound,0,0,0,1,0,1
3700,PrefixLoader,to a prefix.,0,0,0,1,0,1
2678,Environment,enable async,0,0,1,0,0,1
2680,Environment,you to take advantage of newer python features.,0,0,1,0,0,1
2681,Environment,this requires,0,0,1,0,0,1
2682,Environment,python 36 or later.,0,0,1,0,0,1
3722,ProcessedTraceback,holds a jinja preprocessed traceback for printing or reraising.,0,0,0,1,0,1
3724,PyPIJSONLocator,this locator uses pypi s json interface.,0,1,0,0,0,1
3728,ReadError,raised when an archive cannot be read,0,0,0,1,0,1
3730,Request,a user created class request request object.,0,0,0,1,0,1
3731,Request,"used to prepare a class preparedrequest preparedrequest , which is sent to the server.",1,0,0,0,0,1
3732,Request,param method http method to use.,0,0,1,0,0,1
3733,Request,param url url to send.,0,0,1,0,0,1
3734,Request,param headers dictionary of headers to send.,0,0,1,0,0,1
3735,Request,param files dictionary of filename fileobject files to multipart upload.,0,0,1,0,0,1
3736,Request,param data the body to attach to the request.,0,0,1,0,0,1
3737,Request,if a dictionary or,0,0,1,0,0,1
3738,Request,"list of tuples key, value is provided, form encoding will",0,0,1,0,0,1
3739,Request,take place.,0,0,1,0,0,1
3740,Request,param json json for the body to attach to the request if files or data is not specified .,0,0,1,0,0,1
3741,Request,param params url parameters to append to the url.,0,0,1,0,0,1
3742,Request,if a dictionary or,0,0,1,0,0,1
3743,Request,"list of tuples key, value is provided, form encoding will",0,0,1,0,0,1
3744,Request,take place.,0,0,1,0,0,1
3745,Request,"param auth auth handler or user, pass tuple.",0,0,1,0,0,1
3746,Request,param cookies dictionary or cookiejar of cookies to attach to this request.,0,0,1,0,0,1
3778,RequirementsFileParseError,raised when a general error occurs parsing a requirements file line.,0,0,0,1,0,1
3780,RequirementUninstaller,a context manager to remove a package for the inner block.,0,0,0,1,0,1
3781,RequirementUninstaller,this uses uninstallpathset to control the workflow.,0,1,0,0,0,1
3782,RequirementUninstaller,if the inner block,0,1,0,0,0,1
3783,RequirementUninstaller,"exits correctly, the uninstallation is committed, otherwise rolled back.",0,1,0,0,0,1
3788,RequiresPythonCache,cache a candidate s requires python information.,0,0,0,1,0,1
3790,Resource,"a class representing an in package resource, such as a data file.",0,0,0,1,0,1
3791,Resource,this is,1,0,0,0,0,1
3792,Resource,"not normally instantiated by user code, but rather by a",1,0,0,0,0,1
3793,Resource,class resourcefinder which manages the resource.,1,0,0,0,0,1
3798,ResourceFinder,resource finder for file system resources.,0,0,0,1,0,1
3800,ResourceManager,manage resource extraction and packages,0,0,0,1,0,1
3806,Retry,retry configuration.,0,0,0,1,0,1
3807,Retry,"each retry attempt will create a new retry object with updated values, so",0,1,0,0,0,1
3808,Retry,they can be safely reused.,0,1,0,0,0,1
3819,Retry,param int total,0,0,1,0,0,1
3820,Retry,total number of retries to allow.,0,0,1,0,0,1
3821,Retry,takes precedence over other counts.,0,0,1,0,0,1
3822,Retry,set to none to remove this constraint and fall back on other,0,0,1,0,0,1
3823,Retry,counts.,0,0,1,0,0,1
3824,Retry,it s a good idea to set this to some sensibly high value to,0,0,1,0,0,1
3825,Retry,account for unexpected edge cases and avoid infinite retry loops.,0,0,1,0,0,1
3826,Retry,set to 0 to fail on the first retry.,0,0,1,0,0,1
3827,Retry,set to false to disable and imply raise on redirect false .,0,0,1,0,0,1
3828,Retry,param int connect,0,0,1,0,0,1
3829,Retry,how many connection related errors to retry on.,0,0,1,0,0,1
2806,EOF,this usually means the child has exited.,0,0,0,1,0,1
3830,Retry,"these are errors raised before the request is sent to the remote server,",0,0,1,0,0,1
2808,ExceptionPexpect,base class for all exceptions raised by this module.,0,0,0,1,0,1
3832,Retry,set to 0 to fail on the first retry of this type.,0,0,1,0,0,1
3833,Retry,param int read,0,0,1,0,0,1
2810,ExtractError,general exception for extract errors.,0,0,0,1,0,1
3834,Retry,how many times to retry on read errors.,0,0,1,0,0,1
3835,Retry,"these errors are raised after the request was sent to the server, so the",0,0,1,0,0,1
2812,FakeFile,wrap a list of lines in an object with readline to make,0,0,0,1,0,1
3836,Retry,request may have side effects.,0,0,1,0,0,1
3837,Retry,set to 0 to fail on the first retry of this type.,0,0,1,0,0,1
3838,Retry,param int redirect,0,0,1,0,0,1
3839,Retry,how many redirects to perform.,0,0,1,0,0,1
2816,fdspawn,this is like pexpect^spawn but allows you to supply your own open file,0,0,0,1,0,1
3840,Retry,limit this to avoid infinite redirect,0,0,1,0,0,1
2817,fdspawn,descriptor.,0,0,0,1,0,1
3841,Retry,loops.,0,0,1,0,0,1
3842,Retry,"a redirect is a http response with a status code 301, 302, 303, 307 or",0,0,1,0,0,1
3843,Retry,308,0,0,1,0,0,1
3844,Retry,set to 0 to fail on the first retry of this type.,0,0,1,0,0,1
3845,Retry,set to false to disable and imply raise on redirect false .,0,0,1,0,0,1
3846,Retry,param int status,0,0,1,0,0,1
3847,Retry,how many times to retry on bad status codes.,0,0,1,0,0,1
2824,FileMetadata,metadata handler for standalone pkg info files,0,1,0,1,0,2
3848,Retry,"these are retries made on responses, where status code matches",0,0,1,0,0,1
3849,Retry,status forcelist .,0,0,1,0,0,1
3850,Retry,set to 0 to fail on the first retry of this type.,0,0,1,0,0,1
2827,FileMetadata,"this provider rejects all data and metadata requests except for pkg info,",0,1,0,0,0,1
3851,Retry,param iterable method whitelist,0,0,1,0,0,1
2828,FileMetadata,"which is treated as existing, and will be the contents of the file at",0,1,0,0,0,1
3852,Retry,set of uppercased http method verbs that we should retry on.,0,0,1,0,0,1
2829,FileMetadata,the provided location.,0,1,0,0,0,1
3853,Retry,"by default, we only retry on methods which are considered to be",0,0,1,0,0,1
2830,FileMetadata,metadata handler for standalone pkg info files,0,1,0,1,0,2
3854,Retry,idempotent multiple requests with the same parameters end with the,0,0,1,0,0,1
3855,Retry,same state .,0,0,1,0,0,1
3856,Retry,see attr retry^default method whitelist .,0,0,1,0,0,1
2833,FileMetadata,"this provider rejects all data and metadata requests except for pkg info,",0,1,0,0,0,1
3857,Retry,set to a false value to retry on any verb.,0,0,1,0,0,1
2834,FileMetadata,"which is treated as existing, and will be the contents of the file at",0,1,0,0,0,1
3858,Retry,param iterable status forcelist,0,0,1,0,0,1
2835,FileMetadata,the provided location.,0,1,0,0,0,1
3859,Retry,a set of integer http status codes that we should force a retry on.,0,0,1,0,0,1
3860,Retry,a retry is initiated if the request method is in method whitelist,0,0,1,0,0,1
3862,Retry,"by default, this is disabled with none .",0,0,1,0,0,1
3863,Retry,param float backoff factor,0,0,1,0,0,1
3864,Retry,a backoff factor to apply between attempts after the second try,0,0,1,0,0,1
3865,Retry,most errors are resolved immediately by a second try without a,0,0,1,0,0,1
3866,Retry,delay .,0,0,1,0,0,1
3867,Retry,urllib3 will sleep for,0,0,1,0,0,1
3868,Retry,backoff factor 2 number of total retries 1,0,0,1,0,0,1
3869,Retry,seconds.,0,0,1,0,0,1
3870,Retry,"if the backoff factor is 01, then func ^sleep will sleep",0,0,1,0,0,1
3871,Retry,"for 00s, 02s, 04s, .",0,0,1,0,0,1
2848,FileSystemLoader,loads templates from the file system.,0,0,0,1,0,1
3872,Retry,between retries.,0,0,1,0,0,1
2849,FileSystemLoader,this loader can find templates,0,0,0,1,0,1
3873,Retry,it will never be longer,0,0,1,0,0,1
2850,FileSystemLoader,in folders on the file system and is the preferred way to load them.,0,0,0,1,0,1
3874,Retry,than attr retry^backoff max .,0,0,1,0,0,1
3875,Retry,"by default, backoff is disabled set to 0 .",0,0,1,0,0,1
3876,Retry,"param bool raise on redirect whether, if the number of redirects is",0,0,1,0,0,1
3877,Retry,"exhausted, to raise a maxretryerror, or to return a response with a",0,0,1,0,0,1
3878,Retry,response code in the 3xx range.,0,0,1,0,0,1
3879,Retry,param bool raise on status similar meaning to raise on redirect,0,0,1,0,0,1
3880,Retry,"whether we should raise an exception, or return a response,",0,0,1,0,0,1
3881,Retry,if status falls in status forcelist range and retries have,0,0,1,0,0,1
3882,Retry,been exhausted.,0,0,1,0,0,1
3883,Retry,param tuple history the history of the request encountered during,0,0,1,0,0,1
3884,Retry,each call to meth retry^increment .,0,0,1,0,0,1
3885,Retry,the list is in the order,0,0,1,0,0,1
3886,Retry,the requests occurred.,0,0,1,0,0,1
3887,Retry,each list item is of class class requesthistory .,0,0,1,0,0,1
3888,Retry,param bool respect retry after header,0,0,1,0,0,1
3889,Retry,whether to respect retry after header on status codes defined as,0,0,1,0,0,1
3890,Retry,attr retry^retry after status codes or not.,0,0,1,0,0,1
3891,Retry,param iterable remove headers on redirect,0,0,1,0,0,1
3892,Retry,sequence of headers to remove from the request when a response,0,0,1,0,0,1
3893,Retry,indicating a redirect is returned before firing off the redirected,0,0,1,0,0,1
3894,Retry,request.,0,0,1,0,0,1
2873,Filter,alphabetizes attributes for elements,0,0,0,1,0,1
2875,Filter_,sanitizes token stream of xhtml mathml svg and of inline style attributes,0,0,0,1,0,1
2877,FollowedBy,lookahead matching of the given parse expression.,0,0,0,1,0,1
2887,FollowedBy,# use followedby to match a label only if it is followed by a,1,0,0,1,0,2
2889,FollowedBy,label data word followedby,1,0,0,1,0,2
2931,HashMissing,a hash was needed for a requirement but is absent.,0,0,0,1,0,1
2936,HebrewProber,the two sbcharsetprobers identify that the text is in,1,0,0,0,0,1
2937,HebrewProber,"fact some kind of hebrew, logical or visual.",1,0,0,0,0,1
2944,HebrewProber,it reduces any sequence of such characters to a single space.,0,0,0,1,0,1
2956,HebrewProber,the hebrewprober is not using any language model.,1,0,0,0,0,1
3982,SafeFileCache,a file based cache which is safe to use even when the target directory may,0,0,0,1,0,1
3983,SafeFileCache,not be accessible or writable.,0,0,0,1,0,1
2960,HebrewProber,"disjointed from the model probers, the results of the hebrewprober",1,0,0,0,0,1
2961,HebrewProber,alone are meaningless.,1,0,0,0,0,1
3986,SchemaValidatorMixin,this validator mixin provides mechanics to validate schemas passed to a cerberus,0,0,0,1,0,1
3987,SchemaValidatorMixin,validator.,0,0,0,1,0,1
3990,Session,a requests session.,0,0,0,1,0,1
3991,Session,"provides cookie persistence, connection pooling, and configuration.",0,0,0,1,0,1
4012,SkipTo,token for skipping over all undefined text until the matched,0,0,0,1,0,1
4013,SkipTo,expression is found.,0,0,0,1,0,1
4014,SkipTo,parameters,0,0,1,0,0,1
4015,SkipTo,expr target expression marking the end of the data to be skipped,0,0,1,0,0,1
4016,SkipTo,"include default false if true, the target expression is also parsed",0,0,1,0,0,1
4017,SkipTo,the skipped text and target expression are returned as a 2 element list .,0,0,1,0,0,1
4018,SkipTo,ignore default none used to define grammars typically quoted strings and,0,0,1,0,0,1
4019,SkipTo,comments that might contain false matches to the target expression,0,0,1,0,0,1
4020,SkipTo,failon default none define expressions that are not allowed to be,0,0,1,0,0,1
4021,SkipTo,"included in the skipped test if found before the target expression is found,",0,0,1,0,0,1
4022,SkipTo,the skipto is not a match,0,0,1,0,0,1
2999,HTMLParser,html parser,0,0,0,1,0,1
3000,HTMLParser,generates a tree structure from a stream of possibly malformed html.,0,0,0,1,0,1
3003,HTTPError,an http error occurred.,0,0,0,1,0,1
3006,InsecurePlatformWarning,warned when certain ssl configuration is not available on a platform.,0,0,0,1,0,1
3008,InspectedValidator,metaclass for all validators,0,0,0,1,0,1
3019,InternalName,an internal name in the compiler.,0,0,0,1,0,1
3020,InternalName,you cannot create these nodes,1,0,0,0,0,1
3021,InternalName,yourself but the parser provides a,1,0,0,0,0,1
3022,InternalName,meth jinja2^parser.parser^free identifier method that creates,1,0,0,0,0,1
3023,InternalName,a new identifier for you.,1,0,0,0,0,1
3024,InternalName,this identifier is not available from the,1,0,0,0,0,1
3025,InternalName,template and is not threated specially by the compiler.,1,0,0,0,0,1
3033,InvalidDateError,a date field was improperly specified.,0,0,0,1,0,1
3035,InvalidHeaderError,exception for invalid headers.,0,0,0,1,0,1
3040,Kanji,unicode set for kanji unicode character range,0,0,0,1,0,1
3042,Katakana,unicode set for katakana unicode character range,0,0,0,1,0,1
3044,KeyType,the type of a key.,0,0,0,1,0,1
3045,KeyType,"keys can be bare unquoted , or quoted using basic , or literal",0,1,1,0,0,2
3046,KeyType,quotes following the same escaping rules as single line stringtype.,0,1,1,0,0,2
3052,LockFailed,lock file creation failed for some other reason.,0,0,0,1,0,1
3062,LRUCache,a simple lru cache implementation.,0,0,0,1,0,1
3063,LRUCache,this is fast for small capacities something below 1000 but doesn t,1,0,0,0,0,1
3064,LRUCache,scale.,1,0,0,0,0,1
3065,LRUCache,but as long as it s only used as storage for templates this,1,0,0,0,0,1
3066,LRUCache,won t do any harm.,1,0,0,0,0,1
4147,_OpNamespace,"call this op, the user will write torch^ops.my namespace^my op .",1,0,0,0,0,1
4149,_OpNamespace,"at startup, this operation will not yet be bound into python.",1,0,0,0,0,1
4153,_OpNamespace,torch^ops.my namespace will invoke the getattr magic method,1,0,0,0,0,1
4154,_OpNamespace,"on the torch^ops object, which will create a new opnamespace",1,0,0,0,0,1
4158,_OpNamespace,torch^ops.my namespace^my op will then invoke getattr on,1,0,0,0,0,1
4160,_OpNamespace,"torch^get operation , a function bound from c , and then in a similar",1,0,0,0,0,1
4163,_OpNamespace,torch^ops.my namespace^my op .,1,0,0,0,0,1
5196,EnforceUnique,raises an error if a key is seen more than once.,0,0,0,1,0,1
5198,Error,each error is a section in the output of cuda memcheck.,0,0,0,1,0,1
5199,Error,each error in the report has an error message and a backtrace.,0,1,0,0,0,1
5209,ExceptionWrapper,wraps an exception plus traceback to communicate across threads,0,0,0,1,0,1
5214,ExternalInitializer,current version is not doing any real sanity checks to the parameter.,1,0,0,0,0,1
5219,FisherSnedecor,creates a fisher snedecor distribution parameterized by attr df1 and attr df2 .,0,0,0,1,0,1
5224,FisherSnedecor,args,0,0,1,0,0,1
5225,FisherSnedecor,df1 float or tensor degrees of freedom parameter 1,0,0,1,0,0,1
5226,FisherSnedecor,df2 float or tensor degrees of freedom parameter 2,0,0,1,0,0,1
5235,LastNWindowCollector,collect last n samples from input record.,0,0,0,1,0,1
4212,Adadelta,implements adadelta algorithm.,0,0,0,1,0,1
5236,LastNWindowCollector,"if you have complex data,",1,0,0,0,0,1
4213,Adadelta,it has been proposed in adadelta an adaptive learning rate method .,0,0,0,1,0,1
5237,LastNWindowCollector,use packrecords to pack it before using this layer.,1,0,0,0,0,1
4214,Adadelta,arguments,0,0,1,0,0,1
5238,LastNWindowCollector,this layer is not thread safe.,1,0,0,0,0,1
4215,Adadelta,params iterable iterable of parameters to optimize or dicts defining,0,0,1,0,0,1
4216,Adadelta,parameter groups,0,0,1,0,0,1
4217,Adadelta,"rho float, optional coefficient used for computing a running average",0,0,1,0,0,1
4218,Adadelta,of squared gradients default 09,0,0,1,0,0,1
4219,Adadelta,"eps float, optional term added to the denominator to improve",0,0,1,0,0,1
5243,LBFGS,"implements l bfgs algorithm, heavily inspired by minfunc",0,0,0,1,0,1
4220,Adadelta,numerical stability default 1e 6,0,0,1,0,0,1
4221,Adadelta,"lr float, optional coefficient that scale delta before it is applied",0,0,1,0,0,1
4222,Adadelta,to the parameters default 10,0,0,1,0,0,1
4223,Adadelta,"weight decay float, optional weight decay l2 penalty default 0",0,0,1,0,0,1
5252,LBFGS,note,1,0,0,0,0,1
5253,LBFGS,this is a very memory intensive optimizer it requires additional,1,0,0,0,0,1
5254,LBFGS,param bytes history size 1 bytes .,1,0,0,0,0,1
5255,LBFGS,if it doesn t fit in memory,1,0,0,0,0,1
5256,LBFGS,"try reducing the history size, or use a different algorithm.",1,0,0,0,0,1
5257,LBFGS,arguments,0,0,1,0,0,1
5258,LBFGS,lr float learning rate default 1,0,0,1,0,0,1
5259,LBFGS,max iter int maximal number of iterations per optimization step,0,0,1,0,0,1
5260,LBFGS,default 20,0,0,1,0,0,1
4237,Adam,implements adam algorithm.,0,0,0,1,0,1
5261,LBFGS,max eval int maximal number of function evaluations per optimization,0,0,1,0,0,1
4238,Adam,it has been proposed in adam a method for stochastic optimization .,1,0,0,0,0,1
5262,LBFGS,step default max iter 125 .,0,0,1,0,0,1
4239,Adam,arguments,0,0,1,0,0,1
5263,LBFGS,tolerance grad float termination tolerance on first order optimality,0,0,1,0,0,1
4240,Adam,params iterable iterable of parameters to optimize or dicts defining,0,0,1,0,0,1
5264,LBFGS,default 1e 5 .,0,0,1,0,0,1
4241,Adam,parameter groups,0,0,1,0,0,1
5265,LBFGS,tolerance change float termination tolerance on function,0,0,1,0,0,1
4242,Adam,"lr float, optional learning rate default 1e 3",0,0,1,0,0,1
5266,LBFGS,value parameter changes default 1e 9 .,0,0,1,0,0,1
4243,Adam,"betas tuple float, float , optional coefficients used for computing",0,0,1,0,0,1
5267,LBFGS,history size int update history size default 100 .,0,0,1,0,0,1
4244,Adam,"running averages of gradient and its square default 09, 0999",0,0,1,0,0,1
5268,LBFGS,line search fn str either strong wolfe or none default none .,0,0,1,0,0,1
4245,Adam,"eps float, optional term added to the denominator to improve",0,0,1,0,0,1
4246,Adam,numerical stability default 1e 8,0,0,1,0,0,1
4247,Adam,"weight decay float, optional weight decay l2 penalty default 0",0,0,1,0,0,1
4248,Adam,"amsgrad boolean, optional whether to use the amsgrad variant of this",0,0,1,0,0,1
4249,Adam,algorithm from the paper on the convergence of adam and beyond,1,0,1,0,0,2
4250,Adam,default false,0,0,1,0,0,1
4251,Adam,adam a method for stochastic optimization,1,0,0,0,0,1
4252,Adam,https arxiv^org abs 14126980,1,0,0,0,0,1
4253,Adam,on the convergence of adam and beyond,1,0,0,0,0,1
4254,Adam,https openreview^net forum?id ryqu7f rz,1,0,0,0,0,1
5287,Module,base class for all neural network modules.,0,0,0,1,0,1
5289,Module,"modules can also contain other modules, allowing to nest them in",0,1,0,0,0,1
5290,Module,a tree structure.,0,1,0,0,0,1
5291,Module,you can assign the submodules as regular attributes,0,1,0,0,0,1
4273,Adamax,implements adamax algorithm a variant of adam based on infinity norm .,0,0,0,1,0,1
4274,Adamax,it has been proposed in adam a method for stochastic optimization .,0,0,0,1,0,1
4275,Adamax,arguments,0,0,1,0,0,1
4276,Adamax,params iterable iterable of parameters to optimize or dicts defining,0,0,1,0,0,1
4277,Adamax,parameter groups,0,0,1,0,0,1
4278,Adamax,"lr float, optional learning rate default 2e 3",0,0,1,0,0,1
4279,Adamax,"betas tuple float, float , optional coefficients used for computing",0,0,1,0,0,1
5303,Module,"submodules assigned in this way will be registered, and will have their",0,1,0,0,0,1
4280,Adamax,running averages of gradient and its square,0,0,1,0,0,1
5304,Module,"parameters converted too when you call meth to , etc",0,1,0,0,0,1
4281,Adamax,"eps float, optional term added to the denominator to improve",0,0,1,0,0,1
4282,Adamax,numerical stability default 1e 8,0,0,1,0,0,1
4283,Adamax,"weight decay float, optional weight decay l2 penalty default 0",0,0,1,0,0,1
4296,AdaptiveMaxPool3d,applies a 3d adaptive max pooling over an input signal composed of several input planes.,0,0,0,1,0,1
4297,AdaptiveMaxPool3d,"the output is of size d x h x w, for any input size.",0,1,0,0,0,1
4298,AdaptiveMaxPool3d,the number of output features is equal to the number of input planes.,0,1,0,0,0,1
5322,MultiLabelMarginLoss,creates a criterion that optimizes a multi class multi classification,0,0,0,1,0,1
4299,AdaptiveMaxPool3d,args,0,0,1,0,0,1
5323,MultiLabelMarginLoss,hinge loss margin based loss between input math x a 2d mini batch tensor,0,1,0,1,0,2
4300,AdaptiveMaxPool3d,output size the target output size of the image of the form d x h x w.,0,0,1,0,0,1
5324,MultiLabelMarginLoss,and output math y which is a 2d tensor of target class indices .,0,1,0,1,0,2
4301,AdaptiveMaxPool3d,"can be a tuple d, h, w or a single d for a cube d x d x d.",0,0,1,0,0,1
5325,MultiLabelMarginLoss,for each sample in the mini batch,0,1,0,0,0,1
4302,AdaptiveMaxPool3d,"d, h and w can be either a int , or none which means the size will",0,0,1,0,0,1
5326,MultiLabelMarginLoss,math,0,1,0,0,0,1
4303,AdaptiveMaxPool3d,be the same as that of the input.,0,0,1,0,0,1
4304,AdaptiveMaxPool3d,"return indices if true , will return the indices along with the outputs.",0,0,1,0,0,1
4305,AdaptiveMaxPool3d,useful to pass to nn^maxunpool3d.,0,0,1,0,0,1
4306,AdaptiveMaxPool3d,default false,0,0,1,0,0,1
5333,MultiLabelMarginLoss,the criterion only considers a contiguous block of non negative targets that,0,1,0,0,0,1
5334,MultiLabelMarginLoss,starts at the front.,0,1,0,0,0,1
5335,MultiLabelMarginLoss,this allows for different samples to have variable amounts of target classes.,0,1,0,0,0,1
5336,MultiLabelMarginLoss,args,0,0,1,0,0,1
5337,MultiLabelMarginLoss,"size average bool, optional deprecated see attr reduction .",0,0,1,0,0,1
5338,MultiLabelMarginLoss,"by default,",0,0,1,0,0,1
5339,MultiLabelMarginLoss,the losses are averaged over each loss element in the batch.,0,0,1,0,0,1
5340,MultiLabelMarginLoss,note that for,0,0,1,0,0,1
5341,MultiLabelMarginLoss,"some losses, there are multiple elements per sample.",0,0,1,0,0,1
5342,MultiLabelMarginLoss,if the field attr size average,0,0,1,0,0,1
5343,MultiLabelMarginLoss,"is set to false , the losses are instead summed for each minibatch.",0,0,1,0,0,1
5344,MultiLabelMarginLoss,ignored,0,0,1,0,0,1
5345,MultiLabelMarginLoss,when reduce is false .,0,0,1,0,0,1
5346,MultiLabelMarginLoss,default true,0,0,1,0,0,1
5347,MultiLabelMarginLoss,"reduce bool, optional deprecated see attr reduction .",0,0,1,0,0,1
5349,MultiLabelMarginLoss,losses are averaged or summed over observations for each minibatch depending,0,0,1,0,0,1
5350,MultiLabelMarginLoss,on attr size average .,0,0,1,0,0,1
5351,MultiLabelMarginLoss,"when attr reduce is false , returns a loss per",0,0,1,0,0,1
5352,MultiLabelMarginLoss,batch element instead and ignores attr size average .,0,0,1,0,0,1
5353,MultiLabelMarginLoss,default true,0,0,1,0,0,1
5354,MultiLabelMarginLoss,"reduction string, optional specifies the reduction to apply to the output",0,0,1,0,0,1
5355,MultiLabelMarginLoss,none mean sum .,0,0,1,0,0,1
5356,MultiLabelMarginLoss,"none no reduction will be applied,",0,0,1,0,0,1
5357,MultiLabelMarginLoss,mean the sum of the output will be divided by the number of,0,0,1,0,0,1
5358,MultiLabelMarginLoss,"elements in the output, sum the output will be summed.",0,0,1,0,0,1
5359,MultiLabelMarginLoss,note attr size average,0,0,1,0,0,1
5360,MultiLabelMarginLoss,"and attr reduce are in the process of being deprecated, and in the meantime,",0,0,1,0,0,1
5362,MultiLabelMarginLoss,default mean,0,0,1,0,0,1
5364,MultiLabelMarginLoss,"input math c or math n, c where n is the batch size and c",0,1,0,0,0,1
5366,MultiLabelMarginLoss,"target math c or math n, c , label targets padded by 1 ensuring same shape as the input.",0,1,0,0,0,1
4344,BaseTestCase,base class used for all tensorboard tests,0,0,0,1,0,1
5368,MultiLabelMarginLoss,"if attr reduction is none , then math n .",0,1,0,0,0,1
4346,BatchNorm1d,applies batch normalization over a 2d or 3d input a mini batch of 1d,0,0,0,1,0,1
4347,BatchNorm1d,inputs with optional additional channel dimension as described in the paper,0,0,0,1,0,1
4348,BatchNorm1d,batch normalization accelerating deep network training by reducing internal covariate shift .,0,0,0,1,0,1
4349,BatchNorm1d,math,0,1,0,0,0,1
4351,BatchNorm1d,the mean and standard deviation are calculated per dimension over,0,1,0,0,0,1
4353,BatchNorm1d,of size c where c is the input size .,0,1,0,0,0,1
4356,BatchNorm1d,"also by default, during training this layer keeps running estimates of its",0,1,0,0,0,1
4357,BatchNorm1d,"computed mean and variance, which are then used for normalization during",0,1,0,0,0,1
4358,BatchNorm1d,evaluation.,0,1,0,0,0,1
4359,BatchNorm1d,the running estimates are kept with a default attr momentum,0,1,0,0,0,1
4360,BatchNorm1d,of 01.,0,1,0,0,0,1
4361,BatchNorm1d,"if attr track running stats is set to false , this layer then does not",0,1,0,0,0,1
4362,BatchNorm1d,"keep running estimates, and batch statistics are instead used during",0,1,0,0,0,1
4363,BatchNorm1d,evaluation time as well.,0,1,0,0,0,1
4364,BatchNorm1d,note,1,0,0,0,0,1
4365,BatchNorm1d,this attr momentum argument is different from one used in optimizer,1,0,0,0,0,1
4366,BatchNorm1d,classes and the conventional notion of momentum.,1,0,0,0,0,1
4367,BatchNorm1d,"mathematically, the",1,1,0,0,0,2
4368,BatchNorm1d,update rule for running statistics here is,1,0,0,0,0,1
4369,BatchNorm1d,"math hat x text new 1 text momentum times hat x text momentum times x t ,",1,1,0,0,0,2
4370,BatchNorm1d,where math hat x is the estimated statistic and math x t is the,1,1,0,0,0,2
4371,BatchNorm1d,new observed value.,1,0,0,0,0,1
4372,BatchNorm1d,"because the batch normalization is done over the c dimension, computing statistics",1,0,0,0,0,1
4373,BatchNorm1d,"on n, l slices, it s common terminology to call this temporal batch normalization.",1,0,0,0,0,1
4374,BatchNorm1d,args,0,0,1,0,0,1
4375,BatchNorm1d,num features math c from an expected input of size,0,1,1,0,0,2
4376,BatchNorm1d,"math n, c, l or math l from input of size math n, l",0,1,1,0,0,2
4377,BatchNorm1d,eps a value added to the denominator for numerical stability.,0,0,1,0,0,1
4378,BatchNorm1d,default 1e 5,0,0,1,0,0,1
4379,BatchNorm1d,momentum the value used for the running mean and running var,0,0,1,0,0,1
4380,BatchNorm1d,computation.,0,0,1,0,0,1
4381,BatchNorm1d,can be set to none for cumulative moving average,0,0,1,0,0,1
4382,BatchNorm1d,ie simple average .,0,0,1,0,0,1
4383,BatchNorm1d,default 01,0,0,1,0,0,1
4384,BatchNorm1d,"affine a boolean value that when set to true , this module has",0,0,1,0,0,1
4385,BatchNorm1d,learnable affine parameters.,0,0,1,0,0,1
4386,BatchNorm1d,default true,0,0,1,0,0,1
4387,BatchNorm1d,"track running stats a boolean value that when set to true , this",0,0,1,0,0,1
4388,BatchNorm1d,"module tracks the running mean and variance, and when set to false ,",0,0,1,0,0,1
4389,BatchNorm1d,this module does not track such statistics and always uses batch,0,0,1,0,0,1
4390,BatchNorm1d,statistics in both training and eval modes.,0,0,1,0,0,1
4391,BatchNorm1d,default true,0,0,1,0,0,1
4392,BatchNorm1d,shape,0,1,0,0,0,1
4393,BatchNorm1d,"input math n, c or math n, c, l",0,1,0,0,0,1
4394,BatchNorm1d,"output math n, c or math n, c, l same shape as input",0,1,0,0,0,1
5426,NetModifier,an abstraction class for supporting modifying a generated net.,0,0,0,1,0,1
5427,NetModifier,inherited classes should implement the modify net method where,0,1,0,0,0,1
5428,NetModifier,related operators are added to the net.,0,1,0,0,0,1
5438,OneHotCategorical,creates a one hot categorical distribution parameterized by attr probs or,0,0,0,1,0,1
5439,OneHotCategorical,attr logits .,0,0,0,1,0,1
5440,OneHotCategorical,samples are one hot coded vectors of size probs^size 1 .,0,1,0,0,0,1
5441,OneHotCategorical,"note attr probs must be non negative, finite and have a non zero sum,",1,0,0,0,0,1
5442,OneHotCategorical,and it will be normalized to sum to 1.,1,0,0,0,0,1
5444,OneHotCategorical,attr probs and attr logits .,0,0,0,1,0,1
5449,OneHotCategorical,args,0,0,1,0,0,1
5450,OneHotCategorical,probs tensor event probabilities,0,0,1,0,0,1
5451,OneHotCategorical,logits tensor event log probabilities,0,0,1,0,0,1
5464,Poisson,"creates a poisson distribution parameterized by attr rate , the rate parameter.",0,0,0,1,0,1
5472,Poisson,args,0,0,1,0,0,1
5473,Poisson,"rate number, tensor the rate parameter",0,0,1,0,0,1
4460,BCEWithLogitsLoss,this loss combines a sigmoid layer and the bceloss in one single,0,0,0,1,0,1
4461,BCEWithLogitsLoss,class.,0,0,0,1,0,1
4462,BCEWithLogitsLoss,this version is more numerically stable than using a plain sigmoid,0,0,0,1,0,1
4463,BCEWithLogitsLoss,"followed by a bceloss as, by combining the operations into one layer,",0,0,0,1,0,1
5487,QuantWrapper,"a wrapper class that wraps the input module, adds quantstub and",0,0,0,1,0,1
4464,BCEWithLogitsLoss,we take advantage of the log sum exp trick for numerical stability.,0,0,0,1,0,1
5488,QuantWrapper,dequantstub and surround the call to module with call to quant and dequant,0,0,0,1,0,1
4465,BCEWithLogitsLoss,the unreduced ie with attr reduction set to none loss can be described as,0,1,0,0,0,1
5489,QuantWrapper,modules.,0,0,0,1,0,1
4466,BCEWithLogitsLoss,math,0,1,0,0,0,1
5490,QuantWrapper,this is used by the quantization utility functions to add the quant and,0,1,0,0,0,1
4467,BCEWithLogitsLoss,"ell x, y l l 1, dots,l n ^ top, quad",0,1,0,0,0,1
5491,QuantWrapper,"dequant modules, before convert function quantstub will just be observer,",0,1,0,0,0,1
4468,BCEWithLogitsLoss,l n w n left y n cdot log sigma x n,0,1,0,0,0,1
5492,QuantWrapper,"it observes the input tensor, after convert , quantstub",0,1,0,0,0,1
4469,BCEWithLogitsLoss,"1 y n cdot log 1 sigma x n right ,",0,1,0,0,0,1
5493,QuantWrapper,will be swapped to nnq^quantize which does actual quantization.,0,1,0,0,0,1
4470,BCEWithLogitsLoss,where math n is the batch size.,0,1,0,0,0,1
5494,QuantWrapper,similarly,0,1,0,0,0,1
4471,BCEWithLogitsLoss,if attr reduction is not none,0,1,0,0,0,1
5495,QuantWrapper,for dequantstub .,0,1,0,0,0,1
4472,BCEWithLogitsLoss,"default mean , then",0,1,1,0,0,2
4473,BCEWithLogitsLoss,math,0,1,0,0,0,1
4474,BCEWithLogitsLoss,"ell x, y begin cases",0,1,0,0,0,1
4475,BCEWithLogitsLoss,"operatorname mean l , & text if reduction text mean",0,1,0,0,0,1
4476,BCEWithLogitsLoss,"operatorname sum l , & text if reduction text sum .",0,1,0,0,0,1
4477,BCEWithLogitsLoss,end cases,0,1,0,0,0,1
4478,BCEWithLogitsLoss,this is used for measuring the error of a reconstruction in for example,0,1,0,0,0,1
4479,BCEWithLogitsLoss,an auto encoder.,0,1,0,0,0,1
4480,BCEWithLogitsLoss,note that the targets t i should be numbers,1,1,0,0,0,2
4481,BCEWithLogitsLoss,between 0 and 1.,1,1,0,0,0,2
5505,ResNetBuilder,helper class for constructing residual blocks.,0,0,0,1,0,1
4483,BCEWithLogitsLoss,in the case of multi label classification the loss can be described as,0,1,0,0,0,1
5507,SGD,implements stochastic gradient descent optionally with momentum .,0,0,0,1,0,1
4484,BCEWithLogitsLoss,math,0,1,0,0,0,1
5508,SGD,nesterov momentum is based on the formula from,1,1,0,0,0,2
4485,BCEWithLogitsLoss,"ell c x, y l c l 1,c , dots,l n,c ^ top, quad",0,1,0,0,0,1
5509,SGD,on the importance of initialization and momentum in deep learning .,1,1,0,0,0,2
4486,BCEWithLogitsLoss,"l n,c w n,c left p c y n,c cdot log sigma x n,c",0,1,0,0,0,1
5510,SGD,args,0,0,1,0,0,1
4487,BCEWithLogitsLoss,"1 y n,c cdot log 1 sigma x n,c right ,",0,1,0,0,0,1
5511,SGD,params iterable iterable of parameters to optimize or dicts defining,0,0,1,0,0,1
5512,SGD,parameter groups,0,0,1,0,0,1
5513,SGD,lr float learning rate,0,0,1,0,0,1
5514,SGD,"momentum float, optional momentum factor default 0",0,0,1,0,0,1
5515,SGD,"weight decay float, optional weight decay l2 penalty default 0",0,0,1,0,0,1
5516,SGD,"dampening float, optional dampening for momentum default 0",0,0,1,0,0,1
5517,SGD,"nesterov bool, optional enables nesterov momentum default false",0,0,1,0,0,1
4494,BCEWithLogitsLoss,then pos weight for the class should be equal to math frac 300 100 3 .,0,1,0,0,0,1
4503,BCEWithLogitsLoss,args,0,0,1,0,0,1
4504,BCEWithLogitsLoss,"weight tensor, optional a manual rescaling weight given to the loss",0,0,1,0,0,1
4505,BCEWithLogitsLoss,of each batch element.,0,0,1,0,0,1
4506,BCEWithLogitsLoss,"if given, has to be a tensor of size nbatch .",0,0,1,0,0,1
4507,BCEWithLogitsLoss,"size average bool, optional deprecated see attr reduction .",0,0,1,0,0,1
4508,BCEWithLogitsLoss,"by default,",0,0,1,0,0,1
4509,BCEWithLogitsLoss,the losses are averaged over each loss element in the batch.,0,0,1,0,0,1
4510,BCEWithLogitsLoss,note that for,0,0,1,0,0,1
4511,BCEWithLogitsLoss,"some losses, there are multiple elements per sample.",0,0,1,0,0,1
4512,BCEWithLogitsLoss,if the field attr size average,0,0,1,0,0,1
4513,BCEWithLogitsLoss,"is set to false , the losses are instead summed for each minibatch.",0,0,1,0,0,1
4514,BCEWithLogitsLoss,ignored,0,0,1,0,0,1
4515,BCEWithLogitsLoss,when reduce is false .,0,0,1,0,0,1
4516,BCEWithLogitsLoss,default true,0,0,1,0,0,1
4517,BCEWithLogitsLoss,"reduce bool, optional deprecated see attr reduction .",0,0,1,0,0,1
4519,BCEWithLogitsLoss,losses are averaged or summed over observations for each minibatch depending,0,0,1,0,0,1
4520,BCEWithLogitsLoss,on attr size average .,0,0,1,0,0,1
4521,BCEWithLogitsLoss,"when attr reduce is false , returns a loss per",0,0,1,0,0,1
4522,BCEWithLogitsLoss,batch element instead and ignores attr size average .,0,0,1,0,0,1
4523,BCEWithLogitsLoss,default true,0,0,1,0,0,1
4524,BCEWithLogitsLoss,"reduction string, optional specifies the reduction to apply to the output",0,0,1,0,0,1
4525,BCEWithLogitsLoss,none mean sum .,0,0,1,0,0,1
4526,BCEWithLogitsLoss,"none no reduction will be applied,",0,0,1,0,0,1
4527,BCEWithLogitsLoss,mean the sum of the output will be divided by the number of,0,0,1,0,0,1
4528,BCEWithLogitsLoss,"elements in the output, sum the output will be summed.",0,0,1,0,0,1
4529,BCEWithLogitsLoss,note attr size average,0,0,1,0,0,1
4530,BCEWithLogitsLoss,"and attr reduce are in the process of being deprecated, and in the meantime,",0,0,1,0,0,1
4532,BCEWithLogitsLoss,default mean,0,0,1,0,0,1
4534,BCEWithLogitsLoss,must be a vector with length equal to the number of classes.,0,0,1,0,0,1
4535,BCEWithLogitsLoss,shape,0,0,1,0,0,1
5559,SharedCache,dictionary from multiprocessing handles to storageweakref,0,0,0,1,0,1
4536,BCEWithLogitsLoss,"input math n, where math means, any number of additional dimensions",0,1,1,0,0,2
4537,BCEWithLogitsLoss,"target math n, , same shape as the input",0,1,0,0,0,1
5561,StackedLSTMWithDropout,necessary for iterating through self^layers and dropout support,0,0,0,1,0,1
4538,BCEWithLogitsLoss,output scalar.,0,0,1,0,0,1
4539,BCEWithLogitsLoss,"if attr reduction is none , then math n, , same",0,1,1,0,0,2
5563,StackTransform,transform functor that applies a sequence of transforms tseq,0,0,0,1,0,1
5564,StackTransform,component wise to each submatrix at dim,0,0,0,1,0,1
5565,StackTransform,in a way compatible with func torch^stack .,0,0,0,1,0,1
5577,Subset,subset of a dataset at specified indices.,0,0,0,1,0,1
5578,Subset,arguments,0,0,1,0,0,1
5579,Subset,dataset dataset the whole dataset,0,0,1,0,0,1
5580,Subset,indices sequence indices in the whole set selected for subset,0,0,1,0,0,1
5585,Task,a task is composed of an execution step and zero or more outputs.,0,0,0,1,0,1
5586,Task,"tasks are executed in the context of a taskgroup, which, in turn, can",0,1,0,0,0,1
5587,Task,be run by a session.,0,1,0,0,0,1
5588,Task,task outputs are fetched by the session at the end of the run.,0,1,0,0,0,1
5630,TaskOutput,represents the output of a task.,0,0,0,1,0,1
5635,TestBuiltins,tests for torchscript support of python builtin functions.,0,0,0,1,0,1
5637,TestQuantizedLinear,tests the correctness of the quantized linear and linear relu op.,0,0,0,1,0,1
5639,TestYellowFin,yellowfin an automatic tuner for momentum sgd,0,0,0,1,0,1
5644,TransformerEncoderLayer,"ashish vaswani, noam shazeer, niki parmar, jakob uszkoreit, llion jones, aidan n gomez,",1,0,0,0,0,1
5645,TransformerEncoderLayer,"lukasz kaiser, and illia polosukhin.",1,0,0,0,0,1
5646,TransformerEncoderLayer,2017,1,0,0,0,0,1
5647,TransformerEncoderLayer,attention is all you need.,1,0,0,0,0,1
5648,TransformerEncoderLayer,in advances in,1,0,0,0,0,1
5649,TransformerEncoderLayer,"neural information processing systems, pages 6000 6010.",1,0,0,0,0,1
5650,TransformerEncoderLayer,users may modify or implement,1,0,0,0,0,1
5651,TransformerEncoderLayer,in a different way during application.,1,0,0,0,0,1
5652,TransformerEncoderLayer,args,0,0,1,0,0,1
5653,TransformerEncoderLayer,d model the number of expected features in the input required .,0,0,1,0,0,1
5654,TransformerEncoderLayer,nhead the number of heads in the multiheadattention models required .,0,0,1,0,0,1
5655,TransformerEncoderLayer,dim feedforward the dimension of the feedforward network model default 2048 .,0,0,1,0,0,1
5656,TransformerEncoderLayer,dropout the dropout value default 01 .,0,0,1,0,0,1
5657,TransformerEncoderLayer,"activation the activation function of intermediate layer, relu or gelu default relu .",0,0,1,0,0,1
4638,BuildType,checks build type.,0,0,0,1,0,1
4644,BuildType,arguments,0,0,1,0,0,1
4645,BuildType,cmake build type env str the value of os^environ cmake build type .,0,0,1,0,0,1
4657,Caffe2OperatorTestCase,this class includes all the information needed to benchmark an operator.,0,0,0,1,0,1
5681,Unfold,extracts sliding local blocks from a batched input tensor.,0,0,0,1,0,1
4658,Caffe2OperatorTestCase,op bench it s a user defined class child of caffe2benchmarkbase,0,1,0,0,0,1
4659,Caffe2OperatorTestCase,"which includes input and operator, ^etc",0,1,0,0,0,1
4660,Caffe2OperatorTestCase,"test config a namedtuple includes test name, input shape, tag, run backward.",0,1,0,0,0,1
4661,Caffe2OperatorTestCase,"when run backward is false, the run forward method will be executed, otherwise",0,1,0,0,0,1
4662,Caffe2OperatorTestCase,run backward method will be executed.,0,1,0,0,0,1
4669,ConstantPad3d,pads the input tensor boundaries with a constant value.,0,0,0,1,0,1
4671,ConstantPad3d,args,0,0,1,0,0,1
4672,ConstantPad3d,"padding int, tuple the size of the padding.",0,0,1,0,0,1
5696,Unfold,where math text spatial size is formed by the spatial dimensions,0,1,0,0,0,1
4673,ConstantPad3d,"if is int , uses the same",0,0,1,0,0,1
5697,Unfold,"of attr input math above , and math d is over all spatial",0,1,0,0,0,1
4674,ConstantPad3d,padding in all boundaries.,0,0,1,0,0,1
4675,ConstantPad3d,"if a 6 tuple , uses",0,0,1,0,0,1
4676,ConstantPad3d,"math text padding left , math text padding right ,",0,0,1,0,0,1
4677,ConstantPad3d,"math text padding top , math text padding bottom ,",0,0,1,0,0,1
5701,Unfold,"the attr padding , attr stride and attr dilation arguments specify",0,0,1,0,0,1
4678,ConstantPad3d,"math text padding front , math text padding back",0,0,1,0,0,1
5702,Unfold,how the sliding blocks are retrieved.,0,0,1,0,0,1
5703,Unfold,attr stride controls the stride for the sliding blocks.,0,0,1,0,0,1
5704,Unfold,attr padding controls the amount of implicit zero paddings on both,0,0,1,0,0,1
5705,Unfold,sides for attr padding number of points for each dimension before,0,0,1,0,0,1
5706,Unfold,reshaping.,0,0,1,0,0,1
5707,Unfold,attr dilation controls the spacing between the kernel points also known as the trous algorithm.,0,0,1,0,0,1
5708,Unfold,"it is harder to describe, but this link has a nice visualization of what attr dilation does.",0,0,1,0,0,1
5709,Unfold,args,0,0,1,0,0,1
5710,Unfold,kernel size int or tuple the size of the sliding blocks,0,0,1,0,0,1
5711,Unfold,"stride int or tuple, optional the stride of the sliding blocks in the input",0,0,1,0,0,1
5713,Unfold,default 1,0,0,1,0,0,1
5714,Unfold,"padding int or tuple, optional implicit zero padding to be added on",0,0,1,0,0,1
5715,Unfold,both sides of input.,0,0,1,0,0,1
5716,Unfold,default 0,0,0,1,0,0,1
5717,Unfold,"dilation int or tuple, optional a parameter that controls the",0,0,1,0,0,1
5718,Unfold,stride of elements within the,0,0,1,0,0,1
5719,Unfold,neighborhood.,0,0,1,0,0,1
5720,Unfold,default 1,0,0,1,0,0,1
5721,Unfold,"if attr kernel size , attr dilation , attr padding or",0,0,1,0,0,1
5722,Unfold,"attr stride is an int or a tuple of length 1, their values will be",0,0,1,0,0,1
5724,Unfold,for the case of two input spatial dimensions this operation is sometimes,0,0,1,0,0,1
5725,Unfold,called im2col .,0,0,1,0,0,1
5726,Unfold,note,1,0,0,0,0,1
5727,Unfold,class torch^nn.fold calculates each combined value in the resulting,1,0,0,0,0,1
5728,Unfold,large tensor by summing all values from all containing blocks.,1,0,0,0,0,1
5729,Unfold,class torch^nn.unfold extracts the values in the local blocks by,1,0,0,0,0,1
5730,Unfold,copying from the large tensor.,1,0,0,0,0,1
5731,Unfold,"so, if the blocks overlap, they are not",1,0,0,0,0,1
5732,Unfold,inverses of each other.,1,0,0,0,0,1
4709,Conv3d,applies a 3d convolution over an input signal composed of several input,0,0,0,1,0,1
5733,Unfold,"in general, folding and unfolding operations are related as",1,0,0,0,0,1
4710,Conv3d,planes.,0,0,0,1,0,1
5734,Unfold,follows.,1,0,0,0,0,1
4711,Conv3d,"in the simplest case, the output value of the layer with input size math n, c in , d, h, w",0,1,0,0,0,1
5735,Unfold,consider class torch^nn.fold and,1,0,0,0,0,1
4712,Conv3d,"and output math n, c out , d out , h out , w out can be precisely described as",0,1,0,0,0,1
5736,Unfold,class torch^nn.unfold instances created with the same,1,0,0,0,0,1
4713,Conv3d,math,0,1,0,0,0,1
5737,Unfold,parameters,1,0,0,0,0,1
4714,Conv3d,"out n i, c out j bias c out j",0,1,0,0,0,1
5738,Unfold,fold params dict kernel size .,1,0,0,0,0,1
4715,Conv3d,"sum k 0 ^ c in 1 weight c out j , k star input n i, k",0,1,0,0,0,1
5739,Unfold,", dilation .",1,0,0,0,0,1
5740,Unfold,", padding .",1,0,0,0,0,1
4717,Conv3d,attr stride controls the stride for the cross correlation.,0,0,1,0,0,1
5741,Unfold,", stride .",1,0,0,0,0,1
4718,Conv3d,attr padding controls the amount of implicit zero paddings on both,0,0,1,0,0,1
5742,Unfold,fold nn^fold output size .,1,0,0,0,0,1
4719,Conv3d,sides for attr padding number of points for each dimension.,0,0,1,0,0,1
5743,Unfold,", fold params",1,0,0,0,0,1
4720,Conv3d,attr dilation controls the spacing between the kernel points also known as the trous algorithm.,0,0,1,0,0,1
5744,Unfold,unfold nn^unfold fold params,1,0,0,0,0,1
4721,Conv3d,"it is harder to describe, but this link has a nice visualization of what attr dilation does.",0,0,1,0,0,1
5745,Unfold,then for any supported input tensor the following,1,0,0,0,0,1
4722,Conv3d,attr groups controls the connections between inputs and outputs.,0,0,1,0,0,1
5746,Unfold,equality holds,1,0,0,0,0,1
4723,Conv3d,attr in channels and attr out channels must both be divisible by,0,0,1,0,0,1
5747,Unfold,fold unfold input divisor input,1,0,0,0,0,1
4724,Conv3d,attr groups .,0,0,1,0,0,1
5748,Unfold,where divisor is a tensor that depends only on the shape,1,0,0,0,0,1
5749,Unfold,and dtype of the input,1,0,0,0,0,1
4726,Conv3d,"at groups 1, all inputs are convolved to all outputs.",0,0,0,1,0,1
5750,Unfold,"input ones torch^ones input^shape, dtype input^dtype",1,0,0,0,0,1
4727,Conv3d,"at groups 2, the operation becomes equivalent to having two conv",0,0,0,1,0,1
5751,Unfold,divisor fold unfold input ones,1,0,0,0,0,1
4728,Conv3d,"layers side by side, each seeing half the input channels,",0,0,0,1,0,1
5752,Unfold,"when the divisor tensor contains no zero elements, then",1,0,0,0,0,1
4729,Conv3d,"and producing half the output channels, and both subsequently",0,0,0,1,0,1
5753,Unfold,fold and unfold operations are inverses of each,1,0,0,0,0,1
4730,Conv3d,concatenated.,0,0,0,1,0,1
5754,Unfold,other up to constant divisor .,1,0,0,0,0,1
4731,Conv3d,"at groups attr in channels , each input channel is convolved with",0,0,0,1,0,1
4732,Conv3d,"its own set of filters, of size",0,0,0,1,0,1
4733,Conv3d,math left lfloor frac out channels in channels right rfloor .,0,1,0,1,0,2
4734,Conv3d,"the parameters attr kernel size , attr stride , attr padding , attr dilation can either be",0,0,1,1,0,2
4735,Conv3d,"a single int in which case the same value is used for the depth, height and width dimension",0,0,1,1,0,2
4736,Conv3d,"a tuple of three ints in which case, the first int is used for the depth dimension,",0,0,1,1,0,2
4737,Conv3d,the second int for the height dimension and the third int for the width dimension,0,0,1,1,0,2
4747,Conv3d,"in other words, for an input of size math n, c in , d in , h in , w in ,",0,1,0,0,0,1
4749,Conv3d,"math in channels c in , out channels c in times k, .",0,1,0,0,0,1
4752,Conv3d,args,0,0,1,0,0,1
4753,Conv3d,in channels int number of channels in the input image,0,0,1,0,0,1
4754,Conv3d,out channels int number of channels produced by the convolution,0,0,1,0,0,1
4755,Conv3d,kernel size int or tuple size of the convolving kernel,0,0,1,0,0,1
4756,Conv3d,"stride int or tuple, optional stride of the convolution.",0,0,1,0,0,1
4757,Conv3d,default 1,0,0,1,0,0,1
4758,Conv3d,"padding int or tuple, optional zero padding added to all three sides of the input.",0,0,1,0,0,1
4759,Conv3d,default 0,0,0,1,0,0,1
4760,Conv3d,"padding mode string, optional .",0,0,1,0,0,1
4761,Conv3d,accepted values zeros and circular default zeros,0,0,1,0,0,1
4762,Conv3d,"dilation int or tuple, optional spacing between kernel elements.",0,0,1,0,0,1
4763,Conv3d,default 1,0,0,1,0,0,1
4764,Conv3d,"groups int, optional number of blocked connections from input channels to output channels.",0,0,1,0,0,1
4765,Conv3d,default 1,0,0,1,0,0,1
4766,Conv3d,"bias bool, optional if true , adds a learnable bias to the output.",0,0,1,0,0,1
4767,Conv3d,default true,0,0,1,0,0,1
4769,Conv3d,"input math n, c in , d in , h in , w in",0,1,0,0,0,1
4770,Conv3d,"output math n, c out , d out , h out , w out where",0,1,0,0,0,1
4771,Conv3d,math,0,1,0,0,0,1
4774,Conv3d,math,0,1,0,0,0,1
4777,Conv3d,math,0,1,0,0,0,1
4780,Conv3d,attributes,0,1,0,0,0,1
4781,Conv3d,weight tensor the learnable weights of the module of shape,0,1,0,0,0,1
4784,Conv3d,the values of these weights are sampled from,0,1,0,0,0,1
4786,Conv3d,math k frac 1 c text in prod i 0 ^ 2 text kernel size i,0,1,0,0,0,1
4787,Conv3d,bias tensor the learnable bias of the module of shape out channels .,0,1,0,0,0,1
4788,Conv3d,"if attr bias is true ,",0,1,0,0,0,1
4789,Conv3d,then the values of these weights are,0,1,0,0,0,1
4790,Conv3d,"sampled from math mathcal u sqrt k , sqrt k where",0,1,0,0,0,1
4791,Conv3d,math k frac 1 c text in prod i 0 ^ 2 text kernel size i,0,1,0,0,0,1
5890,UploadTaskGroupBuilder,a simple class to upload checkpoints.,0,0,0,1,0,1
5892,UseOptimizer,context class to allow setting the current context.,0,0,0,1,0,1
4870,ConvReLU3d,a convrelu3d module is a fused module of conv3d and relu,0,0,0,1,0,1
4871,ConvReLU3d,we adopt the same interface as class torch^nn.quantized^conv3d .,0,1,0,0,0,1
4872,ConvReLU3d,note,1,0,0,0,0,1
4873,ConvReLU3d,attributes same as torch^nn.quantized^conv3d,1,1,0,0,0,2
4883,CyclicLR,sets the learning rate of each parameter group according to,0,0,0,1,0,1
4884,CyclicLR,cyclical learning rate policy clr .,0,0,0,1,0,1
4885,CyclicLR,the policy cycles the learning,0,0,0,1,0,1
4886,CyclicLR,"rate between two boundaries with a constant frequency, as detailed in",0,0,0,1,0,1
4887,CyclicLR,the paper cyclical learning rates for training neural networks .,0,0,0,1,0,1
4888,CyclicLR,the distance between the two boundaries can be scaled on a per iteration,0,0,0,1,0,1
4889,CyclicLR,or per cycle basis.,0,0,0,1,0,1
4890,CyclicLR,cyclical learning rate policy changes the learning rate after every batch.,0,1,0,0,0,1
4893,CyclicLR,triangular a basic triangular cycle without amplitude scaling.,0,1,1,0,0,2
4894,CyclicLR,triangular2 a basic triangular cycle that scales initial amplitude by half each cycle.,0,1,1,0,0,2
4896,CyclicLR,at each cycle iteration.,0,1,1,0,0,2
5923,YellowFinOptimizer,yellowfin an automatic tuner for momentum sgd,0,0,0,1,0,1
5005,DeQuantStub,"dequantize stub module, before calibration, this is same as identity,",0,1,0,1,0,2
5006,DeQuantStub,this will be swapped as nnq^dequantize in convert .,0,1,0,1,0,2
5011,DiagonalTensor,a class with torch function and a specific diagonal representation,0,0,0,1,0,1
5017,DiagonalTensor,with the pytorch dispatch system happens via the torch function,0,1,0,0,0,1
5019,DiagonalTensor,diagonaltensor represents a 2d tensor with n rows and columns that has,0,1,0,0,0,1
5020,DiagonalTensor,diagonal entries set to value and all other entries set to zero.,0,1,0,0,0,1
5021,DiagonalTensor,the,0,1,0,0,0,1
5022,DiagonalTensor,main functionality of diagonaltensor is to provide a more compact,0,1,0,0,0,1
5053,EmbeddingBag,"computes sums or means of bags of embeddings, without instantiating the",0,0,0,1,0,1
5054,EmbeddingBag,intermediate embeddings.,0,0,0,1,0,1
5055,EmbeddingBag,"for bags of constant length and no attr per sample weights , this class",1,0,0,0,0,1
5056,EmbeddingBag,"with mode sum is equivalent to class torch^nn.embedding followed by torch^sum dim 0 ,",1,0,0,0,0,1
5057,EmbeddingBag,"with mode mean is equivalent to class torch^nn.embedding followed by torch^mean dim 0 ,",1,0,0,0,0,1
5058,EmbeddingBag,with mode max is equivalent to class torch^nn.embedding followed by torch^max dim 0 .,1,0,0,0,0,1
5059,EmbeddingBag,"however, class torch^nn.embeddingbag is much more time and memory efficient than using a chain of these",1,0,0,0,0,1
5060,EmbeddingBag,operations.,1,0,0,0,0,1
5061,EmbeddingBag,embeddingbag also supports per sample weights as an argument to the forward,1,0,0,0,0,1
5062,EmbeddingBag,pass.,1,0,0,0,0,1
5063,EmbeddingBag,this scales the output of the embedding before performing a weighted,1,0,0,0,0,1
5064,EmbeddingBag,reduction as specified by mode .,1,0,0,0,0,1
5065,EmbeddingBag,"if attr per sample weights is passed, the",1,0,0,0,0,1
5066,EmbeddingBag,"only supported mode is sum , which computes a weighted sum according to",1,0,0,0,0,1
5067,EmbeddingBag,attr per sample weights .,1,0,0,0,0,1
5068,EmbeddingBag,args,0,0,1,0,0,1
5069,EmbeddingBag,num embeddings int size of the dictionary of embeddings,0,0,1,0,0,1
5070,EmbeddingBag,embedding dim int the size of each embedding vector,0,0,1,0,0,1
5071,EmbeddingBag,"max norm float, optional if given, each embedding vector with norm larger than attr max norm",0,0,1,0,0,1
5072,EmbeddingBag,is renormalized to have norm attr max norm .,0,0,1,0,0,1
5073,EmbeddingBag,"norm type float, optional the p of the p norm to compute for the attr max norm option.",0,0,1,0,0,1
5074,EmbeddingBag,default 2 .,0,0,1,0,0,1
5075,EmbeddingBag,"scale grad by freq boolean, optional if given, this will scale gradients by the inverse of frequency of",0,0,1,0,0,1
5076,EmbeddingBag,the words in the mini batch.,0,0,1,0,0,1
5077,EmbeddingBag,default false .,0,0,1,0,0,1
5079,EmbeddingBag,"mode string, optional sum , mean or max .",0,0,1,0,0,1
5080,EmbeddingBag,specifies the way to reduce the bag.,0,0,1,0,0,1
5081,EmbeddingBag,"sum computes the weighted sum, taking attr per sample weights",0,0,1,0,0,1
5082,EmbeddingBag,into consideration.,0,0,1,0,0,1
5083,EmbeddingBag,mean computes the average of the values,0,0,1,0,0,1
5084,EmbeddingBag,"in the bag, max computes the max value over each bag.",0,0,1,0,0,1
5085,EmbeddingBag,default mean,0,0,1,0,0,1
5086,EmbeddingBag,"sparse bool, optional if true , gradient w^r.t. attr weight matrix will be a sparse tensor.",0,0,1,0,0,1
5087,EmbeddingBag,see,0,0,1,0,0,1
5088,EmbeddingBag,notes for more details regarding sparse gradients.,0,0,1,0,0,1
5089,EmbeddingBag,note this option is not,0,0,1,0,0,1
5090,EmbeddingBag,supported when mode max .,0,0,1,0,0,1
5091,EmbeddingBag,attributes,0,1,0,0,0,1
5092,EmbeddingBag,"weight tensor the learnable weights of the module of shape num embeddings, embedding dim",0,1,0,0,0,1
5093,EmbeddingBag,"initialized from math mathcal n 0, 1 .",0,1,0,0,0,1
5094,EmbeddingBag,"inputs attr input longtensor , attr offsets longtensor, optional , and",0,1,0,0,0,1
5095,EmbeddingBag,"attr per index weights tensor, optional",0,1,0,0,0,1
5096,EmbeddingBag,"if attr input is 2d of shape b, n ,",0,1,0,0,0,1
5097,EmbeddingBag,"it will be treated as b bags sequences each of fixed length n , and",0,1,0,0,0,1
5098,EmbeddingBag,this will return b values aggregated in a way depending on the attr mode .,0,1,0,0,0,1
5099,EmbeddingBag,attr offsets is ignored and required to be none in this case.,0,1,0,0,0,1
5100,EmbeddingBag,"if attr input is 1d of shape n ,",0,1,0,0,0,1
5101,EmbeddingBag,it will be treated as a concatenation of multiple bags sequences .,0,1,0,0,0,1
5102,EmbeddingBag,attr offsets is required to be a 1d tensor containing the,0,1,0,0,0,1
5103,EmbeddingBag,starting index positions of each bag in attr input .,0,1,0,0,0,1
5104,EmbeddingBag,"therefore,",0,1,0,0,0,1
5105,EmbeddingBag,"for attr offsets of shape b , attr input will be viewed as",0,1,0,0,0,1
5106,EmbeddingBag,having b bags.,0,1,0,0,0,1
5107,EmbeddingBag,"empty bags ie, having 0 length will have",0,1,0,0,0,1
5108,EmbeddingBag,returned vectors filled by zeros.,0,1,0,0,0,1
5109,EmbeddingBag,"per sample weights tensor, optional a tensor of float double weights, or none",0,1,0,0,0,1
5110,EmbeddingBag,to indicate all weights should be taken to be 1 .,0,1,0,0,0,1
5111,EmbeddingBag,"if specified, attr per sample weights",0,1,0,0,0,1
5112,EmbeddingBag,must have exactly the same shape as input and is treated as having the same,0,1,0,0,0,1
5113,EmbeddingBag,"attr offsets , if those are not none .",0,1,0,0,0,1
5114,EmbeddingBag,only supported for mode sum .,0,1,0,0,0,1
5957,Response,"the class response response object, which contains a",0,0,0,1,0,1
5958,Response,server s response to an http request.,0,0,0,1,0,1
5929,AuthBase,base class that all auth implementations derive from,0,0,0,1,0,1
5931,InvalidHeader,the header value provided was somehow invalid.,0,0,0,1,0,1
5933,PreparedRequest,"the fully mutable class preparedrequest preparedrequest object,",0,0,0,1,0,1
5934,PreparedRequest,containing the exact bytes that will be sent to the server.,0,0,0,1,0,1
5935,PreparedRequest,generated from either a class request request object or manually.,1,0,0,0,0,1
512,MigrationGraph,migrations files can be marked as replacing another set of migrations,0,0,0,0,1,1
513,MigrationGraph,this is to support the squash feature.,0,0,0,0,1,1
514,MigrationGraph,the graph handler isn t responsible,0,0,0,0,1,1
515,MigrationGraph,"for these instead, the code to load them in here should examine the",0,0,0,0,1,1
516,MigrationGraph,migration files and if the replaced migrations are all either unapplied,0,0,0,0,1,1
517,MigrationGraph,"or not present, it should ignore the replaced ones, load in just the",0,0,0,0,1,1
518,MigrationGraph,"replacing migration, and repoint any dependencies that pointed to the",0,0,0,0,1,1
519,MigrationGraph,replaced migrations to point to the replacing one.,0,0,0,0,1,1
18,Atomic,"when it s used as a decorator, call wraps the execution of the",0,0,0,0,1,1
19,Atomic,"decorated function in the instance itself, used as a context manager.",0,1,0,0,1,2
20,Atomic,"when it s used as a context manager, enter creates a transaction or a",0,0,0,0,1,1
21,Atomic,"savepoint, depending on whether a transaction is already in progress, and",0,0,0,0,1,1
22,Atomic,"exit commits the transaction or releases the savepoint on normal exit,",0,0,0,0,1,1
23,Atomic,and rolls back the transaction or to the savepoint on exceptions.,0,0,0,0,1,1
24,Atomic,it s possible to disable the creation of savepoints if the goal is to,0,0,0,0,1,1
25,Atomic,ensure that some code runs within a transaction without creating overhead.,0,0,0,0,1,1
26,Atomic,a stack of savepoints identifiers is maintained as an attribute of the,0,0,0,0,1,1
27,Atomic,connection.,0,0,0,0,1,1
28,Atomic,none denotes the absence of a savepoint.,0,0,0,0,1,1
29,Atomic,this allows reentrancy even if the same atomicwrapper is reused.,0,0,0,0,1,1
554,MigrationLoader,this does mean that this class must also talk to the database as well as,0,0,0,0,1,1
555,MigrationLoader,"to disk, but this is probably fine.",0,0,0,0,1,1
556,MigrationLoader,we re already not just operating,0,0,0,0,1,1
557,MigrationLoader,in memory.,0,0,0,0,1,1
575,MigrationQuestioner,"this base class has a built in noninteractive mode, but the",1,0,0,0,1,2
576,MigrationQuestioner,interactive subclass is what the command line arguments will use.,1,0,0,0,1,2
66,AutoFieldMeta,in many areas django also relies on using isinstance to check for an,0,0,0,0,1,1
67,AutoFieldMeta,automatically generated field as a subclass of autofield.,0,0,0,0,1,1
68,AutoFieldMeta,a new flag needs,0,0,0,0,1,1
69,AutoFieldMeta,to be implemented on field to be used instead.,0,0,0,0,1,1
600,MultiValueDict,"d multivaluedict name adrian , simon , position developer",0,0,0,0,1,1
601,MultiValueDict,d name,0,0,0,0,1,1
602,MultiValueDict,simon,0,0,0,0,1,1
603,MultiValueDict,d^getlist name,0,0,0,0,1,1
605,MultiValueDict,d^getlist doesnotexist,0,0,0,0,1,1
94,BaseCommand,if you are interested in overriding customizing various aspects of,0,0,0,0,1,1
95,BaseCommand,"the command parsing and execution behavior, the normal flow works",0,0,0,0,1,1
96,BaseCommand,as follows,0,0,0,0,1,1
608,MultiValueDict,"d^get lastname , nonexistent",0,0,0,0,1,1
97,BaseCommand,1,0,0,0,0,1,1
609,MultiValueDict,nonexistent,0,0,0,0,1,1
98,BaseCommand,django admin or manage^py loads the command class,0,0,0,0,1,1
610,MultiValueDict,"d^setlist lastname , holovaty , willison",0,0,0,0,1,1
99,BaseCommand,and calls its run from argv method.,0,0,0,0,1,1
100,BaseCommand,2,0,0,0,0,1,1
101,BaseCommand,the run from argv method calls create parser to get,0,0,0,0,1,1
102,BaseCommand,"an argumentparser for the arguments, parses them, performs",0,0,0,0,1,1
103,BaseCommand,any environment changes requested by options like,0,0,0,0,1,1
104,BaseCommand,"pythonpath , and then calls the execute method,",0,0,0,0,1,1
105,BaseCommand,passing the parsed arguments.,0,0,0,0,1,1
106,BaseCommand,3,0,0,0,0,1,1
107,BaseCommand,the execute method attempts to carry out the command by,0,0,0,0,1,1
108,BaseCommand,calling the handle method with the parsed arguments any,0,0,0,0,1,1
109,BaseCommand,output produced by handle will be printed to standard,0,0,0,0,1,1
110,BaseCommand,"output and, if the command is intended to produce a block of",0,0,0,0,1,1
111,BaseCommand,"sql statements, will be wrapped in begin and commit .",0,0,0,0,1,1
112,BaseCommand,4,0,0,0,0,1,1
113,BaseCommand,if handle or execute raised any exception eg,0,0,0,0,1,1
114,BaseCommand,"commanderror , run from argv will instead print an error",0,0,0,0,1,1
115,BaseCommand,message to stderr .,0,0,0,0,1,1
691,Permission,"the permission system is used by the django admin site, but may also be",0,0,0,0,1,1
692,Permission,useful in your own code.,0,0,0,0,1,1
693,Permission,the django admin site uses permissions as follows,0,0,0,0,1,1
694,Permission,the add permission limits the user s ability to view the add form,0,0,0,0,1,1
695,Permission,and add an object.,0,0,0,0,1,1
696,Permission,the change permission limits a user s ability to view the change,0,0,0,0,1,1
697,Permission,"list, view the change form and change an object.",0,0,0,0,1,1
698,Permission,the delete permission limits the ability to delete an object.,0,0,0,0,1,1
699,Permission,the view permission limits the ability to view an object.,0,0,0,0,1,1
219,BCryptSHA256PasswordHasher,this is considered by many to be the most secure algorithm but you,0,0,0,0,1,1
220,BCryptSHA256PasswordHasher,must first install the bcrypt library.,0,0,0,0,1,1
230,BoundWidget,"for example, the following can be used in a",0,0,0,0,1,1
231,BoundWidget,template,0,0,0,0,1,1
232,BoundWidget,% for radio in myform^beatles %,0,0,0,0,1,1
233,BoundWidget,label for radio^id for label,0,0,0,0,1,1
234,BoundWidget,radio^choice label,0,0,0,0,1,1
235,BoundWidget,span class radio radio^tag span,0,0,0,0,1,1
236,BoundWidget,label,0,0,0,0,1,1
237,BoundWidget,% endfor %,0,0,0,0,1,1
753,ReverseGenericManyToOneDescriptor,in the example,0,0,0,0,1,1
754,ReverseGenericManyToOneDescriptor,class post model,0,0,0,0,1,1
755,ReverseGenericManyToOneDescriptor,comments genericrelation comment,0,0,0,0,1,1
756,ReverseGenericManyToOneDescriptor,post^comments is a reversegenericmanytoonedescriptor instance.,0,0,0,0,1,1
288,Combinable,for example f foo f bar .,0,0,0,0,1,1
338,ErrorDict,"the dictionary keys are the field names, and the values are the errors.",0,0,0,0,1,1
873,VariableWrapper,this can be used generally for any other object that should be passed into,0,0,0,0,1,1
874,VariableWrapper,cursor^execute as is.,0,0,0,0,1,1
895,XFrameOptionsMiddleware,"by default, set the x frame options header to sameorigin , meaning the",1,0,0,0,1,2
896,XFrameOptionsMiddleware,response can only be loaded on a frame within the same site.,1,0,0,0,1,2
897,XFrameOptionsMiddleware,to prevent the,1,0,0,0,1,2
898,XFrameOptionsMiddleware,"response from being loaded in a frame in any site, set x frame options in",1,0,0,0,1,2
387,Individual,"it won t be registered with the admin, so the",1,0,0,0,1,2
899,XFrameOptionsMiddleware,your project s django settings to deny .,1,0,0,0,1,2
388,Individual,corresponding raw id widget won t have a magnifying glass link to select,1,0,0,0,1,2
389,Individual,related instances rendering will be called programmatically in this case .,1,0,0,0,1,2
1069,HistoryAccessor,this is intended for use by standalone history tools.,0,0,0,0,1,1
1070,HistoryAccessor,ipython shells use,0,0,0,0,1,1
1071,HistoryAccessor,"historymanager, below, which is a subclass of this.",0,0,0,0,1,1
1110,Magics,"classes providing magic functions need to subclass this class, and they",0,0,0,0,1,1
1111,Magics,must,0,0,0,0,1,1
1112,Magics,use the method decorators @line magic and @cell magic to decorate,0,0,0,0,1,1
1113,Magics,"individual methods as magic functions, and",0,0,0,0,1,1
1114,Magics,use the class decorator @magics class to ensure that the magic,0,0,0,0,1,1
1115,Magics,methods are properly registered at the instance level upon instance,0,0,0,0,1,1
1116,Magics,initialization.,0,0,0,0,1,1
1166,TermColors,this class should be used as a mixin for building color schemes.,0,0,0,0,1,1
1186,YouTubeVideo,"eg to embed the video from https www^youtube.com watch?v foo , you would",0,0,0,0,1,1
1187,YouTubeVideo,do,0,0,0,0,1,1
1188,YouTubeVideo,vid youtubevideo foo,0,0,0,0,1,1
1189,YouTubeVideo,display vid,0,0,0,0,1,1
1190,YouTubeVideo,to start from 30 seconds,0,0,0,0,1,1
1191,YouTubeVideo,"vid youtubevideo abc , start 30",0,0,0,0,1,1
1192,YouTubeVideo,display vid,0,0,0,0,1,1
1193,YouTubeVideo,"to calculate seconds from time as hours, minutes, seconds use",0,0,0,0,1,1
1194,YouTubeVideo,class datetime^timedelta,0,0,0,0,1,1
1195,YouTubeVideo,"start int timedelta hours 1, minutes 46, seconds 40 ^total seconds",0,0,0,0,1,1
1198,YouTubeVideo,"when converting the notebook using nbconvert, a jpeg representation of the video",0,0,0,0,1,1
1199,YouTubeVideo,will be inserted in the document.,0,0,0,0,1,1
956,Audio,examples,0,0,0,0,1,1
957,Audio,# generate a sound,0,0,0,0,1,1
958,Audio,import numpy as np,0,0,0,0,1,1
959,Audio,framerate 44100,0,0,0,0,1,1
960,Audio,"t np^linspace 0,5,framerate 5",0,0,0,0,1,1
961,Audio,data np^sin 2 np^pi 220 t np^sin 2 np^pi 224 t,0,0,0,0,1,1
962,Audio,"audio data,rate framerate",0,0,0,0,1,1
963,Audio,# can also do stereo or more channels,0,0,0,0,1,1
964,Audio,dataleft np^sin 2 np^pi 220 t,0,0,0,0,1,1
965,Audio,dataright np^sin 2 np^pi 224 t,0,0,0,0,1,1
966,Audio,"audio dataleft, dataright ,rate framerate",0,0,0,0,1,1
967,Audio,audio http www^nch.com^au acm 8k16bitpcm^wav # from url,0,0,0,0,1,1
968,Audio,audio url http www^w3schools^com html horse^ogg,0,0,0,0,1,1
969,Audio,audio path to sound^wav # from file,0,0,0,0,1,1
970,Audio,audio filename path to sound^ogg,0,0,0,0,1,1
971,Audio,audio b raw wav data.,0,0,0,0,1,1
972,Audio,.,0,0,0,0,1,1
973,Audio,# from bytes,0,0,0,0,1,1
974,Audio,audio data b raw wav data.,0,0,0,0,1,1
975,Audio,.,0,0,0,0,1,1
1288,ConfigDict,examples,0,0,0,0,1,1
1289,ConfigDict,pot configdict rules potatoes how many potatoes?,0,0,0,0,1,1
1290,ConfigDict,", int , 0 ,",0,0,0,0,1,1
1291,ConfigDict,carrots how many carrots?,0,0,0,0,1,1
1292,ConfigDict,", int, 99 ,",0,0,0,0,1,1
1293,ConfigDict,"liquids fluids we like , false,",0,0,0,0,1,1
1294,ConfigDict,"water liters , int, 0 ,",0,0,0,0,1,1
1295,ConfigDict,"vodka liters , int, 12",0,0,0,0,1,1
1296,ConfigDict,",",0,0,0,0,1,1
1297,ConfigDict,"tags tags , c c , int, 0 ,",0,0,0,0,1,1
1298,ConfigDict,"x x , str, , ,",0,0,0,0,1,1
1299,ConfigDict,"colors colors , red , blue ,",0,0,0,0,1,1
1300,ConfigDict,"sorted pot^keys , sorted pot^values",0,0,0,0,1,1
1301,ConfigDict,"colors , liquids , tags , , ,",0,0,0,0,1,1
1302,ConfigDict,pot potatoes pot liquids vodka 123,0,0,0,0,1,1
1303,ConfigDict,pot potatoes,0,0,0,0,1,1
1304,ConfigDict,123,0,0,0,0,1,1
1305,ConfigDict,pot liquids vodka,0,0,0,0,1,1
1306,ConfigDict,123,0,0,0,0,1,1
1307,ConfigDict,pot carrots,0,0,0,0,1,1
1308,ConfigDict,99,0,0,0,0,1,1
1309,ConfigDict,pot^walk liquids^vodka,0,0,0,0,1,1
1310,ConfigDict,123,0,0,0,0,1,1
1311,ConfigDict,"pot^walk liquids vodka , parent true",0,0,0,0,1,1
1312,ConfigDict,", vodka",0,0,0,0,1,1
1313,ConfigDict,pot colors ^append red,0,0,0,0,1,1
1314,ConfigDict,0,0,0,0,0,1,1
1315,ConfigDict,"pot colors ^extend blue , red , red",0,0,0,0,1,1
1316,ConfigDict,pot colors,0,0,0,0,1,1
1317,ConfigDict,"red , blue , red , red",0,0,0,0,1,1
1319,ConfigDict,0,0,0,0,0,1,1
1320,ConfigDict,pot tags 0 c,0,0,0,0,1,1
1321,ConfigDict,123,0,0,0,0,1,1
1322,ConfigDict,pot tags ^append z invalid,0,0,0,0,1,1
1323,ConfigDict,traceback most recent call last,0,0,0,0,1,1
1324,ConfigDict,valueerror invalid value for config tags 1 .,0,0,0,0,1,1
1326,ConfigDict,traceback most recent call last,0,0,0,0,1,1
1327,ConfigDict,invalidkeyerror invalid key for config evil,0,0,0,0,1,1
1329,ConfigDict,traceback most recent call last,0,0,0,0,1,1
1330,ConfigDict,invalidkeyerror invalid key for config liquids evil,0,0,0,0,1,1
1332,ConfigDict,traceback most recent call last,0,0,0,0,1,1
1333,ConfigDict,valueerror invalid value for config potatoes moo,0,0,0,0,1,1
1335,ConfigDict,traceback most recent call last,0,0,0,0,1,1
1336,ConfigDict,configvalueerror invalid value for config colors 4 green,0,0,0,0,1,1
1337,ConfigDict,pot^rules potatoes,0,0,0,0,1,1
1338,ConfigDict,how many potatoes?,0,0,0,0,1,1
1339,ConfigDict,", type int , 0",0,0,0,0,1,1
1340,ConfigDict,"isinstance pot liquids , configdict",0,0,0,0,1,1
1341,ConfigDict,TRUE,0,0,0,0,1,1
1216,_MockPOP3,"pm pop3mailbox localhost , user bad , conn cls mockpop3",0,0,0,0,1,1
1217,_MockPOP3,traceback most recent call last,0,0,0,0,1,1
1218,_MockPOP3,accesserror,0,0,0,0,1,1
1219,_MockPOP3,"pm pop3mailbox localhost , user a , password b ,",0,0,0,0,1,1
1220,_MockPOP3,conn cls mockpop3,0,0,0,0,1,1
1221,_MockPOP3,pm^stat,0,0,0,0,1,1
1222,_MockPOP3,"2, 123456",0,0,0,0,1,1
1478,StorageBackedLongs,storage sbl x01 x00 x00 x00 x00 x00 x00 x00,0,0,0,0,1,1
1223,_MockPOP3,pm^iterkeys,0,0,0,0,1,1
1479,StorageBackedLongs,"sbl storagebackedlongs storage, sbl",0,0,0,0,1,1
1224,_MockPOP3,"evil , good",0,0,0,0,1,1
1480,StorageBackedLongs,1 in sbl,0,0,0,0,1,1
1225,_MockPOP3,"evil in pm, bogon in pm",0,0,0,0,1,1
1481,StorageBackedLongs,TRUE,0,0,0,0,1,1
1226,_MockPOP3,"true, false",0,0,0,0,1,1
1482,StorageBackedLongs,sbl^append 2,0,0,0,0,1,1
1227,_MockPOP3,msg subject for msg in pm,0,0,0,0,1,1
1483,StorageBackedLongs,sbl^save,0,0,0,0,1,1
1228,_MockPOP3,"msg 1 , msg 2",0,0,0,0,1,1
1484,StorageBackedLongs,"unpacklonglist storage sbl 1, 2",0,0,0,0,1,1
1229,_MockPOP3,"pm^get msg size evil , pm^get msg size good",0,0,0,0,1,1
1485,StorageBackedLongs,TRUE,0,0,0,0,1,1
1230,_MockPOP3,"47, 51",0,0,0,0,1,1
1231,_MockPOP3,pm^get bytes evil,0,0,0,0,1,1
1232,_MockPOP3,"from test@mailpile^is nsubject msg 1 n noh, hi!",0,0,0,0,1,1
1233,_MockPOP3,n,0,0,0,0,1,1
1235,_MockPOP3,from,0,0,0,0,1,1
1236,_MockPOP3,pm invalid key,0,0,0,0,1,1
1237,_MockPOP3,traceback most recent call last,0,0,0,0,1,1
1238,_MockPOP3,keyerror .,0,0,0,0,1,1
1504,VCardStore,# vcards are added to the collection using add vcard.,0,0,0,0,1,1
1505,VCardStore,this will,0,0,0,0,1,1
1506,VCardStore,"# create a file for the card on disk, using a random name.",0,0,0,0,1,1
1507,VCardStore,"vcs^add vcards mailpilevcard vcardline fn dude ,",0,0,0,0,1,1
1508,VCardStore,"vcardline email d@evil^com ,",0,0,0,0,1,1
1509,VCardStore,mailpilevcard vcardline fn guy,0,0,0,0,1,1
1510,VCardStore,vcards can be looked up directly by e mail.,0,0,0,0,1,1
1511,VCardStore,vcs^get vcard d@evil^com ^fn,0,0,0,0,1,1
1512,VCardStore,u dude,0,0,0,0,1,1
1513,VCardStore,vcs^get vcard nosuch@email^address is none,0,0,0,0,1,1
1514,VCardStore,TRUE,0,0,0,0,1,1
1515,VCardStore,or they can be found using searches.,0,0,0,0,1,1
1516,VCardStore,vcs^find vcards guy 0 ^fn,0,0,0,0,1,1
1517,VCardStore,u guy,0,0,0,0,1,1
1518,VCardStore,cards can be removed using del vcards,0,0,0,0,1,1
1519,VCardStore,vcs^del vcards vcs^get vcard d@evil^com,0,0,0,0,1,1
1520,VCardStore,vcs^get vcard d@evil^com is none,0,0,0,0,1,1
1521,VCardStore,TRUE,0,0,0,0,1,1
1522,VCardStore,vcs^del vcards vcs^find vcards guy,0,0,0,0,1,1
1523,VCardStore,vcs^find vcards guy,0,0,0,0,1,1
1577,BooleanArray,booleanarray implements kleene logic sometimes called three value,0,0,0,0,1,1
1580,BooleanArray,"to construct an booleanarray from generic array like input, use",0,0,0,0,1,1
1581,BooleanArray,func pandas^array specifying dtype boolean see examples,0,1,0,0,1,2
1585,BooleanArray,booleanarray is considered experimental.,0,1,0,0,1,2
1601,BooleanArray,booleanarray,0,1,0,0,1,2
1602,BooleanArray,examples,0,0,0,0,1,1
1603,BooleanArray,create an booleanarray with func pandas^array,0,1,0,0,1,2
1604,BooleanArray,"pd^array true, false, none , dtype boolean",0,1,0,0,1,2
1605,BooleanArray,booleanarray,0,1,0,0,1,2
1606,BooleanArray,"true, false, na",0,0,0,0,1,1
1607,BooleanArray,"length 3, dtype boolean",0,0,0,0,1,1
1666,CategoricalDtype,examples,0,0,0,0,1,1
1667,CategoricalDtype,"t pd^categoricaldtype categories b , a , ordered true",0,1,0,0,1,2
1668,CategoricalDtype,"pd^series a , b , a , c , dtype t",0,0,0,0,1,1
1669,CategoricalDtype,12:00 AM,0,0,0,0,1,1
1670,CategoricalDtype,1 b,0,0,0,0,1,1
1671,CategoricalDtype,2:00 AM,0,0,0,0,1,1
1672,CategoricalDtype,3 nan,0,0,0,0,1,1
1673,CategoricalDtype,dtype category,0,0,0,0,1,1
1674,CategoricalDtype,"categories 2, object b a",0,1,0,0,1,2
2248,StringArray,stringarray is considered experimental.,0,0,0,0,1,1
1751,CategoricalIndex,if an explicit ordered true is given but no categories and the,0,1,0,0,1,2
2270,StringArray,a stringarray.,0,0,0,0,1,1
1761,CategoricalIndex,examples,0,0,0,0,1,1
2273,StringArray,examples,0,0,0,0,1,1
1762,CategoricalIndex,"pd^categoricalindex a , b , c , a , b , c",0,0,0,0,1,1
2274,StringArray,"pd^array this is , some text , none, data.",0,1,0,0,1,2
1763,CategoricalIndex,"categoricalindex a , b , c , a , b , c , categories a , b , c , ordered false, dtype category # noqa",0,1,0,0,1,2
2275,StringArray,", dtype string",0,0,0,0,1,1
1764,CategoricalIndex,categoricalindex can also be instantiated from a categorical,0,0,0,0,1,1
2276,StringArray,stringarray,0,0,0,0,1,1
1765,CategoricalIndex,"c pd^categorical a , b , c , a , b , c",0,0,0,0,1,1
2277,StringArray,"this is , some text , na, data.",0,0,0,0,1,1
1766,CategoricalIndex,pd^categoricalindex c,0,0,0,0,1,1
1767,CategoricalIndex,"categoricalindex a , b , c , a , b , c , categories a , b , c , ordered false, dtype category # noqa",0,1,0,0,1,2
1768,CategoricalIndex,ordered categoricalindex can have a min and max value.,0,1,0,0,1,2
2280,StringArray,values.,0,0,0,0,1,1
1770,CategoricalIndex,"categories c , b , a",0,1,0,0,1,2
2282,StringArray,traceback most recent call last,0,0,0,0,1,1
1771,CategoricalIndex,ci,0,0,0,0,1,1
2284,StringArray,"for comparison methods, this returns a class pandas^booleanarray",0,1,0,0,1,2
1774,CategoricalIndex,c,0,0,0,0,1,1
2286,StringArray,booleanarray,0,0,0,0,1,1
2287,StringArray,"true, na, false",0,0,0,0,1,1
2327,StringMethods,examples,0,0,0,0,1,1
2328,StringMethods,s^str.split,0,0,0,0,1,1
2329,StringMethods,"s^str.replace ,",0,0,0,0,1,1
1877,IntegerArray,"integerarray is currently experimental, and its api or internal",0,1,0,0,1,2
1879,IntegerArray,we represent an integerarray with 2 numpy arrays,1,0,0,0,1,2
1883,IntegerArray,func pandas^array with one of the integer dtypes see examples .,1,1,0,0,1,3
1897,IntegerArray,integerarray,0,1,0,0,1,2
1898,IntegerArray,examples,0,0,0,0,1,1
1900,IntegerArray,"int array pd^array 1, none, 3 , dtype pd^int32dtype",0,1,0,0,1,2
1901,IntegerArray,int array,0,0,0,0,1,1
1902,IntegerArray,integerarray,0,1,0,0,1,2
1903,IntegerArray,"1, nan, 3",0,0,0,0,1,1
1904,IntegerArray,"length 3, dtype int32",0,0,0,0,1,1
1905,IntegerArray,string aliases for the dtypes are also available.,0,0,0,0,1,1
1906,IntegerArray,they are capitalized.,0,0,0,0,1,1
1907,IntegerArray,"pd^array 1, none, 3 , dtype int32",0,1,0,0,1,2
1908,IntegerArray,integerarray,0,1,0,0,1,2
1909,IntegerArray,"1, nan, 3",0,0,0,0,1,1
1910,IntegerArray,"length 3, dtype int32",0,0,0,0,1,1
1911,IntegerArray,"pd^array 1, none, 3 , dtype uint16",0,1,0,0,1,2
1912,IntegerArray,integerarray,0,1,0,0,1,2
1913,IntegerArray,"1, nan, 3",0,0,0,0,1,1
1914,IntegerArray,"length 3, dtype uint16",0,0,0,0,1,1
1967,IntervalDtype,examples,0,0,0,0,1,1
1968,IntervalDtype,pd^intervaldtype subtype int64,0,1,0,0,1,2
1969,IntervalDtype,interval int64,0,0,0,0,1,1
1985,PlotAccessor,uses the backend specified by the,1,0,0,0,1,2
1987,PlotAccessor,"by default, matplotlib is used.",1,0,0,0,1,2
3079,Markup,"markup hello, em world em !",1,0,0,0,1,2
3080,Markup,"markup hello, em world em !",1,0,0,0,1,2
3081,Markup,markup 42,1,0,0,0,1,2
3082,Markup,markup 42,1,0,0,0,1,2
3083,Markup,"markup^escape hello, em world em !",1,0,0,0,1,2
3084,Markup,markup hello &lt em&gt world&lt em&gt !,1,0,0,0,1,2
3085,Markup,this implements the html interface that some frameworks,1,0,0,0,1,2
3086,Markup,use.,1,0,0,0,1,2
3087,Markup,passing an object that implements html will wrap the,1,0,0,0,1,2
3088,Markup,"output of that method, marking it safe.",1,0,0,1,1,3
3089,Markup,class foo,1,0,0,0,1,2
3090,Markup,def html self,1,0,0,0,1,2
3091,Markup,return a href foo foo a,1,0,0,0,1,2
3092,Markup,markup foo,1,0,0,0,1,2
4117,TreeBuilder,documentclass the class to use for the bottommost node of a document,0,0,0,0,1,1
3093,Markup,markup a href foo foo a,1,0,0,0,1,2
4118,TreeBuilder,elementclass the class to use for html elements,0,0,0,0,1,1
3094,Markup,"this is a subclass of the text type str in python 3,",1,0,0,0,1,2
4119,TreeBuilder,commentclass the class to use for comments,0,0,0,0,1,1
3095,Markup,unicode in python 2 .,1,0,0,0,1,2
4120,TreeBuilder,doctypeclass the class to use for doctypes,0,0,0,0,1,1
3096,Markup,"it has the same methods as that type, but",1,0,0,0,1,2
3097,Markup,all methods escape their arguments and return a markup instance.,1,0,0,0,1,2
3098,Markup,markup em %s em % foo & bar,1,0,0,0,1,2
3099,Markup,markup em foo &amp bar em,1,0,0,0,1,2
3100,Markup,markup em hello em foo,1,0,0,0,1,2
3101,Markup,markup em hello em &lt foo&gt,1,0,0,0,1,2
4133,UnlockError,try,0,0,0,0,1,1
4134,UnlockError,raise unlockerror,0,0,0,0,1,1
4135,UnlockError,except error,0,0,0,0,1,1
4136,UnlockError,pass,0,0,0,0,1,1
3176,MemcachedBytecodeCache,the minimal interface for the client passed to the constructor is this,0,0,0,0,1,1
3177,MemcachedBytecodeCache,class minimalclientinterface,0,0,0,0,1,1
3178,MemcachedBytecodeCache,"method set key, value , timeout",0,0,0,0,1,1
3179,MemcachedBytecodeCache,stores the bytecode in the cache.,0,0,0,0,1,1
3180,MemcachedBytecodeCache,value is a string and,0,0,0,0,1,1
3181,MemcachedBytecodeCache,timeout the timeout of the key.,0,0,0,0,1,1
3182,MemcachedBytecodeCache,if timeout is not provided,0,0,0,0,1,1
3183,MemcachedBytecodeCache,"a default timeout or no timeout should be assumed, if it s",0,0,0,0,1,1
3184,MemcachedBytecodeCache,provided it s an integer with the number of seconds the cache,0,0,0,0,1,1
3185,MemcachedBytecodeCache,item should exist.,0,0,0,0,1,1
3186,MemcachedBytecodeCache,method get key,0,0,0,0,1,1
3187,MemcachedBytecodeCache,returns the value for the cache key.,0,0,0,0,1,1
3188,MemcachedBytecodeCache,if the item does not,0,0,0,0,1,1
3189,MemcachedBytecodeCache,exist in the cache the return value must be none .,0,0,0,0,1,1
3190,MemcachedBytecodeCache,the other arguments to the constructor are the prefix for all keys that,0,0,0,0,1,1
3191,MemcachedBytecodeCache,is added before the actual cache key and the timeout for the bytecode in,0,0,0,0,1,1
3192,MemcachedBytecodeCache,the cache system.,0,0,0,0,1,1
3193,MemcachedBytecodeCache,we recommend a high or no timeout.,0,0,0,0,1,1
3232,MethodDispatcher,a default value which can be set through the default attribute.,0,1,0,0,1,2
3260,NotAny,notany always returns,0,0,0,0,1,1
3261,NotAny,a null token list.,0,0,0,0,1,1
3262,NotAny,may be constructed using the operator.,0,0,0,0,1,1
3263,NotAny,example,0,0,0,0,1,1
3264,NotAny,"and, or, not map caselesskeyword, and or not ^split",0,0,0,0,1,1
3265,NotAny,# take care not to mistake keywords for identifiers,0,0,0,0,1,1
3266,NotAny,ident and or not word alphas,0,0,0,0,1,1
3267,NotAny,boolean term optional not ident,0,0,0,0,1,1
3268,NotAny,# very crude boolean expression to support parenthesis groups and,0,0,0,0,1,1
3269,NotAny,"# operation hierarchy, use infixnotation",0,0,0,0,1,1
3270,NotAny,boolean expr boolean term zeroormore and or boolean term,0,0,0,0,1,1
3271,NotAny,# integers that are followed by .,0,0,0,0,1,1
3272,NotAny,are actually floats,0,0,0,0,1,1
3273,NotAny,integer word nums char .,0,0,0,0,1,1
3295,NotMyLock,try,0,0,0,0,1,1
3296,NotMyLock,raise notmylock,0,0,0,0,1,1
3297,NotMyLock,except unlockerror,0,0,0,0,1,1
3298,NotMyLock,pass,0,0,0,0,1,1
3321,omdict,"get , setdefault , pop , popitem ,",0,0,0,0,1,1
3322,omdict,"clear , copy , update , fromkeys , len",0,0,0,0,1,1
3323,omdict,"getitem , setitem , delitem , contains ,",0,0,0,0,1,1
3324,omdict,"items , keys , values , iteritems , iterkeys , itervalues ,",0,0,0,0,1,1
3325,omdict,"optional parameters have been added to some dict methods, but because the",0,0,0,0,1,1
3326,omdict,"added parameters are optional, existing use remains unaffected.",0,0,0,0,1,1
3327,omdict,an optional,0,0,0,0,1,1
3328,omdict,key parameter has been added to these methods,0,0,0,0,1,1
3329,omdict,"items , values , iteritems , itervalues",0,0,0,0,1,1
3330,omdict,new methods have also been added to omdict.,0,0,0,0,1,1
3331,omdict,methods with list in their,0,0,0,0,1,1
3332,omdict,"name interact with lists of values, and methods with all in their name",0,0,0,0,1,1
3333,omdict,"interact with all items in the dictionary, including multiple items with",0,0,0,0,1,1
3334,omdict,the same key.,0,1,0,1,1,3
3335,omdict,the new omdict methods are,0,0,0,0,1,1
3336,omdict,"load , size , reverse ,",0,0,0,0,1,1
3337,omdict,"getlist , add , addlist , set , setlist , setdefaultlist ,",0,0,0,0,1,1
3338,omdict,"poplist , popvalue , popvalues , popitem , poplistitem ,",0,0,0,0,1,1
3339,omdict,"allitems , allkeys , allvalues , lists , listitems ,",0,0,0,0,1,1
3340,omdict,"iterallitems , iterallkeys , iterallvalues , iterlists ,",0,0,0,0,1,1
3341,omdict,iterlistitems,0,0,0,0,1,1
3387,Option,all other parameters are passed onwards to the parameter constructor.,0,0,0,0,1,1
2387,And,example,0,0,0,0,1,1
2388,And,integer word nums,0,0,0,0,1,1
2389,And,name expr oneormore word alphas,0,0,0,0,1,1
2390,And,"expr and integer id ,name expr name ,integer age",0,0,0,0,1,1
2391,And,# more easily written as,0,0,0,0,1,1
2392,And,expr integer id name expr name integer age,0,0,0,0,1,1
2409,Argument,they generally,0,0,0,0,1,1
2410,Argument,provide fewer features than options but can have infinite nargs,0,0,0,0,1,1
2411,Argument,and are required by default.,0,0,0,0,1,1
2450,CaseInsensitiveDict,"however, querying and contains",0,0,0,0,1,1
2451,CaseInsensitiveDict,testing is case insensitive,0,0,0,0,1,1
2452,CaseInsensitiveDict,cid caseinsensitivedict,0,0,0,0,1,1
2453,CaseInsensitiveDict,cid accept application json,0,0,0,0,1,1
2455,CaseInsensitiveDict,list cid accept # true,0,0,0,0,1,1
2456,CaseInsensitiveDict,"for example, headers content encoding will return the",0,0,0,0,1,1
2457,CaseInsensitiveDict,"value of a content encoding response header, regardless",0,0,0,0,1,1
2458,CaseInsensitiveDict,of how the header name was originally stored.,0,0,0,0,1,1
2459,CaseInsensitiveDict,"if the constructor, ^update , or equality comparison",0,0,0,0,1,1
2460,CaseInsensitiveDict,"operations are given keys that have equal ^lower s, the",0,0,0,0,1,1
2461,CaseInsensitiveDict,behavior is undefined.,0,0,0,0,1,1
3508,ParseResults,the parsed data,0,0,0,1,1,2
3509,ParseResults,as a list len results,0,0,0,0,1,1
3510,ParseResults,"by list index results 0 , results 1 , etc",0,0,0,0,1,1
3511,ParseResults,by attribute results.,0,0,0,0,1,1
3512,ParseResults,resultsname see class parserelement^setresultsname,0,0,0,0,1,1
3513,ParseResults,example,1,0,0,0,1,2
3514,ParseResults,integer word nums,1,0,0,0,1,2
3515,ParseResults,date str integer^setresultsname year,1,0,0,0,1,2
3516,ParseResults,integer^setresultsname month,1,0,0,0,1,2
3517,ParseResults,integer^setresultsname day,1,0,0,0,1,2
3518,ParseResults,# equivalent form,1,0,0,0,1,2
3519,ParseResults,# date str integer year integer month integer day,1,0,0,0,1,2
3520,ParseResults,# parsestring returns a parseresults object,1,0,0,0,1,2
3521,ParseResults,result date str^parsestring 1999 12 31,1,0,0,0,1,2
3522,ParseResults,"def test s, fn repr",1,0,0,0,1,2
3523,ParseResults,"print %s %s % s, fn eval s",1,0,0,0,1,2
3524,ParseResults,test list result,1,0,0,0,1,2
3525,ParseResults,test result 0,1,0,0,0,1,2
3526,ParseResults,test result month,1,0,0,0,1,2
3527,ParseResults,test result^day,1,0,0,0,1,2
3528,ParseResults,test month in result,1,0,0,0,1,2
3529,ParseResults,test minutes in result,1,0,0,0,1,2
3530,ParseResults,"test result^dump , str",1,0,0,0,1,2
3531,ParseResults,prints,0,0,0,0,1,1
3532,ParseResults,"list result 1999 , , 12 , , 31",0,0,0,0,1,1
3533,ParseResults,result 0 1999,0,0,0,0,1,1
3534,ParseResults,result month 12,0,0,0,0,1,1
3535,ParseResults,result^day 31,0,0,0,0,1,1
3536,ParseResults,month in result true,0,0,0,0,1,1
3537,ParseResults,minutes in result false,0,0,0,0,1,1
3538,ParseResults,"result^dump 1999 , , 12 , , 31",0,0,0,0,1,1
3539,ParseResults,day 31,0,0,0,0,1,1
3540,ParseResults,month 12,0,0,0,0,1,1
3541,ParseResults,year 1999,0,0,0,0,1,1
2558,Distribution,"either way, it must have some metadata, so that s all that s needed",0,0,0,0,1,1
2559,Distribution,for construction.,0,0,0,0,1,1
3676,PoolManager,example,0,0,0,0,1,1
3677,PoolManager,manager poolmanager num pools 2,0,0,0,0,1,1
3678,PoolManager,"r manager^request get , http google^com",0,0,0,0,1,1
3680,PoolManager,"r manager^request get , http yahoo^com",0,0,0,0,1,1
3681,PoolManager,len manager^pools,0,0,0,0,1,1
3701,PrefixLoader,the prefix is delimited from the template by a slash per,0,1,0,0,1,2
3702,PrefixLoader,"default, which can be changed by setting the delimiter argument to",0,1,0,0,1,2
3703,PrefixLoader,something else,0,1,0,0,1,2
3704,PrefixLoader,loader prefixloader,0,0,0,0,1,1
3705,PrefixLoader,"app1 packageloader mypackage^app1 ,",0,0,0,0,1,1
3706,PrefixLoader,app2 packageloader mypackage^app2,0,0,0,0,1,1
3707,PrefixLoader,"by loading app1 index^html the file from the app1 package is loaded,",0,0,0,0,1,1
3708,PrefixLoader,by loading app2 index^html the file from the second.,0,0,0,0,1,1
3748,Request,usage,0,0,0,0,1,1
3749,Request,import requests,0,0,0,0,1,1
3750,Request,"req requests^request get , https httpbin^org get",0,0,0,0,1,1
3751,Request,req^prepare,0,0,0,0,1,1
3752,Request,preparedrequest get,0,0,0,0,1,1
3802,ResponseError,used as a container for an error reason supplied in a maxretryerror.,0,0,0,0,1,1
3804,ResponseNotChunked,response needs to be chunked in order to read it as chunks.,0,0,0,0,1,1
3809,Retry,retries can be defined as a default for a pool,0,0,0,0,1,1
3810,Retry,"retries retry connect 5, read 2, redirect 5",0,0,0,0,1,1
3811,Retry,http poolmanager retries retries,0,0,0,0,1,1
3812,Retry,"response http^request get , http example^com",0,0,0,0,1,1
3813,Retry,or per request which overrides the default for the pool,0,0,0,0,1,1
3815,Retry,retries can be disabled by passing false,0,0,0,0,1,1
2818,fdspawn,"for example, you could use it to read through a file looking",0,0,0,0,1,1
2819,fdspawn,"for patterns, or to control a modem or serial device.",0,0,0,0,1,1
2825,FileMetadata,usage,0,0,0,0,1,1
2826,FileMetadata,metadata filemetadata path to pkg info,0,0,0,0,1,1
2831,FileMetadata,usage,0,0,0,0,1,1
2832,FileMetadata,metadata filemetadata path to pkg info,0,0,0,0,1,1
2851,FileSystemLoader,"the loader takes the path to the templates as string, or if multiple",0,0,0,0,1,1
2852,FileSystemLoader,locations are wanted a list of them which is then looked up in the,0,0,0,0,1,1
2853,FileSystemLoader,given order,0,0,0,0,1,1
2854,FileSystemLoader,loader filesystemloader path to templates,0,0,0,0,1,1
2856,FileSystemLoader,per default the template encoding is utf 8 which can be changed,0,0,0,0,1,1
2857,FileSystemLoader,by setting the encoding parameter to something else.,0,0,0,0,1,1
2858,FileSystemLoader,"to follow symbolic links, set the followlinks parameter to true",0,0,0,0,1,1
2859,FileSystemLoader,"loader filesystemloader path to templates , followlinks true",0,0,0,0,1,1
2878,FollowedBy,followedby does not advance the parsing position within,1,0,0,0,1,2
2879,FollowedBy,"the input string, it only verifies that the specified parse",1,0,0,1,1,3
2880,FollowedBy,expression matches at the current position.,1,0,0,1,1,3
2881,FollowedBy,followedby,1,0,0,1,1,3
2882,FollowedBy,always returns a null token list.,1,0,0,1,1,3
2883,FollowedBy,if any results names are defined,1,1,0,0,1,3
2884,FollowedBy,"in the lookahead expression, those will be returned for access by",1,1,0,0,1,3
2885,FollowedBy,name.,1,1,0,0,1,3
2886,FollowedBy,example,0,0,0,0,1,1
2888,FollowedBy,data word word alphas,0,0,0,0,1,1
2890,FollowedBy,"attr expr group label suppress oneormore data word, stopon label ^setparseaction ^join",0,0,0,0,1,1
2891,FollowedBy,oneormore attr expr ^parsestring shape square color black posn upper left ^pprint,0,0,0,0,1,1
2892,FollowedBy,prints,0,0,0,0,1,1
2893,FollowedBy,"shape , square , color , black , posn , upper left",0,0,0,0,1,1
2927,Getattr,get an attribute or item from an expression that is a ascii only,0,0,0,0,1,1
2928,Getattr,bytestring and prefer the attribute.,0,0,0,0,1,1
2940,HebrewProber,with the scores of the two sbcharsetprobers to produce a final answer.,0,0,0,0,1,1
2951,HebrewProber,built.,0,0,0,0,1,1
3992,Session,basic usage,0,0,0,0,1,1
3993,Session,import requests,0,0,0,0,1,1
3994,Session,s requests^session,0,0,0,0,1,1
3995,Session,s^get https httpbin^org get,0,0,0,0,1,1
3996,Session,response 200,0,0,0,0,1,1
3997,Session,or as a context manager,0,0,0,0,1,1
3998,Session,with requests^session as s,0,0,0,0,1,1
3999,Session,s^get https httpbin^org get,0,0,0,0,1,1
4000,Session,response 200,0,0,0,0,1,1
4023,SkipTo,example,0,0,0,0,1,1
4024,SkipTo,report,0,0,0,0,1,1
4026,SkipTo,# severity description days open,0,0,0,0,1,1
4027,SkipTo,101 critical intermittent system crash 6,0,0,0,0,1,1
4028,SkipTo,94 cosmetic spelling error on login log n 14,0,0,0,0,1,1
4030,SkipTo,integer word nums,0,0,0,0,1,1
4031,SkipTo,sep suppress,0,0,0,0,1,1
4032,SkipTo,# use skipto to simply match everything up until the next sep,0,0,0,0,1,1
4033,SkipTo,"# ignore quoted strings, so that a character inside a quoted string does not match",0,0,0,0,1,1
4034,SkipTo,"# parse action will call token^strip for each matched token, ie, the description body",0,0,0,0,1,1
4035,SkipTo,"string data skipto sep, ignore quotedstring",0,0,0,0,1,1
3012,InstalledDistribution,it reads the metadata contained in pydist^json when it is,0,0,0,0,1,1
4036,SkipTo,string data^setparseaction tokenmap str^strip,0,0,0,0,1,1
3013,InstalledDistribution,"instantiated., or uses a passed in metadata instance useful for when",0,0,0,0,1,1
4037,SkipTo,ticket expr integer issue num sep,0,0,0,0,1,1
3014,InstalledDistribution,dry run mode is being used .,0,0,0,0,1,1
4038,SkipTo,string data sev sep,0,0,0,0,1,1
4039,SkipTo,string data desc sep,0,0,0,0,1,1
4040,SkipTo,integer days open,0,0,0,0,1,1
4042,SkipTo,print tkt^dump,0,0,0,0,1,1
4043,SkipTo,prints,0,0,0,0,1,1
4044,SkipTo,"101 , critical , intermittent system crash , 6",0,0,0,0,1,1
4045,SkipTo,days open 6,0,0,0,0,1,1
4046,SkipTo,desc intermittent system crash,0,0,0,0,1,1
4047,SkipTo,issue num 101,0,0,0,0,1,1
4048,SkipTo,sev critical,0,0,0,0,1,1
4049,SkipTo,"94 , cosmetic , spelling error on login log n , 14",0,0,0,0,1,1
4050,SkipTo,days open 14,0,0,0,0,1,1
4051,SkipTo,desc spelling error on login log n,0,0,0,0,1,1
4052,SkipTo,issue num 94,0,0,0,0,1,1
4053,SkipTo,sev cosmetic,0,0,0,0,1,1
4055,SkipTo,days open 47,0,0,0,0,1,1
4057,SkipTo,issue num 79,0,0,0,0,1,1
4058,SkipTo,sev minor,0,0,0,0,1,1
3037,InvalidVersion,"an invalid version was found, users should refer to pep 440.",0,0,0,1,1,2
3053,LockFailed,try,0,0,0,0,1,1
3054,LockFailed,raise lockfailed,0,0,0,0,1,1
3055,LockFailed,except lockerror,0,0,0,0,1,1
3056,LockFailed,pass,0,0,0,0,1,1
5120,EmbeddingBag,"input torch^longtensor 1,2,4,5,4,3,2,9",0,0,0,0,1,1
5121,EmbeddingBag,"offsets torch^longtensor 0,4",0,0,0,0,1,1
5122,EmbeddingBag,"embedding sum input, offsets",0,0,0,0,1,1
5123,EmbeddingBag,"tensor 08861, 54350, 00523 ,",0,0,0,0,1,1
5124,EmbeddingBag,"11306, 25798, 10044",0,0,0,0,1,1
4144,_OpNamespace,an op namespace to dynamically bind operators into python.,1,0,0,1,1,3
4145,_OpNamespace,say a user has created a custom operator called my namespace my op .,1,0,0,0,1,2
4146,_OpNamespace,to,1,0,0,0,1,2
4148,_OpNamespace,.,1,0,0,0,1,2
4150,_OpNamespace,"instead, the",1,0,0,0,1,2
4151,_OpNamespace,following sequence of magic tricks will occur,1,0,0,0,1,2
4152,_OpNamespace,1,1,0,0,0,1,2
4155,_OpNamespace,object called my namespace and set it as an attribute on the ops,1,0,0,0,1,2
4156,_OpNamespace,object.,1,0,0,0,1,2
4157,_OpNamespace,2,1,0,0,0,1,2
4159,_OpNamespace,"the my namespace object, which will retrieve the operation via",1,0,0,0,1,2
4162,_OpNamespace,3,1,0,0,0,1,2
4164,_OpNamespace,then calls this new operation,1,0,0,0,1,2
4165,_OpNamespace,and subsequent accesses will incur no further lookup the namespace and,1,0,0,0,1,2
4166,_OpNamespace,operation will already exist .,1,0,0,0,1,2
5211,ExternalInitializer,this class is used in cases when the parameter should not be initialized by,0,0,0,0,1,1
5212,ExternalInitializer,"the initializer, but rather provided in the workspace when param init net is",0,0,0,0,1,1
5213,ExternalInitializer,executed.,0,0,0,0,1,1
5220,FisherSnedecor,example,0,0,0,0,1,1
5221,FisherSnedecor,"m fishersnedecor torch^tensor 10 , torch^tensor 20",0,0,0,0,1,1
5222,FisherSnedecor,m^sample # fisher snedecor distributed with df1 1 and df2 2,0,0,0,0,1,1
5223,FisherSnedecor,tensor 02453,0,0,0,0,1,1
5292,Module,import torch^nn as nn,0,0,0,0,1,1
5293,Module,import torch^nn.functional as f,0,0,0,0,1,1
5294,Module,class model nn^module,0,0,0,0,1,1
5295,Module,def init self,0,0,0,0,1,1
5296,Module,"super model, self .",0,0,0,0,1,1
5297,Module,init,0,0,0,0,1,1
5298,Module,"self^conv1 nn^conv2d 1, 20, 5",0,0,0,0,1,1
5299,Module,"self^conv2 nn^conv2d 20, 20, 5",0,0,0,0,1,1
5300,Module,"def forward self, x",0,0,0,0,1,1
5301,Module,x f^relu self^conv1 x,0,0,0,0,1,1
5302,Module,return f^relu self^conv2 x,0,0,0,0,1,1
5327,MultiLabelMarginLoss,"text loss x, y sum ij frac max 0, 1 x y j x i text x^size 0",0,1,0,0,1,2
4307,AdaptiveMaxPool3d,examples,0,0,0,0,1,1
4308,AdaptiveMaxPool3d,# target output size of 5x7x9,0,0,0,0,1,1
4309,AdaptiveMaxPool3d,"m nn^adaptivemaxpool3d 5,7,9",0,0,0,0,1,1
4310,AdaptiveMaxPool3d,"input torch^randn 1, 64, 8, 9, 10",0,0,0,0,1,1
4311,AdaptiveMaxPool3d,output m input,0,0,0,0,1,1
4312,AdaptiveMaxPool3d,# target output size of 7x7x7 cube,0,0,0,0,1,1
4313,AdaptiveMaxPool3d,m nn^adaptivemaxpool3d 7,0,0,0,0,1,1
4314,AdaptiveMaxPool3d,"input torch^randn 1, 64, 10, 9, 8",0,0,0,0,1,1
4315,AdaptiveMaxPool3d,output m input,0,0,0,0,1,1
4316,AdaptiveMaxPool3d,# target output size of 7x9x8,0,0,0,0,1,1
4318,AdaptiveMaxPool3d,"input torch^randn 1, 64, 10, 9, 8",0,0,0,0,1,1
4319,AdaptiveMaxPool3d,output m input,0,0,0,0,1,1
5369,MultiLabelMarginLoss,examples,0,0,0,0,1,1
5370,MultiLabelMarginLoss,loss nn^multilabelmarginloss,0,0,0,0,1,1
5371,MultiLabelMarginLoss,"x torch^floattensor 01, 02, 04, 08",0,0,0,0,1,1
5372,MultiLabelMarginLoss,"# for target y, only consider labels 3 and 0, not after label 1",0,0,0,0,1,1
5373,MultiLabelMarginLoss,"y torch^longtensor 3, 0, 1, 1",0,0,0,0,1,1
5374,MultiLabelMarginLoss,"loss x, y",0,0,0,0,1,1
5375,MultiLabelMarginLoss,# 025 1 01 02 1 01 04 1 08 02 1 08 04,0,0,0,0,1,1
5376,MultiLabelMarginLoss,tensor 08500,0,0,0,0,1,1
4395,BatchNorm1d,examples,0,0,0,0,1,1
4396,BatchNorm1d,# with learnable parameters,0,0,0,0,1,1
4397,BatchNorm1d,m nn^batchnorm1d 100,0,0,0,0,1,1
4398,BatchNorm1d,# without learnable parameters,0,0,0,0,1,1
4400,BatchNorm1d,"input torch^randn 20, 100",0,0,0,0,1,1
4401,BatchNorm1d,output m input,0,0,0,0,1,1
5429,NetModifier,example usage,0,0,0,0,1,1
5430,NetModifier,modifier somenetmodifier opts,0,0,0,0,1,1
5431,NetModifier,modifier net,0,0,0,0,1,1
5445,OneHotCategorical,example,0,0,0,0,1,1
5446,OneHotCategorical,"m onehotcategorical torch^tensor 025, 025, 025, 025",0,0,0,0,1,1
5447,OneHotCategorical,"m^sample # equal probability of 0, 1, 2, 3",0,0,0,0,1,1
5448,OneHotCategorical,"tensor 0., 0., 0., 1.",0,0,0,0,1,1
5465,Poisson,"samples are nonnegative integers, with a pmf given by",0,1,0,0,1,2
5466,Poisson,math,0,1,0,0,1,2
5468,Poisson,example,0,0,0,0,1,1
5469,Poisson,m poisson torch^tensor 4,0,0,0,0,1,1
5470,Poisson,m^sample,0,0,0,0,1,1
5471,Poisson,tensor 3.,0,0,0,0,1,1
4482,BCEWithLogitsLoss,it s possible to trade off recall and precision by adding weights to positive examples.,0,1,0,0,1,2
4493,BCEWithLogitsLoss,"for example, if a dataset contains 100 positive and 300 negative examples of a single class,",0,0,0,0,1,1
5518,SGD,example,0,0,0,0,1,1
4495,BCEWithLogitsLoss,the loss would act as if the dataset contains math 3 times 100 300 positive examples.,0,1,0,0,1,2
5519,SGD,"optimizer torch^optim.sgd model^parameters , lr 01, momentum 09",0,0,0,0,1,1
4496,BCEWithLogitsLoss,examples,0,0,0,0,1,1
5520,SGD,optimizer^zero grad,0,0,0,0,1,1
4497,BCEWithLogitsLoss,"target torch^ones 10, 64 , dtype torch^float32 # 64 classes, batch size 10",0,0,0,0,1,1
5521,SGD,"loss fn model input , target ^backward",0,0,0,0,1,1
4498,BCEWithLogitsLoss,"output torch^full 10, 64 , 0999 # a prediction logit",0,0,0,0,1,1
5522,SGD,optimizer^step,0,0,0,0,1,1
4499,BCEWithLogitsLoss,pos weight torch^ones 64 # all weights are equal to 1,0,0,0,0,1,1
4500,BCEWithLogitsLoss,criterion torch^nn.bcewithlogitsloss pos weight pos weight,0,0,0,0,1,1
4501,BCEWithLogitsLoss,"criterion output, target # log sigmoid 0999",0,0,0,0,1,1
4502,BCEWithLogitsLoss,tensor 03135,0,0,0,0,1,1
4541,BCEWithLogitsLoss,examples,0,0,0,0,1,1
4542,BCEWithLogitsLoss,loss nn^bcewithlogitsloss,0,0,0,0,1,1
5566,StackTransform,example,0,0,0,0,1,1
4543,BCEWithLogitsLoss,"input torch^randn 3, requires grad true",0,0,0,0,1,1
5567,StackTransform,"x torch^stack torch^range 1, 10 , torch^range 1, 10 , dim 1",0,0,0,0,1,1
4544,BCEWithLogitsLoss,target torch^empty 3 ^random 2,0,0,0,0,1,1
5568,StackTransform,"t stacktransform exptransform , identity transform , dim 1",0,0,0,0,1,1
4545,BCEWithLogitsLoss,"output loss input, target",0,0,0,0,1,1
5569,StackTransform,y t x,0,0,0,0,1,1
4546,BCEWithLogitsLoss,output^backward,0,0,0,0,1,1
5590,Task,example,0,0,0,0,1,1
5591,Task,from net builder import ops,0,0,0,0,1,1
5592,Task,"with node trainer , task name my task , num instances 2",0,0,0,0,1,1
5593,Task,with ops^task init,0,0,0,0,1,1
5594,Task,globl ops^const 0,0,0,0,0,1,1
5595,Task,with ops^task instance init,0,0,0,0,1,1
5596,Task,local ops^const 0,0,0,0,0,1,1
5597,Task,with ops^loop 100,0,0,0,0,1,1
5598,Task,"ops^copy globl, local",0,0,0,0,1,1
5599,Task,with ops^task instance exit,0,0,0,0,1,1
5600,Task,"ops^add globl, local , globl",0,0,0,0,1,1
5601,Task,with ops^task exit,0,0,0,0,1,1
5602,Task,"ops^mul globl, globl , globl",0,0,0,0,1,1
5603,Task,the task above will create 2 instances that will run in parallel.,0,0,0,0,1,1
5604,Task,"each instance will copy local to globl 100 times, then add local",0,0,0,0,1,1
5605,Task,to globl once.,0,0,0,0,1,1
5606,Task,"the mul will only execute once, after all the instances",0,0,0,0,1,1
5607,Task,of the task have finished.,0,0,0,0,1,1
5658,TransformerEncoderLayer,examples,0,0,0,0,1,1
5659,TransformerEncoderLayer,"encoder layer nn^transformerencoderlayer d model 512, nhead 8",0,0,0,0,1,1
5660,TransformerEncoderLayer,"src torch^rand 10, 32, 512",0,0,0,0,1,1
5661,TransformerEncoderLayer,out encoder layer src,0,0,0,0,1,1
4639,BuildType,the build type will be given in attr cmake build type env .,0,0,0,0,1,1
4640,BuildType,if attr cmake build type env,0,0,0,0,1,1
4641,BuildType,"is none , then the build type will be inferred from cmakecache^txt .",0,0,0,0,1,1
4642,BuildType,"if cmakecache^txt does not exist,",0,0,0,0,1,1
4643,BuildType,os^environ cmake build type will be used.,0,0,0,0,1,1
5682,Unfold,"consider a batched attr input tensor of shape math n, c, ,",0,1,0,0,1,2
5683,Unfold,"where math n is the batch dimension, math c is the channel dimension,",0,1,0,0,1,2
5685,Unfold,this operation flattens,0,1,0,0,1,2
5686,Unfold,each sliding attr kernel size sized block within the spatial dimensions,0,1,0,0,1,2
5687,Unfold,"of attr input into a column ie, last dimension of a 3 d attr output",0,1,0,0,1,2
5688,Unfold,"tensor of shape math n, c times prod text kernel size , l , where",0,1,0,0,1,2
5689,Unfold,math c times prod text kernel size is the total number of values,0,1,0,0,1,2
5690,Unfold,within each block a block has math prod text kernel size spatial,0,1,0,0,1,2
5691,Unfold,"locations each containing a math c channeled vector , and math l is",0,1,0,0,1,2
5692,Unfold,the total number of such blocks,0,1,0,0,1,2
5693,Unfold,math,0,1,0,0,1,2
4670,ConstantPad3d,"for n dimensional padding, use func torch^nn.functional^pad .",0,0,0,0,1,1
5694,Unfold,l prod d left lfloor frac text spatial size d 2 times text padding d %,0,1,0,0,1,2
5695,Unfold,"text dilation d times text kernel size d 1 1 text stride d 1 right rfloor,",0,1,0,0,1,2
5698,Unfold,dimensions.,0,1,0,0,1,2
5699,Unfold,"therefore, indexing attr output at the last dimension column dimension",0,0,0,0,1,1
5700,Unfold,gives all values within a certain block.,0,0,0,0,1,1
4685,ConstantPad3d,examples,0,0,0,0,1,1
4686,ConstantPad3d,"m nn^constantpad3d 3, 35",0,0,0,0,1,1
4687,ConstantPad3d,"input torch^randn 16, 3, 10, 20, 30",0,0,0,0,1,1
4688,ConstantPad3d,output m input,0,0,0,0,1,1
4689,ConstantPad3d,# using different paddings for different sides,0,0,0,0,1,1
4690,ConstantPad3d,"m nn^constantpad3d 3, 3, 6, 6, 0, 1 , 35",0,0,0,0,1,1
4691,ConstantPad3d,output m input,0,0,0,0,1,1
5723,Unfold,replicated across all spatial dimensions.,0,1,0,0,1,2
5759,Unfold,"input math n, c,",0,1,0,0,1,2
5760,Unfold,"output math n, c times prod text kernel size , l as described above",0,1,0,0,1,2
5761,Unfold,examples,0,0,0,0,1,1
5762,Unfold,"unfold nn^unfold kernel size 2, 3",0,0,0,0,1,1
5763,Unfold,"input torch^randn 2, 5, 3, 4",0,0,0,0,1,1
5764,Unfold,output unfold input,0,0,0,0,1,1
5765,Unfold,"# each patch contains 30 values 2x3 6 vectors, each of 5 channels",0,0,0,0,1,1
5766,Unfold,# 4 blocks 2x3 kernels in total in the 3x4 input,0,0,0,0,1,1
5767,Unfold,output^size,0,0,0,0,1,1
5768,Unfold,"torch^size 2, 30, 4",0,0,0,0,1,1
5769,Unfold,# convolution is equivalent with unfold matrix multiplication fold or view to output shape,0,0,0,0,1,1
5770,Unfold,"inp torch^randn 1, 3, 10, 12",0,0,0,0,1,1
5771,Unfold,"w torch^randn 2, 3, 4, 5",0,0,0,0,1,1
5772,Unfold,"inp unf torch^nn.functional^unfold inp, 4, 5",0,0,0,0,1,1
5773,Unfold,"out unf inp unf^transpose 1, 2 ^matmul w^view w^size 0 , 1 ^t ^transpose 1, 2",0,0,0,0,1,1
5774,Unfold,"out torch^nn.functional^fold out unf, 7, 8 , 1, 1",0,0,0,0,1,1
5775,Unfold,"# or equivalently and avoiding a copy ,",0,0,0,0,1,1
5776,Unfold,"# out out unf^view 1, 2, 7, 8",0,0,0,0,1,1
5777,Unfold,"torch^nn.functional^conv2d inp, w out ^abs ^max",0,0,0,0,1,1
5778,Unfold,tensor 19073e 06,0,0,0,0,1,1
4792,Conv3d,examples,0,0,0,0,1,1
4793,Conv3d,# with square kernels and equal stride,0,0,0,0,1,1
4794,Conv3d,"m nn^conv3d 16, 33, 3, stride 2",0,0,0,0,1,1
4795,Conv3d,# non square kernels and unequal stride and with padding,0,0,0,0,1,1
4796,Conv3d,"m nn^conv3d 16, 33, 3, 5, 2 , stride 2, 1, 1 , padding 4, 2, 0",0,0,0,0,1,1
4797,Conv3d,"input torch^randn 20, 16, 10, 50, 100",0,0,0,0,1,1
4798,Conv3d,output m input,0,0,0,0,1,1
5893,UseOptimizer,example usage with brew,0,0,0,0,1,1
5894,UseOptimizer,with useoptimizer optim,0,0,0,0,1,1
5895,UseOptimizer,brew^func,0,0,0,0,1,1
5896,UseOptimizer,with useoptimizer weight weight optim,0,0,0,0,1,1
5897,UseOptimizer,brew^func,0,0,0,0,1,1
5898,UseOptimizer,"with useoptimizer default optim, bias bias optim,",0,0,0,0,1,1
5899,UseOptimizer,weight weight optim,0,0,0,0,1,1
5900,UseOptimizer,brew^func,0,0,0,0,1,1
5902,UseOptimizer,brew^func,0,0,0,0,1,1
5903,UseOptimizer,with useoptimizer optim2,0,0,0,0,1,1
5904,UseOptimizer,brew^func,0,0,0,0,1,1
4964,CyclicLR,example,0,0,0,0,1,1
4965,CyclicLR,"optimizer torch^optim.sgd model^parameters , lr 01, momentum 09",0,0,0,0,1,1
4966,CyclicLR,"scheduler torch^optim.lr scheduler^cycliclr optimizer, base lr 001, max lr 01",0,0,0,0,1,1
4967,CyclicLR,data loader torch^utils.data^dataloader .,0,0,0,0,1,1
4968,CyclicLR,for epoch in range 10,0,0,0,0,1,1
4969,CyclicLR,for batch in data loader,0,0,0,0,1,1
4970,CyclicLR,train batch .,0,0,0,0,1,1
4971,CyclicLR,scheduler^step,0,0,0,0,1,1
5012,DiagonalTensor,this class has limited utility and is mostly useful for verifying that the,0,1,0,0,1,2
5013,DiagonalTensor,dispatch mechanism works as expected.,0,0,0,0,1,1
5014,DiagonalTensor,it is based on the diagonalarray,0,1,0,0,1,2
5015,DiagonalTensor,example in the numpy documentation.,0,1,0,0,1,2
5116,EmbeddingBag,examples,0,0,0,0,1,1
5117,EmbeddingBag,# an embedding module containing 10 tensors of size 3,0,0,0,0,1,1
5118,EmbeddingBag,"embedding sum nn^embeddingbag 10, 3, mode sum",0,0,0,0,1,1
5119,EmbeddingBag,# a batch of 2 samples of 4 indices each,0,0,0,0,1,1
5936,PreparedRequest,usage,0,0,0,0,1,1
5937,PreparedRequest,import requests,0,0,0,0,1,1
5938,PreparedRequest,"req requests^request get , https httpbin^org get",0,0,0,0,1,1
5939,PreparedRequest,r req^prepare,0,0,0,0,1,1
5940,PreparedRequest,r,0,0,0,0,1,1
5941,PreparedRequest,preparedrequest get,0,0,0,0,1,1
5942,PreparedRequest,s requests^session,0,0,0,0,1,1
5943,PreparedRequest,s^send r,0,0,0,0,1,1
5944,PreparedRequest,response 200,0,0,0,0,1,1
483,Migration,it will have one or more,0,0,1,0,1,2
484,Migration,of the following attributes,0,0,1,0,1,2
485,Migration,"operations a list of operation instances, probably from django^db.migrations^operations",0,0,1,0,1,2
486,Migration,"dependencies a list of tuples of app path, migration name",0,0,1,0,1,2
487,Migration,"run before a list of tuples of app path, migration name",0,0,1,0,1,2
488,Migration,replaces a list of migration names,0,0,1,0,1,2
1196,YouTubeVideo,other parameters can be provided as documented at,0,0,1,0,1,2
3077,Markup,"to escape the text, use the",0,1,1,0,1,3
3078,Markup,meth escape class method instead.,0,1,1,0,1,3
2504,Context_,modifications on attr parent must not,0,0,1,0,1,2
2505,Context_,happen and modifications on attr vars are allowed from generated,0,0,1,0,1,2
2506,Context_,template code only.,0,0,1,0,1,2
2507,Context_,template filters and global functions marked as,0,0,1,0,1,2
2508,Context_,func contextfunction s get the active context passed as first argument,0,0,1,0,1,2
2509,Context_,and are allowed to access the context read only.,0,0,1,0,1,2
3747,Request,"param hooks dictionary of callback hooks, for internal usage.",0,0,1,0,1,2
4533,BCEWithLogitsLoss,"pos weight tensor, optional a weight of positive examples.",0,0,1,0,1,2
5684,Unfold,and math represent arbitrary spatial dimensions.,0,0,1,0,1,2
5712,Unfold,spatial dimensions.,0,1,1,0,1,3
4895,CyclicLR,exp range a cycle that scales initial amplitude by math text gamma ^ text cycle iterations,0,1,1,0,1,3
1986,PlotAccessor,option plotting^backend .,1,0,1,0,1,3
