comment_sentence_id,text,Expand,Ownership,Pointer,deprecation,rational,summary,usage,partition_official
1,azure blob file system implementation of abstractfilesystem.,0,0,0,0,0,1,0,0
2,this impl delegates to the old filesystem,1,0,0,0,0,0,0,1
5,test getfilestatus and related listing operations.,0,0,0,0,0,1,0,1
7,kept small to avoid killing object store test runs too much.,1,0,0,0,0,0,0,1
8,accept everything.,1,0,0,0,0,0,0,0
10,kept small to avoid killing object store test runs too much.,1,0,0,0,0,0,0,1
11,accept nothing.,1,0,0,0,0,0,0,0
12,the tree parameters.,1,0,0,0,0,0,0,0
14,path filter which only expects paths whose final name element,1,0,0,0,0,0,0,1
16,the tree parameters.,1,0,0,0,0,0,0,1
17,kept small to avoid killing object store test runs too much.,1,0,0,0,0,0,0,0
18,a filesystem filter which exposes the protected method,1,0,0,0,0,0,0,1
19,"@link #listlocatedstatus path, pathfilter .",1,0,0,0,0,0,0,1
44,dynamically create the output committer based on subclass type and settings.,1,0,0,0,0,0,0,0
53,the type of launch for the container.,1,0,0,0,0,0,0,1
54,environment for applications.,1,0,0,0,0,0,0,1
61,contains all the state data that needs to be stored persistently for an application,0,0,0,0,1,1,0,0
66,it can currently handle text and sequence files.,1,0,0,0,0,0,0,0
74,cluster is balanced if each node is balanced.,0,0,0,0,1,0,0,0
75,cluster is balanced if each pool in each node is balanced.,0,0,0,0,1,0,0,1
86,a grouping of scheduling requests which are sent to the placementalgorithm,0,0,0,0,0,1,0,1
87,to place as a batch.,0,0,0,0,0,1,0,1
88,the placement algorithm tends to give more optimal,1,0,0,0,0,0,0,1
89,placements if more requests are batched together.,1,0,0,0,0,0,0,1
90,placementalgorithmoutput attempt the number of times the requests in this,0,0,0,0,0,0,1,0
91,iterator type.,0,0,0,0,0,1,0,0
98,an implementation of @see blockplacementstatus for,0,0,0,0,0,1,0,0
104,block s metadata currently includes blockcollection it belongs to and,1,0,0,0,0,0,0,1
105,the datanodes that store the block.,1,0,0,0,0,0,0,0
109,utils functions to help block functions.,0,0,0,0,1,1,0,0
116,this class implements a @link planfollower .,0,0,0,0,0,1,0,0
117,"this is invoked on a timer, and",0,0,0,0,0,1,0,0
118,it is in charge to publish the state of the @link plan s to the underlying,0,0,0,0,0,1,0,0
119,@link capacityscheduler .,0,0,0,0,0,1,0,1
120,"this implementation does so, by",1,0,0,0,0,0,0,0
121,"adding removing resizing leaf queues in the scheduler, thus affecting the",1,0,0,0,0,0,0,0
123,content of the plan.,1,0,0,0,0,0,0,1
124,it also updates the plan s view on how much resources,1,0,0,0,0,0,0,0
125,are available in the cluster.,1,0,0,0,0,0,0,0
126,"this implementation of planfollower is relatively stateless, and it can",0,0,0,0,1,0,0,0
127,synchronize schedulers and plans that have arbitrary changes performing set,0,0,0,0,1,0,0,1
128,differences among existing queues .,0,0,0,0,1,0,0,0
151,the output likely will include wildcards in the classpath.,1,0,0,0,0,0,0,0
157,"with the jar argument, it writes the classpath as a manifest in a jar file.",1,0,0,0,0,0,0,0
172,code source of this file http grepcode^com file repo1^maven.org maven2 org^apache.maven maven artifact 31.1 org apache maven artifact versioning comparableversion^java modifications made on top of the source 1.,0,0,1,0,0,0,0,1
173,changed package org^apache.maven^artifact.versioning to package org^apache.hadoop^util 2.,0,0,1,0,0,0,0,1
175,generic implementation of version comparison.,0,0,0,0,0,1,1,0
176,p features,0,0,0,0,0,0,1,0
188,li code milestone code or code m code li,0,0,0,0,0,0,1,1
189,li code rc code or code cr code li,0,0,0,0,0,0,1,0
190,li code snapshot code li,0,0,0,0,0,0,1,0
191,li code the empty string code or code ga code or code final code li,0,0,0,0,0,0,1,1
193,ul,0,0,0,0,0,0,1,0
194,"unknown qualifiers are considered after known qualifiers, with lexical order always case insensitive ,",0,0,0,0,0,0,1,0
195,li,0,0,0,0,0,0,1,0
199,@see a href https cwiki^apache.org confluence display mavenold versioning versioning on maven wiki a,0,0,1,0,0,0,0,1
200,represents a numeric item in the version item list.,0,0,0,0,0,1,1,0
202,represents a version list item.,0,0,0,0,0,1,1,0
203,this class is used both for the global item list and for sub lists which start,0,0,0,0,0,1,1,0
204,with number in the version specification .,0,0,0,0,0,1,0,0
245,utility for sampling and computing cpu usage.,0,0,0,0,1,1,0,0
248,user visible configs based rocksdb tuning page.,0,0,0,0,0,1,0,0
250,p,0,0,1,0,0,0,1,0
251,https github^com facebook rocksdb blob master include rocksdb options^h,0,0,1,0,0,0,1,0
252,p,0,0,1,0,0,0,1,0
253,most tuning parameters are based on this url.,0,0,1,0,0,0,1,0
254,p,0,0,1,0,0,0,1,0
255,https github^com facebook rocksdb wiki setup options and basic tuning,0,0,1,0,0,0,1,0
271,default rumen json serializer.,0,0,0,0,0,1,0,0
273,a @link sslsocketfactory that can delegate to various ssl implementations.,0,0,1,0,0,1,1,0
275,openssl offers better,1,0,1,0,0,0,0,0
276,performance than jsse and is made available via the,1,0,1,0,0,0,0,0
277,a href https github^com wildfly wildfly openssl wildlfy openssl a,1,0,1,0,0,0,0,0
278,library.,1,0,1,0,0,0,1,0
279,p,0,0,0,0,1,0,1,0
280,the factory has several different modes of operation,0,0,0,0,0,0,1,0
283,system installed openssl.,0,0,0,0,0,0,1,0
284,if the wildfly openssl integration is not,0,0,0,0,0,0,1,0
285,"properly setup, an exception is thrown.",0,0,0,0,0,0,1,0
286,li,0,0,0,0,0,0,1,0
289,li,0,0,0,0,0,0,1,0
291,it disables the gcm cipher when running on java 8.,0,0,0,0,0,0,1,0
292,li,0,0,0,0,0,0,1,0
295,li,0,0,0,0,0,0,1,0
296,ul,0,0,0,0,0,0,1,0
297,p,0,0,0,0,1,0,1,0
306,"instead,",0,0,0,0,1,0,0,0
307,a new mode called default jsse with gcm delegates to the default jsse,0,0,0,0,1,0,1,0
308,implementation with no changes to the list of enabled ciphers.,0,0,0,0,1,0,1,0
309,p,0,0,0,0,1,0,1,0
352,a delegation token identifier that is specific to hdfs.,1,0,0,0,0,1,0,0
362,a base class for the servlets in dfs.,0,0,0,0,0,1,0,0
364,diskbalancercluster represents the nodes that we are working against.,0,0,0,0,0,1,0,0
365,p,1,0,0,0,0,0,0,0
366,please note,1,0,0,0,0,0,0,0
367,semantics of inclusionlist and exclusionlists.,1,0,0,0,0,0,0,0
368,p,1,0,0,0,0,0,0,0
369,if a non empty inclusionlist is specified then the diskbalancer assumes that,1,0,0,0,0,0,0,0
370,the user is only interested in processing that list of nodes.,1,0,0,0,0,0,0,0
371,this node list,1,0,0,0,0,0,0,0
372,is checked against the exclusionlist and only the nodes in inclusionlist but,1,0,0,0,0,0,0,0
374,p,1,0,0,0,0,0,0,0
375,"if inclusionlist is empty, then we assume that all live nodes in the nodes is",1,0,0,0,0,0,0,0
376,to be processed by diskbalancer.,1,0,0,0,0,0,0,0
378,nodes specified in the exclusionlist but will process all nodes in the,1,0,0,0,0,0,0,0
379,cluster.,1,0,0,0,0,0,0,0
380,p,1,0,0,0,0,0,0,0
381,"in other words, an empty inclusionlist is means all the nodes otherwise",1,0,0,0,0,0,0,0
382,only a given list is processed and exclusionlist is always honored.,1,0,0,0,0,0,0,0
401,"object used by the application master when distributed scheduling is enabled,",0,0,0,0,0,1,0,0
408,encapsulates the docker kill command and its command line arguments.,0,0,0,0,0,1,0,0
410,editlogtailer represents a thread which periodically reads from edits,0,0,0,0,0,1,0,0
411,journals and applies the transactions contained within to a given,0,0,0,0,0,1,0,0
412,fsnamesystem.,0,0,0,0,0,1,0,0
413,the thread which does the actual work of tailing edits journals and,1,0,0,0,0,0,0,0
414,applying the transactions to the fsns.,1,0,0,0,0,0,0,0
415,manage the active namenode proxy .,0,0,0,0,1,0,0,0
416,this cannot just be the a single proxy since we could,0,0,0,0,1,0,0,0
417,"failover across a number of namenodes, rather than just between an active and a standby.",0,0,0,0,1,0,0,0
418,p,0,0,0,0,1,0,0,0
420,against it.,0,0,0,0,1,0,0,0
421,"if it doesn t succeed, either because the proxy failed to be created or the request",0,0,0,0,1,0,0,0
422,"failed, we try the next nn in the list.",0,0,0,0,1,0,0,0
423,we try this up to the configuration maximum number of,0,0,0,0,1,0,0,0
424,retries before throwing up our hands.,0,0,0,0,1,0,0,0
426,expect the active namenode to switch rarely.,0,0,0,0,1,0,0,0
427,p,0,0,0,0,1,0,0,0
428,this mechanism is b very bad b for cases where we care about being i fast i it just,0,0,0,0,1,0,0,0
429,blindly goes and tries namenodes.,0,0,0,0,1,0,0,0
450,this manages erasure coding policies predefined and activated in the system.,0,0,0,0,0,1,0,0
451,it loads customized policies and syncs with persisted ones in,1,0,0,0,0,0,0,0
452,namenode image.,1,0,0,0,0,0,0,0
453,this class is instantiated by the fsnamesystem.,0,0,1,0,0,0,1,0
461,event watcher will send the tracked payload event after a timeout period,0,0,0,0,1,0,0,0
462,unless a confirmation from the original event completion event is arrived.,0,0,0,0,1,0,0,0
463,@param timeout payload the type of the events which are tracked.,0,0,1,0,0,0,0,0
464,@param completion payload the type of event which could cancel the,0,0,1,0,0,0,0,0
477,an orderingpolicy which orders schedulableentities for fairness see,0,0,1,0,0,1,0,0
478,fairscheduler,0,0,1,0,0,1,0,0
479,"fairsharepolicy , generally, processes with lesser usage are lesser.",0,0,1,0,0,1,0,0
482,may be prioritized ahead of an application with less usage.,0,0,0,0,0,0,1,0
483,this,0,0,0,0,0,0,1,0
484,"is to offset the tendency to favor small apps, which could result in",0,0,0,0,0,0,1,0
500,generic policy exception.,0,0,0,0,0,1,0,0
506,"exception thrown by the @code federationmembershipstatestoreinputvalidator ,",0,0,0,0,0,1,0,0
511,file system implementation of @link applicationhistorystore .,0,0,1,0,0,1,0,0
516,@link #applicationstarted applicationstartdata is supposed to,1,0,1,0,0,0,0,0
517,be invoked first when writing any history data of one application and it will,1,0,1,0,0,0,0,0
518,"open a file, while @link #applicationfinished applicationfinishdata is",1,0,1,0,0,0,0,0
531,filesystem related constants.,0,0,0,0,0,1,0,0
554,indicates that a method has been passed illegal or invalid argument.,0,0,0,0,0,1,0,0
564,an idataloader loads data on demand,0,0,0,0,0,1,0,0
568,@code hadoop aws module to enable integration tests to use this,0,0,0,0,0,0,1,0
569,just by editing the hadoop configuration used to bring up the client.,0,0,0,0,0,0,1,0
574,executes info object.,0,0,0,0,0,1,0,0
579,"test read, write and seek.",0,0,0,0,0,1,0,0
584,contract test.,0,0,0,0,0,1,0,0
588,this is done with an inconsistent client.,0,0,0,0,0,0,1,0
591,test list performance.,0,0,0,0,0,1,0,0
593,test the s3 select feature with some basic sql commands.,0,0,0,0,0,1,0,0
600,the code kerberosdelegationtokenauthenticator code provides support for,0,0,0,0,0,1,0,0
602,token operations.,0,0,0,0,0,1,0,0
604,it falls back to the @link pseudodelegationtokenauthenticator if the http,1,0,1,0,0,0,0,0
613,pb impl of @link localizationstatus .,0,0,1,0,0,1,0,0
616,this class defines a filestatus that includes a file s block locations.,0,0,0,0,0,1,0,0
618,a @link loggedtask represents a hadoop task that is part of a hadoop job.,0,0,1,0,0,1,0,0
620,and its runtime.,1,0,0,0,0,0,0,0
621,all of the public methods are simply accessors for the instance variables we,0,0,0,0,0,0,1,0
622,want to write out in the json files.,0,0,0,0,0,0,1,0
629,common utility functions for @link logparser .,0,0,1,0,0,1,0,0
632,support only atsv2 client only.,0,0,0,1,0,0,0,0
637,the context that is given to the @link mapper .,0,0,1,0,0,1,0,0
638,@param keyin the key input type to the mapper,0,0,0,0,0,0,1,0
639,@param valuein the value input type to the mapper,0,0,0,0,0,0,1,0
640,@param keyout the key output type from the mapper,0,0,0,0,0,0,1,0
641,@param valueout the value output type from the mapper,0,0,0,0,0,0,1,0
649,exception meta block with the same name already exists.,0,0,0,0,0,1,0,0
651,a metrics cache for sinks that don t support sparse updates.,0,0,0,0,0,1,0,0
652,cached record,1,0,0,0,0,0,0,0
658,this sample parser will parse the sample log and extract the resource,0,0,0,0,0,1,0,0
659,skyline.,0,0,0,0,0,1,0,0
660,p the expected log format is normalizedjobname numinstances submittime,1,0,0,0,0,0,0,0
661,starttime endtime jobinstancename memusage coreusage,1,0,0,0,0,0,0,0
669,success or error status is reported in nfs3 responses.,0,0,0,0,0,1,0,0
671,this data structure maintains the list of containers that is on a datanode.,0,0,0,0,0,1,0,0
672,this information is built from the dn container reports.,1,0,0,0,0,0,0,0
677,p,1,0,0,0,0,1,0,0
682,consume all outputs and put them in dev null.,1,0,0,0,0,1,0,0
686,builder class for omnodedetails.,0,0,1,0,0,1,0,0
690,protocol buffer implementation of opportunisticcontainersstatus.,0,0,0,0,0,1,0,0
692,class representing an unique ozone object.,0,0,0,0,0,1,0,0
693,ozone objects supported for acl.,1,0,0,0,0,0,0,0
694,ozone objects supported for acl.,1,0,0,0,0,0,0,0
709,helper functionality to read the pid from a file.,0,0,0,0,0,1,0,0
711,a map reduce program that estimates the value of pi,0,0,0,0,0,1,0,0
712,using a quasi monte carlo qmc method.,1,0,0,0,0,0,0,0
714,"in this example,",0,0,1,0,0,0,1,0
716,"where s 0,1 ^2 is a unit square,",0,0,0,0,0,0,1,0
717,"x x 1,x 2 is a 2 dimensional point,",0,0,0,0,0,0,1,0
719,"f x 1 if 2x 1 1 ^2 2x 2 1 ^2 &lt 1 and f x 0 , otherwise.",0,0,0,0,0,0,1,0
720,it is easy to see that pi is equal to 4i .,0,0,0,0,0,0,1,0
721,so an approximation of pi is obtained once i is evaluated numerically.,0,0,0,0,0,0,1,0
722,there are better methods for computing pi.,1,0,0,0,0,0,1,0
723,we emphasize numerical approximation of arbitrary integrals in this example.,1,0,0,0,0,0,1,0
725,the implementation is discussed below.,1,0,0,0,0,0,0,0
726,mapper,1,0,0,0,0,0,0,0
727,generate points in a unit square,1,0,0,0,0,0,0,0
728,and then count points inside outside of the inscribed circle of the square.,1,0,0,0,0,0,0,0
729,reducer,1,0,0,0,0,0,0,0
742,and then count points inside outside of the inscribed circle of the square.,1,0,0,0,0,0,0,0
776,the query is usually a partial record.,1,0,0,0,0,0,0,0
777,@param t type of the record to query.,0,0,1,0,0,0,0,0
781,represents a queue name.,0,0,0,0,0,1,0,0
784,wrapper to hold ozone keyvalidate entry.,1,0,0,0,0,0,0,0
785,validates the write done in ozone cluster.,1,0,0,0,0,0,0,0
789,"class for finalizing re encrypt edek operations, by updating file xattrs with",0,0,0,0,1,1,0,0
791,p,1,0,0,0,0,0,0,0
792,the tasks are submitted by reencryptionhandler.,0,0,0,0,0,1,0,0
795,"requires namespace write lock, and performance gain from multi threading",1,0,0,0,0,1,0,0
796,is limited.,1,0,0,0,0,1,0,0
797,class to track re encryption submissions of a single zone.,1,0,0,0,0,0,0,0
798,it contains,1,0,0,0,0,1,0,0
799,"all the submitted futures, and statistics about how far the futures are",1,0,0,0,0,1,0,0
800,processed.,1,0,0,0,0,0,0,0
802,it,0,0,0,0,0,1,0,0
803,also contains statistics about how far this single batch has been executed.,0,0,0,0,0,1,0,0
804,class that encapsulates re encryption details of a file.,0,0,0,0,0,1,0,0
831,these are the things which aren t visible to users.,0,0,0,0,1,0,0,0
834,registry operations,0,0,0,0,0,1,0,0
837,@link resourceblacklistrequest encapsulates the list of resource names which should be added or removed from the em blacklist em of resources for the application.,0,0,1,0,0,1,0,0
838,@see resourcerequest,0,0,1,0,0,0,0,0
839,@see applicationmasterprotocol#allocate org^apache.hadoop^yarn.api^protocolrecords.allocaterequest,0,0,1,0,0,0,0,0
844,performs value verifications on,0,0,1,0,0,1,0,0
846,objects against the values of @link resourcerequest .,0,0,1,0,0,1,0,0
847,with the help of the,1,0,1,0,0,0,0,0
848,"@link builder , users can also make verifications of the custom resource",1,0,1,0,0,0,0,0
849,types and its values.,1,0,1,0,0,0,0,0
850,builder class for @link resourcerequestsjsonverifications .,0,0,1,0,0,1,0,0
868,"defines the contract to be implemented by the request intercepter classes,",0,0,0,0,0,1,0,0
873,a raw coder factory for the legacy raw reed solomon coder in java.,0,0,0,0,0,1,0,0
876,client cannot modified namespace until the safe mode is off.,0,0,0,0,0,0,1,0
878,context of the queues in scheduler.,0,0,0,0,0,1,0,0
880,an @link recordreader for @link sequencefile s.,0,0,1,0,0,1,0,0
883,a simple shell based implementation of @link groupmappingserviceprovider that exec s the code groups code shell command to fetch the group,0,0,0,0,0,1,0,0
887,specialized socketfactory to create sockets with a socks proxy,0,0,0,0,0,1,0,0
889,@link statestoredriver implementation based on a filesystem.,0,0,1,0,0,1,0,0
899,a custom reader can be,0,0,0,0,0,0,1,0
900,defined to be a recordreader with the constructor below and is selected with,0,0,0,0,0,0,1,0
909,this program generates a random namespace structure with the following,1,0,0,0,0,1,0,0
911,1,1,0,0,0,0,0,0,0
912,"the number of subdirectories is a random number in minwidth, maxwidth .",1,0,0,0,0,0,0,0
913,2,1,0,0,0,0,0,0,0
915,3,1,0,0,0,0,0,0,0
916,files are randomly placed in the empty directories.,1,0,0,0,0,0,0,0
919,the generated namespace structure is described by two files in the output,1,0,0,0,0,0,0,0
920,directory.,1,0,0,0,0,0,0,0
922,each line of the second file contains,1,0,0,0,0,0,0,0
923,"the full name of a file and its size, separated by a blank.",1,0,0,0,0,0,0,0
924,the synopsis of the command is,0,0,0,0,0,0,1,0
925,java structuregenerator,0,0,0,0,0,0,1,0
927,minwidth minwidth minimum number of subdirectories per directories default is 1,0,0,0,0,0,0,1,0
928,maxwidth maxwidth maximum number of subdirectories per directories default is 5,0,0,0,0,0,0,1,0
929,numoffiles #offiles the total number of files default is 10.,0,0,0,0,0,0,1,0
930,avgfilesize avgfilesizeinblocks average size of blocks default is 1.,1,0,0,0,0,0,1,0
931,outdir outdir output directory default is the current directory.,1,0,0,0,0,0,1,0
932,seed seed random number generator seed default is the current time.,0,0,0,0,0,0,1,0
933,in memory representation of a directory in memory representation of a file,0,0,0,0,0,0,1,0
961,data locality can t be calculated if openstack swift version is old.,0,0,0,1,0,0,0,0
964,this implements the client side of the swift rest api.,0,0,0,0,0,1,0,0
971,get the current operation statistics.,0,0,1,0,0,0,0,0
974,@param m request,0,0,1,0,0,0,0,0
975,@param r result,0,0,1,0,0,0,0,0
977,@return a snapshot of the statistics,0,0,1,0,0,0,0,0
981,get the current operation statistics.,0,0,1,0,0,0,0,0
983,generate an auth message.,0,0,1,0,0,0,0,0
984,@param r response,0,0,1,0,0,0,0,0
985,get the current operation statistics.,0,0,1,0,0,0,0,0
986,@return a snapshot of the statistics,0,0,1,0,0,0,0,0
987,create operation.,0,0,1,0,0,0,0,0
989,get the current operation statistics.,0,0,1,0,0,0,0,0
990,@return a snapshot of the statistics,0,0,1,0,0,0,0,0
991,delete operation.,0,0,1,0,0,0,0,0
1015,class that maintains table configuration.,0,0,0,0,0,1,0,0
1017,test addblockop is written and read correctly,1,0,0,0,0,1,0,0
1020,test delete contract test.,0,0,0,0,0,1,0,0
1022,test seek operation on adl file system.,0,0,0,0,0,1,0,0
1028,this class tests the client connection caching in a single node,0,0,0,0,0,1,0,0
1032,test custom oauth token providers.,0,0,0,0,0,1,0,1
1035,instead this just checks that the creation works and that everything,1,0,0,0,0,0,0,1
1036,is propagated.,1,0,0,0,0,0,0,1
1042,test aspects of datadrivendbinputformat,0,0,0,0,0,1,0,0
1047,test the editlogfileoutputstream,0,0,0,0,0,1,0,0
1054,tests handler interface.,0,0,0,0,0,1,0,1
1056,this test checks correctness of port usage by hdfs components,0,0,0,0,0,1,0,0
1058,the correct behavior is br when a specific port is provided the server must either start on that port or fail by throwing @link java^net.bindexception .,1,0,0,0,0,0,0,0
1060,if the port 0 ephemeral then the server should choose a free port and start on it.,1,0,0,0,0,0,0,0
1066,tests @link keyinputstream .,0,0,1,0,0,1,0,1
1069,test the metric visitor interface,0,0,0,0,0,1,0,1
1071,"tests for the upload, buffering and flush logic in wasb.",0,0,0,0,0,1,0,0
1072,just an arbitrary number so that the values i write have a predictable,1,0,0,0,0,0,0,1
1077,this class tests ommultipartkeyinfocodec.,0,0,0,0,0,1,0,0
1079,base test class for volume request.,0,0,0,0,1,1,0,0
1085,test for testing protocol buffer based rpc mechanism.,0,0,0,0,0,1,0,0
1086,this test depends on test^proto definition of types in src test proto,1,0,0,0,0,0,0,0
1087,and protobuf service definition from src test test rpc service^proto,1,0,0,0,0,0,0,1
1091,rdbstore tests.,0,0,0,0,0,1,0,1
1093,test for registry security operations,0,0,0,0,0,1,0,0
1099,test class to validate routerwebserviceutil methods.,0,0,0,0,0,1,0,0
1101,tests for s3 bucket manager.,0,0,1,0,0,1,0,1
1104,test various failure scenarios during savenamespace operation.,0,0,0,0,0,1,0,1
1105,cases covered,1,0,0,0,0,0,0,0
1106,ol,1,0,0,0,0,0,0,1
1107,li recover from failure while saving into the second storage directory li,1,0,0,0,0,0,0,0
1108,li recover from failure while moving current into lastcheckpoint^tmp li,1,0,0,0,0,0,0,1
1109,li recover from failure while moving lastcheckpoint^tmp into,1,0,0,0,0,0,0,0
1110,previous^checkpoint li,1,0,0,0,0,0,0,1
1111,li recover from failure while rolling edits file li,1,0,0,0,0,0,0,0
1112,ol,1,0,0,0,0,0,0,0
1122,this class tests the behavior of scmdatanodeheartbeatdispatcher.,0,0,0,0,0,1,0,0
1124,support for flat files of binary key value pairs.,1,0,0,0,0,1,0,0
1127,test that we can start several and run with namenodes on the same minicluster,1,0,0,0,0,1,0,0
1130,this is the full filesystem contract test which requires the,0,0,0,0,0,1,0,0
1131,default config set up to point to a filesystem.,0,0,0,0,0,1,0,0
1132,some of the tests override the base class tests these,0,0,0,0,1,0,0,1
1134,when the behavior of swiftfs does not match the normal,0,0,0,0,1,0,0,0
1135,contract which normally means that directories and equal files,0,0,0,0,1,0,0,0
1136,are being treated as equal.,0,0,0,0,1,0,0,0
1144,special committer that does not cleanup temporary files in,0,0,0,0,0,1,0,0
1146,the framework s fileoutputcommitter cleans up any temporary,0,0,0,0,1,0,0,0
1147,files left behind in aborttask.,0,0,0,0,1,1,0,0
1148,we want the test case to,0,0,0,0,1,0,0,1
1149,find these files and hence short circuit aborttask.,0,0,0,0,1,1,0,0
1158,tests context api and @link statusreporter#getprogress via @link taskattemptcontext#getprogress api .,0,0,1,0,0,1,0,1
1161,test class for topcli.,0,0,0,0,0,1,0,0
1163,end to end test case for upgrade domain,0,0,0,0,0,1,0,1
1164,the test configs upgrade domain for nodes via admin json,1,0,0,0,0,0,0,0
1167,satisfy the upgrade domain policy.,1,0,0,0,0,0,0,1
1174,files are broken into lines.,0,0,1,0,0,1,0,1
1175,either linefeed or carriage return are used to signal end of line.,1,0,0,0,0,0,0,1
1178,.,1,0,0,0,0,0,0,0
1186,encapsulates information regarding which data to retrieve for each entity,1,0,1,0,0,1,0,1
1187,while querying.,0,0,0,0,0,1,0,0
1188,br,0,0,0,0,0,1,0,1
1189,data to retrieve contains the following br,1,0,1,0,0,1,0,0
1190,ul,1,0,1,0,0,0,0,1
1191,li b confstoretrieve b used for deciding which configs to return,0,0,1,0,0,0,0,0
1192,in response.,1,0,1,0,0,0,0,1
1193,this is represented as a @link timelinefilterlist object,0,0,1,0,0,0,0,0
1194,containing @link timelineprefixfilter objects.,0,0,1,0,0,0,0,1
1195,these can either be,1,0,1,0,0,0,0,0
1196,exact config keys or prefixes which are then compared against config,1,0,1,0,0,0,0,0
1200,contains @link field#configs or @link field#all .,0,0,1,0,0,0,0,1
1202,confused with configfilters which is used to decide which entities to,1,0,1,0,0,0,0,0
1204,li,1,0,1,0,0,0,0,0
1207,this is represented as a @link timelinefilterlist object,0,0,1,0,0,0,0,1
1208,containing @link timelineprefixfilter objects.,0,0,1,0,0,0,0,0
1209,these can either be,1,0,1,0,0,0,0,0
1210,exact metric ids or prefixes which are then compared against metric,1,0,1,0,0,0,0,0
1213,"or empty, all metrics will be fetched if fieldstoretrieve contains",1,0,1,0,0,0,0,1
1216,with metricfilters which is used to decide which entities to return,1,0,1,0,0,0,0,1
1217,instead.,1,0,1,0,0,0,0,1
1218,li,1,0,1,0,0,0,0,1
1222,"namely entity id, entity type and entity created time.",1,0,1,0,0,0,0,0
1223,all fields will,1,0,1,0,0,0,0,0
1225,li,1,0,1,0,0,0,0,1
1228,number of metrics to return.,1,0,1,0,0,0,0,1
1229,this parameter is ignored if metrics are not to,1,0,1,0,0,0,0,0
1230,be fetched.,1,0,1,0,0,0,0,1
1231,li,1,0,1,0,0,0,0,0
1235,li,1,0,1,0,0,0,0,0
1237,be retrieved.,1,0,1,0,0,0,0,1
1239,li,1,0,1,0,0,0,0,0
1240,ul,1,0,1,0,0,0,0,0
1348,this abstract class is for monitoring health of timeline storage.,0,0,0,0,1,1,0,0
1352,implementation of runtimefactory with tony runtime,0,0,1,0,0,1,0,0
1355,basic event implementation to implement custom events.,0,0,0,0,1,1,0,0
1356,@param t,0,0,0,0,0,0,1,0
1361,input splits for distcp.,0,0,0,0,0,1,0,0
1362,it looks at the copy listing and groups the contents into input splits such,1,0,0,0,0,0,0,0
1363,that the total number of bytes to be copied for each input split is,1,0,0,0,0,0,0,0
1364,uniform.,1,0,0,0,0,0,0,0
1370,a utility class.,0,0,0,0,0,1,0,0
1372,a path filter utility to filter out output part files in the output dir,0,0,0,0,0,1,0,0
1373,this class filters output part files from the given directory,1,0,0,0,0,0,1,0
1374,it does not accept files with filenames logs and success.,1,0,0,0,0,0,1,0
1375,this can be used to list paths of output directory as follows,0,0,0,0,0,0,1,0
1377,new outputfilesfilter,0,0,0,0,0,0,1,0
1378,this class filters log files from directory given,1,0,0,0,0,0,1,0
1380,this can be used to list paths of output directory as follows,0,0,0,0,0,0,1,0
1381,"path filelist fileutil^stat2paths fs^liststatus outdir,",0,0,0,0,0,0,1,0
1382,new outputlogfilter,0,0,0,0,0,0,1,0
1403,a comparator for @link writablecomparable s.,0,0,1,0,0,1,0,0
1404,p this base implementation uses the natural ordering.,1,0,1,0,0,0,1,0
1405,to define alternate,1,0,1,0,0,0,1,0
1406,"orderings, override @link #compare writablecomparable,writablecomparable .",1,0,1,0,0,0,1,0
1407,p one may optimize compare intensive operations by overriding,0,0,1,0,0,0,1,0
1408,"@link #compare byte ,int,int,byte ,int,int .",0,0,1,0,0,0,1,0
1409,static utility methods are,0,0,1,0,0,0,1,0
1410,provided to assist in optimized implementations of this method.,0,0,1,0,0,0,1,0
1430,an implementation of the interface will provide authorization related,0,0,0,0,0,1,0,0
1431,information and enforce permission check.,0,0,0,0,0,1,0,0
1432,it is excepted that any of the,1,0,0,0,1,0,0,0
1434,involve expensive computation as these method could be invoked in rpc.,1,0,0,0,1,0,0,0
1443,submit a job to cluster.,0,0,0,0,0,1,0,0
1448,"similarly, the client side decoding will reuse the netty bytebuf as the buffer.",1,0,0,0,0,0,0,0
1451,a plugin which can be automatically instantiated within each spark executor.,0,0,0,0,0,1,0,1
1473,"perform streaming testing using welch s 2 sample t test on a stream of data, where the data",0,0,0,0,0,1,0,0
1474,stream arrives as text files in a directory.,0,0,0,0,0,1,0,1
1475,stops when the two groups are statistically,0,0,0,0,0,1,0,0
1476,significant p value 005 or after a user specified timeout in number of batches is exceeded.,0,0,0,0,0,1,0,1
1477,"the rows of the text files must be in the form boolean, double .",1,0,0,0,0,0,0,0
1479,"false, 392",1,0,0,0,0,0,0,0
1480,"true, 9932",1,0,0,0,0,0,0,1
1481,usage,0,0,0,0,0,0,1,0
1482,javastreamingtestexample datadir batchduration numbatchestimeout,0,0,0,0,0,0,1,0
1483,to run on your local machine using the directory datadir with 5 seconds between each batch and,0,0,0,0,0,0,1,0
1484,"a timeout after 100 insignificant batches, call",0,0,0,0,0,0,1,0
1485,bin run example mllib^javastreamingtestexample datadir 5 100,0,0,0,0,0,0,1,0
1486,as you add text files to datadir the significance test wil continually update every,0,0,0,0,0,0,1,0
1487,batchduration seconds until the test becomes significant p value 005 or the number of,0,0,0,0,0,0,1,0
1505,abstraction for a local key value store for storing app data.,0,0,0,0,0,1,0,0
1506,p,1,0,0,0,0,0,0,0
1507,there are two main features provided by the implementations of this interface,1,0,0,0,0,0,0,0
1508,p,1,0,0,0,0,0,0,0
1509,h3 serialization h3,1,0,0,0,0,0,0,0
1510,p,1,0,0,0,0,0,0,0
1511,"if the underlying data store requires serialization, data will be serialized to and deserialized",1,0,0,0,0,0,0,0
1512,"using a @link kvstoreserializer , which can be customized by the application.",1,0,1,0,0,0,0,0
1514,"based on jackson, so it supports all the jackson annotations for controlling the serialization of",1,0,0,0,0,0,0,0
1515,app defined types.,1,0,0,0,0,0,0,0
1517,p,1,0,0,0,0,0,0,0
1518,data is also automatically compressed to save disk space.,1,0,0,0,0,0,0,0
1519,p,1,0,0,0,0,0,0,0
1520,h3 automatic key management h3,1,0,0,0,0,0,0,0
1521,p,1,0,0,0,0,0,0,0
1524,"keys are based on the type name, and always start",1,0,0,0,0,0,0,0
1525,with the prefix character so that it s easy to use both manual and automatic key,1,0,0,0,0,0,0,0
1526,management apis without conflicts .,1,0,0,0,0,0,0,0
1528,p,1,0,0,0,0,0,0,0
1529,another feature of automatic key management is indexing by annotating fields or methods of,1,0,0,0,0,0,0,0
1530,"objects written to the store with @link kvindex , indices are created to sort the data",1,0,1,0,0,0,0,0
1533,to load all instances of those types from the store.,1,0,0,0,0,0,0,0
1534,p,1,0,0,0,0,0,0,0
1535,p,1,0,0,0,0,0,0,0
1536,kvstore instances are thread safe for both reads and writes.,1,0,0,0,0,0,0,0
1537,p,1,0,0,0,0,0,0,1
1576,implementation of the @link shuffledataio plugin system that replicates the local shuffle,0,0,1,0,0,1,0,1
1577,storage and index file functionality that has historically been used from spark 24 and earlier.,0,0,0,0,0,1,0,0
1584,request to remove a set of blocks.,0,0,0,0,0,1,0,1
1586,identifier for a fixed number of chunks to read from a stream created by an open blocks,0,0,0,0,0,1,0,0
1587,message.,0,0,0,0,0,1,0,1
1588,this is used by @link org^apache.spark^network.shuffle^oneforoneblockfetcher .,0,0,1,0,0,0,0,0
1592,"the set of fields this struct contains, along with convenience methods for finding and manipulating them.",0,0,0,0,0,1,0,1
1594,"a request to upload a block, which the destination should receive as a stream.",0,0,0,0,0,1,0,0
1596,it will be passed to the streamcallbackwithid,1,0,0,0,0,0,0,0
1607,"in this case, we ll able to use",0,0,0,0,1,0,0,0
1611,a standard way to create buttons ins edit del etc,0,0,0,0,1,0,0,0
1612,and to handle their events see buttonpressed int,0,0,0,0,1,0,0,0
1613,several utility methods to create widgets in the,0,0,0,0,1,0,0,0
1615,means to handle control messages which are the main,0,0,0,0,1,0,0,0
1631,action for a null rule,1,0,0,0,0,0,0,0
1634,ruler action to add breakpoint with a dialog properties.,0,0,0,0,0,1,0,1
1636,a delegate for the add line breakpoint action.,0,0,0,0,0,1,0,0
1638,initially derived from addfunctionbreakpointactiondelegate,1,0,0,0,0,0,0,0
1641,adds memory blocks to the memory view.,0,0,0,0,0,1,0,1
1642,p,1,0,0,0,0,0,0,0
1650,p,1,0,0,0,0,0,0,0
1651,@since 32,0,0,0,1,0,0,0,0
1652,"in order to avoid duplicating the addmemoryblocks method one version for expressions, one for memory space address, we pass in a an opaque parameter and let the logic within addmemoryblocks differentiate where needed via isinstanceof request object used to get the memory spaces",0,0,0,0,0,0,1,0
1662,the test suite will execute all the testcases added to the suite.,1,0,0,0,0,0,0,0
1667,this class provides the macro call parameter parsing for the autoconf editor hover,0,0,0,0,0,1,0,0
1668,it is modified from the cdt class cparameterlistvalidator,1,0,0,0,0,0,0,0
1669,@author jjohnstn,0,1,0,0,0,0,0,0
1673,@noextend this class is not intended to be subclassed by clients.,0,0,0,0,0,0,1,0
1675,tests for @link bindingclassifier .,0,0,1,0,0,1,0,1
1678,semantic actions called by the c99 parser to build an ast.,0,0,0,0,0,1,0,1
1679,@author mike kucera,0,1,0,0,0,0,0,0
1682,cconfigurationdescriptioncache is a proxy class for serialization of configuration description data.,0,0,0,0,0,1,0,1
1685,ol,0,0,0,0,0,0,1,0
1686,li initialization,0,0,0,0,0,0,1,1
1687,ul,0,0,0,0,0,0,1,0
1689,a new cconfigurationdescriptioncache is created,0,0,0,0,0,0,1,0
1691,li any clients needed icconfigurationdescription get cconfigurationdescription using constructor,0,0,0,0,0,0,1,0
1692,"cconfigurationdescription cconfigurationdata data, string buildsystemid, icdataproxycontainer cr",0,0,0,0,0,0,1,1
1693,where the cconfigurationdescriptioncache is passed as data.,0,0,0,0,0,0,1,1
1695,"li fcfgcache is used to getspecsettings cconfigurationspecsettings, after that fcfgcache is set to null.",0,0,0,0,0,0,1,0
1696,ul,0,0,0,0,0,0,1,1
1697,li user enters project properties settings,0,0,0,0,0,0,1,0
1699,li another cconfigurationdescription settings configuration created using the same constructor setting fcfgcache,0,0,0,0,0,0,1,0
1701,ul,0,0,0,0,0,0,1,0
1702,li user changes settings in the settings configuration cconfigurationdescription and saves it,0,0,0,0,0,0,1,1
1704,li new cconfigurationdescriptioncache is created from the cconfigurationdescription via constructor,0,0,0,0,0,0,1,1
1705,"cconfigurationdescriptioncache icconfigurationdescription basedescription, .",0,0,0,0,0,0,1,0
1706,where,0,0,0,0,0,0,1,1
1707,basedescription is saved as fbasedescription.,0,0,0,0,0,0,1,0
1708,li cconfigurationdescriptioncache^applydata .,0,0,0,0,0,0,1,0
1710,at that point,0,0,0,0,0,0,1,1
1712,ul,0,0,0,0,0,0,1,1
1714,@see icconfigurationdescription,0,0,1,0,0,0,1,0
1715,@see cconfigurationdescription,0,0,1,0,0,0,1,0
1716,@see cprojectdescriptionevent,0,0,1,0,0,0,1,0
1759,the clang toolchain.,0,0,0,0,0,1,0,0
1762,@author dschaefer,0,1,0,0,0,0,0,0
1766,common utilities for core build launch configuration tabs.,0,0,0,0,0,1,0,0
1767,@since 91,0,0,0,1,0,0,0,0
1770,@since 12.1,0,0,0,1,0,0,0,0
1771,@author jjohnstn,0,1,0,0,0,0,0,0
1775,@since 83,0,0,0,1,0,0,0,0
1778,c specific implementation allows actions to visit the problem.,0,0,0,0,0,1,0,0
1780,reference operator for declarators.,0,0,0,0,0,1,0,0
1784,a compiler would resolve it during instantiation.,1,0,0,0,0,0,0,0
1787,represents a variable implicitly created in c code.,0,0,0,0,0,1,0,0
1788,for example the initializer of a structured binding decomposition dcl^struct.bind,0,0,0,0,0,0,1,0
1789,"code auto first, second decomposed code",0,0,0,0,0,0,1,0
1790,the code initializerevaluation code has to be supplied.,0,0,0,0,0,0,1,0
1798,a property tester that determines if a file is an executable or a c c project.,0,0,0,0,0,1,0,0
1800,this class implements the setting of the cui initial preference store settings.,0,0,0,0,0,1,0,0
1801,@noextend this class is not intended to be subclassed by clients.,0,0,0,0,0,0,1,0
1808,the default implementation of the icontextinfo used by the environment variable provider,0,0,0,0,0,1,0,0
1809,"used to represent the configuration, project, workspace and eclipse environment contexts",0,0,0,0,1,0,0,0
1810,@since 30,0,0,0,1,0,0,0,0
1823,@since 10,0,0,0,1,0,0,0,0
1828,project property page for setting documentation comment owner.,0,0,0,0,0,1,0,0
1829,em this class is not intended for use outside of cdt em,0,0,0,0,0,0,1,0
1830,@noextend this class is not intended to be subclassed by clients.,0,0,0,0,0,0,1,0
1831,@noinstantiate this class is not intended to be instantiated by clients.,0,0,0,0,0,0,1,0
1836,@author jcamelon,0,1,0,0,0,0,0,0
1838,@author jcamelon,0,1,0,0,0,0,0,0
1840,@since 11,0,0,0,1,0,0,0,0
1851,currently the shell script is only for linux.,0,0,0,0,0,0,1,0
1856,@since 30,0,0,0,1,0,0,0,0
1860,@since 22,0,0,0,1,0,0,0,0
1861,helper class that stores some element paths and nodes using a certain format,1,0,0,0,0,0,0,0
1865,@noextend this interface is not intended to be extended by clients.,0,0,0,0,0,0,1,0
1869,need a new finallaunchsequence for gdb 712,0,0,0,1,0,0,0,0
1870,@since 52,0,0,0,1,0,0,0,0
1873,a specialization of expressionvmprovider that uses a gdb specific variable vm,0,0,0,0,0,1,0,0
1875,"to understand why this is necessary, see gdbvariablevmnode.",0,0,1,0,0,0,0,0
1879,default implementation of @link igdbsourcelookup,0,0,0,0,0,1,0,0
1880,@since 50,0,0,0,1,0,0,0,0
1886,@noinstantiate this class is not intended to be instantiated by clients.,0,0,0,0,0,0,1,0
1887,string constants for makefile contents and messages private static final string auto dep comment ^autodeps non nls 1 private static final string message managedmakebuilder^message non nls 1 private static final string build error message ^error non nls 1 private static final string dep incl comment ^module.dep^includes non nls 1 private static final string mod incl comment ^module.make^includes non nls 1 private itool buildtools private boolean buildtoolsused private imanagedbuildinfo info private set outputextensionsset maps of macro names string to values list dependency file variables private vector dependencymakefiles ipath s relative to the top build directory or absolute,0,0,0,0,0,0,1,0
1888,imanagedbuildermakefilegenerator m e t h o d s,0,0,0,0,0,0,1,0
1889,m a k e f i l e s p o p u l a t i o n m e t h o d s,0,0,0,0,0,0,1,0
1890,m a i n makefile m a k e f i l e m e t h o d s,0,0,0,0,0,0,1,0
1892,f r a g m e n t subdir^mk m a k e f i l e m e t h o d s,0,0,0,0,0,0,1,0
1893,m a k e f i l eg e n e r a t i o n c o m m o n m e t h o d s,0,0,0,0,0,0,1,0
1894,adds a macro addition prefix to a map of macro names to entries.,0,0,0,0,0,0,1,0
1895,entry prefixes look like,0,0,0,0,0,0,1,0
1896,c srcs,0,0,0,0,0,0,1,0
1898,r e s o u r c e v i s i t o r m e t h o d s,0,0,0,0,0,0,1,0
1899,o t h e r m e t h o d s,0,0,0,0,0,0,1,0
1900,"process a string denoting a filepath in a way compatible for gnu make rules, handling",0,0,0,0,0,0,1,0
1901,windows drive letters and whitespace appropriately.,0,0,0,0,0,0,1,0
1902,p p,0,0,0,0,0,0,1,0
1903,the context these paths appear in is on the right hand side of a rule header.,0,0,0,0,0,0,1,0
1904,ie,0,0,0,0,0,0,1,0
1905,p p,0,0,0,0,0,0,1,0
1906,target dep1 dep2 dep3,0,0,0,0,0,0,1,0
1907,p,0,0,0,0,0,0,1,0
1908,@param path the string denoting the path to process,0,0,0,0,0,0,1,0
1909,@throws nullpointerexception is path is null,0,0,0,0,0,0,1,0
1910,@return a suitable make rule compatible path,0,0,0,0,0,0,1,0
1912,what resources have been changed.,0,0,0,0,0,0,1,0
1914,if a,0,0,0,0,0,0,1,0
1916,in which they are located are dirty so the makefile fragments for them,0,0,0,0,0,0,1,0
1917,have to be regenerated.,0,0,0,0,0,0,1,0
1920,itself.,0,0,0,0,0,0,1,0
1921,we are relying on make to do the right things when confronted,0,0,0,0,0,0,1,0
1922,with a dependency on a moved header file.,0,0,0,0,0,0,1,0
1923,"that said, make will treat",0,0,0,0,0,0,1,0
1924,the missing header file in a dependency rule as a target it has to build,0,0,0,0,0,0,1,0
1926,these dummy targets are added to the makefile,0,0,0,0,0,0,1,0
1927,to avoid a missing target error.,0,0,0,0,0,0,1,0
1928,string constants for makefile contents and messages private static final string auto dep comment ^autodeps non nls 1 private static final string message managedmakebuilder^message non nls 1 private static final string build error message ^error non nls 1 private static final string dep incl comment ^module.dep^includes non nls 1 private static final string mod incl comment ^module.make^includes non nls 1 private itool buildtools private boolean buildtoolsused private imanagedbuildinfo info private set outputextensionsset maps of macro names string to values list dependency file variables private vector dependencymakefiles ipath s relative to the top build directory or absolute,0,0,0,0,0,0,1,0
1930,m a k e f i l e s p o p u l a t i o n m e t h o d s,0,0,0,0,0,0,1,0
1931,m a i n makefile m a k e f i l e m e t h o d s,0,0,0,0,0,0,1,0
1933,f r a g m e n t subdir^mk m a k e f i l e m e t h o d s,0,0,0,0,0,0,1,0
1934,m a k e f i l eg e n e r a t i o n c o m m o n m e t h o d s,0,0,0,0,0,0,1,0
1936,entry prefixes look like,0,0,0,0,0,0,1,0
1938,"addprefix root ,",0,0,0,0,0,0,1,0
1939,r e s o u r c e v i s i t o r m e t h o d s,0,0,0,0,0,0,1,0
1940,o t h e r m e t h o d s,0,0,0,0,0,0,1,0
1941,"process a string denoting a filepath in a way compatible for gnu make rules, handling",0,0,0,0,0,0,1,0
1942,windows drive letters and whitespace appropriately.,0,0,0,0,0,0,1,0
1943,p p,0,0,0,0,0,0,1,0
1944,the context these paths appear in is on the right hand side of a rule header.,0,0,0,0,0,0,1,0
1945,ie,0,0,0,0,0,0,1,0
1946,p p,0,0,0,0,0,0,1,0
1948,p,0,0,0,0,0,0,1,0
1949,@param path the string denoting the path to process,0,0,0,0,0,0,1,0
1950,@throws nullpointerexception is path is null,0,0,0,0,0,0,1,0
1951,@return a suitable make rule compatible path,0,0,0,0,0,0,1,0
2024,command handler to trigger grouping of debug contexts operation.,0,0,0,0,0,1,0,0
2025,@since 71,0,0,0,1,0,0,0,0
2028,action used for the include browser forward backward buttons,0,0,0,0,0,1,0,0
2030,@noextend this class is not intended to be subclassed by clients.,0,0,0,0,0,0,1,0
2031,@noimplement this interface is not intended to be implemented by clients.,0,0,0,0,0,0,1,0
2036,see interface hierarchy for more specifics.,0,0,1,0,0,0,0,0
2041,see @link icsettingentry#library file .,0,0,1,0,0,0,0,0
2055,@noimplement this interface is not intended to be implemented by clients.,0,0,0,0,0,0,1,1
2058,represents an instance of an alias template 145.7 .,0,0,0,0,0,1,0,0
2059,@since 55,0,0,0,1,0,0,0,1
2060,@noextend this interface is not intended to be extended by clients.,0,0,0,0,0,0,1,0
2061,@noimplement this interface is not intended to be implemented by clients.,0,0,0,0,0,0,1,1
2066,this interface represents a linkage specification.,0,0,0,0,0,1,0,0
2068,@noextend this interface is not intended to be extended by clients.,0,0,0,0,0,0,1,1
2069,@noimplement this interface is not intended to be implemented by clients.,0,0,0,0,0,0,1,0
2075,"there are two virt specifiers, final and override .",1,0,0,0,0,0,0,0
2076,@noimplement this interface is not intended to be implemented by clients.,0,0,0,0,0,0,1,1
2085,@noimplement this interface is not intended to be implemented by clients.,0,0,0,0,0,0,1,1
2090,an instance is usually provided by an adapter.,1,0,0,0,0,0,0,0
2093,a factory to create dsf services.,0,0,0,0,0,1,0,1
2096,@since 11,0,0,0,1,0,0,0,1
2100,the tracecontrol service provides access to the debugger tracing functionality.,0,0,0,0,0,1,0,0
2101,it is used to do such things as start and stop tracing.,0,0,0,0,1,0,0,0
2102,@since 30,0,0,0,1,0,0,0,1
2103,gdb specific part,1,0,0,0,0,0,0,0
2104,marker interface for a context on which trace operations can be performed,1,0,0,0,0,0,0,1
2106,specific trace record context.,1,0,0,0,0,0,0,1
2107,it describes tracing data.,1,0,0,0,0,0,0,0
2108,gdb specific part,1,0,0,0,0,0,0,1
2109,this is the model data interface that corresponds to itracerecorddmcontext.,1,0,0,0,0,0,0,0
2110,gdb specific part,1,0,0,0,0,0,0,1
2111,trace events,1,0,0,0,0,0,0,0
2112,gdb specific part @since 44,1,0,0,1,0,0,0,1
2127,represents an include declaration in a c translation unit.,0,0,0,0,0,1,0,1
2128,@noextend this interface is not intended to be extended by clients.,0,0,0,0,0,0,1,0
2129,@noimplement this interface is not intended to be implemented by clients.,0,0,0,0,0,0,1,1
2136,@noextend this interface is not intended to be extended by clients.,0,0,0,0,0,0,1,0
2137,@noimplement this interface is not intended to be implemented by clients.,0,0,0,0,0,0,1,1
2140,service for controlling the back end process.,0,0,0,0,0,1,0,0
2141,@since 11,0,0,0,1,0,0,0,0
2146,"represents a microsoft attribute specifier, introduced by declspec.",0,0,0,0,0,1,0,0
2147,@since 66,0,0,0,1,0,0,0,1
2148,@noextend this interface is not intended to be extended by clients.,0,0,0,0,0,0,1,0
2149,@noimplement this interface is not intended to be implemented by clients.,0,0,0,0,0,0,1,1
2154,control flow graph node factory,0,0,0,0,0,1,0,0
2155,@noextend this interface is not intended to be extended by clients.,0,0,0,0,0,0,1,1
2161,p,0,0,0,0,0,0,1,0
2162,clients may implement this interface.,0,0,0,0,0,0,1,1
2163,p,0,0,0,0,0,0,1,0
2164,@since 50,0,0,0,1,0,0,0,1
2175,service extension of iregisters to manage user defined register groups,0,0,0,0,0,1,0,1
2176,@since 26,0,0,0,1,0,0,0,1
2179,parses a line of command output looking for scanner info entries.,0,0,0,0,0,1,0,1
2180,@author vhirsl,0,1,0,0,0,0,0,0
2185,@noextend this interface is not intended to be extended by clients.,0,0,0,0,0,0,1,0
2187,represents status of the test item.,0,0,0,0,0,1,0,0
2195,provides the ability to view a variable in the memory view.,0,0,0,0,0,1,0,0
2196,@since 74,0,0,0,1,0,0,0,1
2199,helper class handling serialization and notifications for language settings entries @link iclanguagesettingentry .,0,0,0,0,0,1,0,1
2202,those are for readability of xml only,0,0,0,0,0,1,0,1
2205,wrapper for workspace providers to ensure level of indirection.,0,0,0,0,0,1,0,0
2209,those are for readability of xml only,0,0,0,0,0,1,0,1
2219,@noextend this class is not intended to be subclassed by clients.,0,0,0,0,0,0,1,1
2221,@noextend this class is not intended to be subclassed by clients.,0,0,0,0,0,0,1,0
2223,in some cases gdb reports exec commands failure after the ^running event is fired.,0,0,0,0,1,0,0,0
2237,this class handles these type of situations by firing mierrorevent when such an error appears.,0,0,0,0,0,1,0,0
2238,@since 53,0,0,0,1,0,0,0,0
2246,p,0,0,1,0,0,0,0,1
2247,"bug 530377 prior to fixing 530377, events that arrived from gdb faster than",0,0,1,0,0,0,0,0
2248,dsf eclipse fully processed them could cause the state within the,0,0,1,0,0,0,0,0
2249,synchronizer and manager to become corrupt.,0,0,1,0,0,0,0,0
2251,"takes multiple dsf stages to complete handling 1 event, so the handling of",0,0,1,0,0,0,0,0
2252,the next event would become intermingled.,0,0,1,0,0,0,0,0
2253,that violated many assumptions in,0,0,1,0,0,0,0,0
2254,the code that the code run in the respective requestmonitor would be on the,0,0,1,0,0,0,0,0
2255,same state.,0,0,1,0,0,0,0,0
2256,this is an unsuprising assumption based on the general idea of,0,0,1,0,0,0,0,0
2257,dsf as not requiring the normal synchronization primitives as everything is,0,0,1,0,0,0,0,0
2259,"to resolve this problem, there is some code",0,0,1,0,0,0,0,0
2260,@link #queueevent breakpointevent that ensures each event is fully,0,0,1,0,0,0,0,0
2261,processed before the next event starts processing.,0,0,1,0,0,0,0,0
2263,catchpoint expressions gdb tracepoint commands,1,0,0,0,0,0,0,0
2264,class to store an event that needs to be performed by the synchronizer,1,0,0,0,0,0,0,0
2265,@see mibreakpointssynchronizer class documentation for design comments,1,0,0,0,0,0,0,0
2287,data list register names regno,0,0,0,0,0,0,1,0
2288,show a list of register names for the current target.,0,0,0,0,0,1,0,0
2301,environment directory r pathdir,0,0,0,0,0,0,1,0
2302,add directory pathdir to beginning of search path for source files.,0,0,0,0,0,1,0,0
2309,@since 42,0,0,0,1,0,0,0,0
2313,provide the data.,0,0,0,0,1,0,0,0
2314,sub classes must supply the miarg object.,0,0,0,0,0,0,1,0
2316,"a map of threadid framescacheinfo, that can be cleared based on a context.",0,0,0,0,1,0,0,0
2317,we use this cache for a few reasons,0,0,0,0,1,0,0,0
2318,br,0,0,0,0,1,0,0,0
2320,pre,0,0,0,0,1,0,0,0
2322,stack info depth 2,0,0,0,0,1,0,0,0
2323,pre,0,0,0,0,1,0,0,0
2324,would both be sent to gdb because the command cache sees them as different.,0,0,0,0,1,0,0,0
2325,this cache allows us to know that if we already asked for a stack depth,0,0,0,0,1,0,0,0
2326,we can potentially re use the answer.,0,0,0,0,1,0,0,0
2327,br,0,0,0,0,1,0,0,0
2328,the same concept is applicable for the stack list frames command with different limits.,0,0,0,0,1,0,0,0
2331,the second reason is that gdb is unreliable when it comes to returning frames.,0,0,0,0,1,0,0,0
2332,the mi protocol only allows to reply,0,0,0,0,1,0,0,0
2334,"when gdb is unwinding sometimes it gets both, and while the console cli protocol has no",0,0,0,0,1,0,0,0
2335,"problem with that, for mi, gdb replies randomly, sometimes with data, sometimes with error.",0,0,0,0,1,0,0,0
2336,if we cache the valid data,0,0,0,0,1,0,0,0
2337,it will eliminate the issue with invalid data on subsequent invocations.,0,0,0,0,1,0,0,0
2338,we don t cache errors.,0,0,0,0,1,0,0,0
2339,base class for the iframedmdata object that uses an miframe object to,0,0,0,0,1,0,0,0
2340,provide the data.,0,0,0,0,1,0,0,0
2341,sub classes must provide the miframe object,0,0,0,0,1,0,0,0
2374,"thread group added,id i1",1,0,0,0,0,0,0,0
2375,this can only be detected by gdb mi with gdb 72.,0,0,0,1,0,0,0,0
2376,@since 51,0,0,0,1,0,0,0,0
2380,@noextend this class is not intended to be subclassed by clients.,0,0,0,0,0,0,1,0
2382,tab group for launch group.,0,0,0,0,0,1,0,0
2383,"@deprecated see bug 517722, launch groups are now part of platform.",0,0,0,1,0,0,0,0
2386,@author doug schaefer,0,1,0,0,0,0,0,0
2387,@noextend this class is not intended to be subclassed by clients.,0,0,0,0,0,0,1,0
2388,@noinstantiate this class is not intended to be instantiated by clients.,0,0,0,0,0,0,1,0
2392,"represents declarations, definitions and references to bindings, except for macros.",0,0,0,0,0,1,0,0
2397,visitors used to filter the element delta changes,1,0,0,0,0,0,0,0
2401,this class implements external process launching for internal builder.,0,0,0,0,0,1,0,0
2405,@author marc dumais,0,1,0,0,0,0,0,0
2407,@see also http www^linuxhowtos.org system procstat^htm,0,0,1,0,0,0,0,0
2410,a data structure for storing lists of pdomnames that are indexed by a string key.,0,0,0,0,0,1,0,0
2411,"this is equivalent to the java type map string, list pdomname .",1,0,0,0,0,0,0,0
2414,@author ee4 graf ifs,0,1,0,0,0,0,0,0
2424,test for @see returncheckertest class,0,0,1,0,0,1,0,0
2431,instances can be obtained from a @link rulercolumnregistry .,0,0,1,0,0,0,1,0
2432,@since 72,0,0,0,1,0,0,0,0
2433,@noinstantiate this class is not intended to be instantiated by clients.,0,0,0,0,0,0,1,0
2440,enumeration class for scanner configuration affecting command line options,0,0,0,0,0,1,0,0
2446,p,1,0,0,1,0,0,0,0
2450,"located in the @link #build path directory, but it is now located in the",0,0,0,0,0,0,1,0
2451,@link basetestcase#source path directory.,0,0,0,0,0,0,1,0
2452,p,1,0,0,1,0,0,0,0
2453,the wild card in sourcelookup ^exe can be one of the following to cover the,0,0,0,0,0,0,1,0
2454,different effective types of source lookups that need to be done depending on,0,0,0,0,0,0,1,0
2455,how the program was compiled.,0,0,0,0,0,0,1,0
2456,each of these options produces different debug,0,0,0,0,0,0,1,0
2457,information about where to find the source file.,0,0,0,0,0,0,1,0
2458,see the makefile for more,0,0,1,0,0,0,1,0
2459,information.,0,0,1,0,0,0,1,0
2460,ul,0,0,0,0,0,0,1,0
2461,li b ac b absolute and canonical path no .,0,0,0,0,0,0,1,0
2462,.,0,0,0,0,0,0,1,0
2463,in path passed to gcc,0,0,0,0,0,0,1,0
2464,li,0,0,0,0,0,0,1,0
2466,.,0,0,0,0,0,0,1,0
2467,in path passed to gcc,0,0,0,0,0,0,1,0
2470,.,0,0,0,0,0,0,1,0
2472,li,0,0,0,0,0,0,1,0
2475,in path passed to gcc,0,0,0,0,0,0,1,0
2476,li,0,0,0,0,0,0,1,0
2478,ul,0,0,0,0,0,0,1,0
2479,"in addition, there can also be a b dwarf2 b in the name.",0,0,0,1,0,0,0,0
2480,that means it is,0,0,0,1,0,0,0,0
2481,"designed to run with gdb 74, see comment in makefile for olddwarfflags.",0,0,0,1,0,0,0,0
2482,p,1,0,0,1,0,0,0,0
2483,the result of the variations on compilation arguments means that some of the,0,0,0,1,0,0,1,0
2484,tests are parameterised.,0,0,0,1,0,0,0,0
2487,"others, therefore the relevant tests use assumegdbversion methods to be",0,0,0,1,0,0,0,0
2488,skipped when appropriate.,0,0,0,1,0,0,0,0
2531,spell event fired for words detected by a spell check iterator.,0,0,0,0,0,1,0,0
2533,celementlabelprovider that respects settings from the appearance preference page.,0,0,0,0,0,1,0,0
2534,triggers a viewer update when a preference changes.,1,0,0,0,0,0,0,0
2535,@deprecated use @link appearanceawarelabelprovider instead.,0,0,0,1,0,0,0,0
2539,dialog field containing a label and a text control.,0,0,0,0,0,1,0,0
2544,toggles a dynamic printf in a c c editor.,0,0,0,0,0,1,0,0
2545,@since 75,0,0,0,1,0,0,0,0
2549,@since 21,0,0,0,1,0,0,0,0
2552,a console that is used to print traces.,0,0,0,0,0,1,0,0
2558,@since 21,0,0,0,1,0,0,0,0
2559,this class was moved from package org^eclipse.cdt^dsf.gdb^internal.ui^tracing,0,0,0,1,0,0,0,0
2579,cell modifier used to edit the trigger value.,0,0,0,0,0,1,0,0
2581,see org^eclipse.cdt^internal.ui^dialogs.typedviewerfilter,0,0,1,0,0,0,0,1
2585,command handler to trigger an uncall operation,0,0,0,0,0,1,0,0
2586,@since 70,0,0,0,1,0,0,0,0
2589,enumeration of keywords that upc adds to c99.,0,0,0,0,0,1,0,0
2590,@author mike kucera,0,1,0,0,0,0,0,0
2593,"implementation of the ilanguage extension point, adds upc as a language to cdt.",0,0,0,0,0,1,0,1
2594,@author mike kucera,0,1,0,0,0,0,0,0
2597,helper class implementation of the @link ihaschildrenupdate update object.,0,0,0,0,0,1,0,0
2598,@see vmviewerupdate,0,0,1,0,0,0,0,0
2599,@since 10,0,0,0,1,0,0,0,1
2603,manage code formatter white space options on a higher level.,0,0,0,0,0,1,0,1
2604,preview snippets.,0,0,0,0,0,0,1,0
2605,"private void createbeforeellipsis map workingvalues, innernode parent createoption parent, workingvalues, formattermessages^whitespaceoptions vararg parameter, defaultcodeformatterconstants^formatter insert space before ellipsis, vararg parameter preview private void createafterellipsis map workingvalues, innernode parent createoption parent, workingvalues, formattermessages^whitespaceoptions vararg parameter, defaultcodeformatterconstants^formatter insert space after ellipsis, vararg parameter preview syntax element tree private innernode createreturntree map workingvalues, innernode parent final innernode root new innernode parent, workingvalues, formattermessages^whitespaceoptions return createoption root, workingvalues, formattermessages^whitespacetabpage before parenthesized expressions, defaultcodeformatterconstants^formatter insert space before parenthesized expression in return, return preview return root private innernode createthrowtree map workingvalues, innernode parent final innernode root new innernode parent, workingvalues, formattermessages^whitespaceoptions throw createoption root, workingvalues, formattermessages^whitespacetabpage before parenthesized expressions, defaultcodeformatterconstants^formatter insert space before parenthesized expression in throw, throw preview return root",0,0,0,0,0,0,1,0
2606,represents a node in the options tree.,0,0,0,0,0,0,1,1
2608,"private void createbeforeellipsis map workingvalues, innernode parent createoption parent, workingvalues, formattermessages^whitespaceoptions vararg parameter, defaultcodeformatterconstants^formatter insert space before ellipsis, vararg parameter preview private void createafterellipsis map workingvalues, innernode parent createoption parent, workingvalues, formattermessages^whitespaceoptions vararg parameter, defaultcodeformatterconstants^formatter insert space after ellipsis, vararg parameter preview syntax element tree private innernode createreturntree map workingvalues, innernode parent final innernode root new innernode parent, workingvalues, formattermessages^whitespaceoptions return createoption root, workingvalues, formattermessages^whitespacetabpage before parenthesized expressions, defaultcodeformatterconstants^formatter insert space before parenthesized expression in return, return preview return root private innernode createthrowtree map workingvalues, innernode parent final innernode root new innernode parent, workingvalues, formattermessages^whitespaceoptions throw createoption root, workingvalues, formattermessages^whitespacetabpage before parenthesized expressions, defaultcodeformatterconstants^formatter insert space before parenthesized expression in throw, throw preview return root",0,0,0,0,0,0,1,0
2609,a node representing a group of options in the tree.,0,0,0,0,0,0,1,0
2610,preview snippets.,0,0,0,0,0,0,1,0
2611,"private void createbeforeellipsis map workingvalues, innernode parent createoption parent, workingvalues, formattermessages^whitespaceoptions vararg parameter, defaultcodeformatterconstants^formatter insert space before ellipsis, vararg parameter preview private void createafterellipsis map workingvalues, innernode parent createoption parent, workingvalues, formattermessages^whitespaceoptions vararg parameter, defaultcodeformatterconstants^formatter insert space after ellipsis, vararg parameter preview syntax element tree private innernode createreturntree map workingvalues, innernode parent final innernode root new innernode parent, workingvalues, formattermessages^whitespaceoptions return createoption root, workingvalues, formattermessages^whitespacetabpage before parenthesized expressions, defaultcodeformatterconstants^formatter insert space before parenthesized expression in return, return preview return root private innernode createthrowtree map workingvalues, innernode parent final innernode root new innernode parent, workingvalues, formattermessages^whitespaceoptions throw createoption root, workingvalues, formattermessages^whitespacetabpage before parenthesized expressions, defaultcodeformatterconstants^formatter insert space before parenthesized expression in throw, throw preview return root",0,0,0,0,0,0,1,0
2612,a node representing a concrete white space option in the tree.,0,0,0,0,0,0,1,1
2623,proposal to ignore the word during the current editing session.,0,0,0,0,0,1,0,0
2631,@param e the element type of the collection to be tested.,0,0,0,0,0,0,1,0
2637,instances for each @link runnable and @link callable submitted to it.,0,0,0,0,0,1,0,0
2638,these tasks are run,1,0,0,0,0,0,0,0
2639,with the abstract @link #execute execute runnable method.,1,0,0,0,0,0,0,0
2641,termination.,0,0,0,0,0,0,1,0
2642,@author chris povirk,0,1,0,0,0,0,0,0
2643,@since 140,0,0,0,1,0,0,0,0
2652,this class provides a skeletal implementation of the @code cache interface to minimize the,0,0,0,0,1,1,0,0
2653,effort required to implement this interface.,0,0,0,0,1,0,0,0
2654,"p to implement a cache, the programmer needs only to extend this class and provide an",0,0,0,0,0,0,1,0
2662,all other methods throw,0,0,0,0,0,0,1,0
2664,@author charles fry,0,1,0,0,0,0,0,0
2665,@since 110,0,0,0,1,0,0,0,0
2681,"a skeleton @code multimap implementation, not necessarily in terms of a @code map .",0,0,0,0,0,1,0,0
2682,@author louis wasserman,0,1,0,0,0,0,0,0
2685,superclass for all @code multimap testers.,0,0,0,0,0,1,0,0
2686,@author louis wasserman,0,1,0,0,0,0,0,0
2689,basic implementation of a @link sortedsetmultimap with a sorted key set.,0,0,0,0,0,1,0,0
2690,p this superclass allows @code treemultimap to override methods to return navigable set and,0,0,0,0,1,0,0,0
2691,"map types in non gwt only, while gwt code will inherit the sortedmap sortedset overrides.",0,0,0,0,1,0,0,0
2692,@author louis wasserman,0,1,0,0,0,0,0,0
2697,"supplies an arbitrary default instance for a wide range of types, often useful in testing",0,0,0,0,0,1,0,0
2698,utilities.,0,0,0,0,0,1,0,0
2699,"p covers arrays, enums and common types defined in @code java^lang , @code java^lang.reflect ,",1,0,0,0,0,0,0,0
2700,"@code java^io , @code java^nio , @code java^math , @code java^util , @code",1,0,0,0,0,0,0,0
2701,"java^util.concurrent , @code java^util.regex , @code com^google.common^base , @code",1,0,0,0,0,0,0,0
2702,com^google.common^collect and @code com^google.common^primitives .,1,0,0,0,0,0,0,0
2703,"in addition, if the type",1,0,0,0,0,0,0,0
2704,"exposes at least one public static final constant of the same type, one of the constants will be",1,0,0,0,0,0,0,0
2705,used or if the class exposes a public parameter less constructor then it will be new d and,1,0,0,0,0,0,0,0
2706,returned.,1,0,0,0,0,0,0,0
2707,p all default instances returned by @link #get are generics safe.,0,0,1,0,0,0,1,0
2709,"errors for using @code get comparator^class as a @code comparator foo , for example.",0,0,0,0,0,0,1,0
2711,number types reasonable default instance for other stateless types.,0,0,0,0,0,0,1,0
2712,"for mutable types, a fresh",0,0,0,0,0,0,1,0
2713,instance is created each time @code get is called.,0,0,0,0,0,0,1,0
2714,@author kevin bourrillion,0,1,0,0,0,0,0,0
2715,@author ben yu,0,1,0,0,0,0,0,0
2716,@since 120,0,0,0,1,0,0,0,0
2746,a dummy superclass to support gwt serialization of the element types of an @link,0,0,0,0,0,1,0,0
2747,arraylistmultimap .,0,0,0,0,0,1,0,0
2748,the gwt supersource for this class contains a field for each type.,1,0,0,0,0,0,0,0
2749,"p for details about this hack, see @link gwtserializationdependencies , which takes the same",0,0,1,0,0,0,0,0
2750,approach but with a subclass rather than a superclass.,0,0,1,0,0,0,0,0
2757,source,0,0,1,0,0,0,0,0
2759,modified to adapt to guava coding conventions,0,0,1,0,0,0,0,0
2760,unit test for @link atomicdoublearray .,0,0,0,0,0,1,0,0
2767,a bloom filter for instances of @code t .,0,0,0,0,0,1,0,0
2768,a bloom filter offers an approximate containment test,0,0,0,0,0,1,0,0
2769,"with one sided error if it claims that an element is contained in it, this might be in error,",0,0,0,0,0,1,0,0
2770,"but if it claims that an element is i not i contained in it, then this is definitely true.",0,0,0,0,0,1,0,0
2771,"p if you are unfamiliar with bloom filters, this nice a",0,0,1,0,0,0,0,0
2772,href http llimllib^github.com bloomfilter tutorial tutorial a may help you understand how,0,0,1,0,0,0,0,0
2773,they work.,0,0,1,0,0,0,0,0
2774,p the false positive probability @code fpp of a bloom filter is defined as the probability,1,0,1,0,0,0,0,0
2775,that @linkplain #mightcontain object will erroneously return @code true for an object that,1,0,1,0,0,0,0,0
2776,has not actually been put in the @code bloomfilter .,1,0,1,0,0,0,0,0
2777,p bloom filters are serializable.,1,0,1,0,0,0,0,0
2778,they also support a more compact serial representation via the,1,0,1,0,0,0,0,0
2779,@link #writeto and @link #readfrom methods.,1,0,1,0,0,0,0,0
2780,both serialized forms will continue to be,1,0,0,0,0,0,0,0
2781,supported by future versions of this library.,1,0,0,0,0,0,0,0
2783,"of the code may not be readable by older versions of the code eg, a serialized bloom filter",1,0,0,1,0,0,0,0
2784,generated today may i not i be readable by a binary that was compiled 6 months ago .,1,0,0,1,0,0,0,0
2785,"p as of guava 230, this class is thread safe and lock free.",0,0,0,1,0,0,0,0
2787,compare and swap to ensure correctness when multiple threads are used to access it.,0,0,0,1,0,0,0,0
2788,@param t the type of instances that the @code bloomfilter accepts,0,0,0,0,0,0,1,0
2789,@author dimitris andreou,0,1,0,0,0,0,0,0
2790,@author kevin bourrillion,0,1,0,0,0,0,0,0
2791,@since 110 thread safe since 230,0,0,0,1,0,0,0,0
2792,"cheat sheet m total bits n expected insertions b m n, bits per insertion p expected false positive probability 1 optimal k b ln2 2 p 1 e ^ kn m ^k 3 for optimal k p 2 ^ k 06185^b 4 for optimal k m nlnp ln2 ^ 2",0,0,0,0,0,0,1,0
2793,"a strategy to translate t instances, to @code numhashfunctions bit indexes.",0,0,0,0,0,0,1,0
2794,p implementations should be collections of pure functions ie stateless .,0,0,0,0,0,0,1,0
2832,a builder of @link loadingcache and @link cache instances having any combination of the,1,0,0,0,0,1,1,0
2835,li automatic loading of entries into the cache,1,0,0,0,0,0,0,0
2837,"li time based expiration of entries, measured since last access or last write",1,0,0,0,0,0,0,0
2838,li keys automatically wrapped in @linkplain weakreference weak references,1,0,0,0,0,0,0,0
2839,li values automatically wrapped in @linkplain weakreference weak or @linkplain,1,0,0,0,0,0,0,0
2840,softreference soft references,1,0,0,0,0,0,0,0
2841,li notification of evicted or otherwise removed entries,1,0,0,0,0,0,0,0
2843,ul,1,0,0,0,0,0,0,0
2844,p these features are all optional caches can be created using all or none of them.,0,0,0,0,0,0,1,0
2845,by default,1,0,0,0,0,0,1,0
2846,cache instances created by @code cachebuilder will not perform any type of eviction.,0,0,0,0,0,0,1,0
2847,p usage example,0,0,0,0,0,0,1,0
2848,pre @code,0,0,0,0,0,0,1,0
2850,maximumsize 10000,0,0,0,0,0,0,1,0
2851,expireafterwrite duration^ofminutes 10,0,0,0,0,0,0,1,0
2853,build,0,0,0,0,0,0,1,0
2854,"new cacheloader key, graph",0,0,0,0,0,0,1,0
2855,public graph load key key throws anyexception,0,0,0,0,0,0,1,0
2856,return createexpensivegraph key,0,0,0,0,0,0,1,0
2859,pre @code,0,0,0,0,0,0,1,0
2860,in real life this would come from a command line flag or config file,1,0,0,0,0,0,1,0
2863,removallistener my listener,0,0,0,0,0,0,1,0
2864,build,0,0,0,0,0,0,1,0
2866,public graph load key key throws anyexception,0,0,0,0,0,0,1,0
2867,return createexpensivegraph key,0,0,0,0,0,0,1,0
2868,pre,0,0,0,0,0,0,1,0
2869,p the returned cache is implemented as a hash table with similar performance characteristics to,0,0,0,0,0,0,1,0
2870,@link concurrenthashmap .,0,0,0,0,0,0,1,0
2872,@link cache interfaces.,0,0,0,0,0,0,1,0
2873,the @code asmap view and its collection views have i weakly,0,0,0,0,0,0,1,0
2874,consistent iterators i .,0,0,0,0,0,0,1,0
2875,"this means that they are safe for concurrent use, but if other threads",0,0,0,0,0,0,1,0
2876,"modify the cache after the iterator is created, it is undefined which of these changes, if any,",0,0,0,0,0,0,1,0
2877,are reflected in that iterator.,0,0,0,0,0,0,1,0
2878,these iterators never throw @link,0,0,1,0,0,0,1,0
2879,concurrentmodificationexception .,0,0,1,0,0,0,1,0
2881,object#equals equals method to determine equality for keys or values.,0,0,0,0,0,0,1,0
2883,"#weakkeys was specified, the cache uses identity @code comparisons instead for keys.",0,0,0,0,0,0,1,0
2884,"likewise, if @link #weakvalues or @link #softvalues was specified, the cache uses identity",0,0,0,0,0,0,1,0
2885,comparisons for values.,0,0,0,0,0,0,1,0
2886,p entries are automatically evicted from the cache when any of @linkplain #maximumsize long,1,0,0,0,0,0,1,0
2887,"maximumsize , @linkplain #maximumweight long maximumweight , @linkplain #expireafterwrite",1,0,0,0,0,0,1,0
2888,"expireafterwrite , @linkplain #expireafteraccess expireafteraccess , @linkplain #weakkeys",1,0,0,0,0,0,1,0
2889,"weakkeys , @linkplain #weakvalues weakvalues , or @linkplain #softvalues softvalues are",1,0,0,0,0,0,1,0
2890,requested.,1,0,0,0,0,0,1,0
2891,p if @linkplain #maximumsize long maximumsize or @linkplain #maximumweight long,0,0,0,0,0,0,1,0
2894,"expireafteraccess is requested entries may be evicted on each cache modification, on occasional",0,0,0,0,0,0,1,0
2895,"cache accesses, or on calls to @link cache#cleanup .",0,0,0,0,0,0,1,0
2898,"p if @linkplain #weakkeys weakkeys , @linkplain #weakvalues weakvalues , or @linkplain",0,0,0,0,0,0,1,0
2901,entries with reclaimed keys or values may be removed from,0,0,0,0,0,0,1,0
2902,"the cache on each cache modification, on occasional cache accesses, or on calls to @link",0,0,0,0,0,0,1,0
2904,read or write operations.,0,0,0,0,0,0,1,0
2905,p certain cache configurations will result in the accrual of periodic maintenance tasks which,1,0,0,0,0,0,1,0
2907,writes.,0,0,0,0,0,0,1,0
2909,calling it should not be necessary with a high throughput cache.,1,0,0,0,0,0,1,0
2910,only caches built with,0,0,0,0,0,0,1,0
2911,"@linkplain #removallistener removallistener , @linkplain #expireafterwrite expireafterwrite ,",0,0,0,0,0,0,1,0
2913,"#weakvalues weakvalues , or @linkplain #softvalues softvalues perform periodic maintenance.",0,0,0,0,0,0,1,0
2915,retain all the configuration properties of the original cache.,0,0,0,0,0,0,1,0
2916,note that the serialized form does,0,0,0,0,0,0,1,0
2917,"i not i include cache contents, but only configuration.",0,0,0,0,0,0,1,0
2918,p see the guava user guide article on a,0,0,1,0,0,0,0,0
2919,href https github^com google guava wiki cachesexplained caching a for a higher level,0,0,1,0,0,0,0,0
2920,explanation.,0,0,1,0,0,0,0,0
2922,this is,0,0,0,0,0,0,1,0
2924,#removallistener,0,0,0,0,0,0,1,0
2926,this is,0,0,0,0,0,0,1,0
2927,normally @code object unless it is constrained by using a method like @code,0,0,0,0,0,0,1,0
2928,#removallistener,0,0,0,0,0,0,1,0
2929,@author charles fry,0,1,0,0,0,0,0,0
2930,@author kevin bourrillion,0,1,0,0,0,0,0,0
2931,@since 100,0,0,0,1,0,0,0,0
3041,@author charles fry,0,1,0,0,0,0,0,0
3046,"a map, each entry of which maps a java a href http tinyurl^com 2cmwkz raw type a to an",0,0,0,0,0,1,0,0
3047,instance of that type.,0,0,0,0,0,1,0,0
3048,"in addition to implementing @code map , the additional type safe",0,0,0,0,0,1,0,0
3049,operations @link #putinstance and @link #getinstance are available.,0,0,0,0,0,1,0,0
3050,"p like any other @code map class, object , this map may contain entries for primitive types,",1,0,0,0,0,0,0,0
3051,and a primitive type and its corresponding wrapper type may map to different values.,1,0,0,0,0,0,0,0
3052,p see the guava user guide article on a href,0,0,1,0,0,0,0,0
3053,https github^com google guava wiki newcollectiontypesexplained#classtoinstancemap @code,0,0,1,0,0,0,0,0
3054,classtoinstancemap a .,0,0,1,0,0,0,0,0
3055,"p to map a generic type to an instance of that type, use @link",0,0,0,0,0,0,1,0
3056,com^google.common^reflect.typetoinstancemap instead.,0,0,0,0,0,0,1,0
3057,@param b the common supertype that all entries must share often this is simply @link object,0,0,0,0,0,0,1,0
3058,@author kevin bourrillion,0,1,0,0,0,0,0,0
3074,unit tests for @link closeables .,0,0,0,0,0,1,0,0
3076,propagated out from the @link closeables#close method if @code swallowexception is true.,1,0,0,0,0,0,0,0
3077,@author michael lancaster,0,1,0,0,0,0,0,1
3082,concrete instantiation of @link abstractcollectiontestsuitebuilder for testing collections that,0,0,1,0,0,1,0,0
3084,settestsuitebuilder .,0,0,1,0,0,1,0,0
3096,@author george van den driessche,0,1,0,0,0,0,0,1
3099,an outputstream that counts the number of bytes written.,0,0,0,0,0,1,0,0
3101,@since 10,0,0,0,1,0,0,0,0
3105,a skeleton implementation of a descending multiset.,0,0,0,0,0,1,0,1
3106,only needs @code forwardmultiset and,0,0,1,0,0,0,0,0
3108,@author louis wasserman,0,1,0,0,0,0,0,0
3113,tester for equals and hashcode methods of a class.,0,0,0,0,0,1,0,0
3114,p the simplest use case is,0,0,0,0,0,0,1,1
3115,pre,0,0,0,0,0,0,1,0
3117,pre,0,0,0,0,0,0,1,1
3118,"p this tests @code foo^equals foo , @code foo^equals null , and a few other operations.",0,0,0,0,1,0,1,0
3119,"p for more extensive testing, add multiple equality groups.",0,0,0,0,1,0,1,1
3120,each group should contain objects,0,0,0,0,1,0,1,0
3121,that are equal to each other but unequal to the objects in any other group.,0,0,0,0,0,0,1,0
3122,for example,0,0,0,0,0,0,1,1
3123,pre,0,0,0,0,0,0,1,0
3124,new equalstester,0,0,0,0,0,0,1,1
3126,addequalitygroup new user sergey,0,0,0,0,0,0,1,1
3127,testequals,0,0,0,0,0,0,1,0
3128,pre,0,0,0,0,0,0,1,1
3129,p this tests,0,0,0,0,1,0,0,0
3130,ul,0,0,0,0,1,0,0,0
3131,li comparing each object against itself returns true,0,0,0,0,1,0,0,0
3134,li comparing each pair of objects within the same equality group returns true,0,0,0,0,1,0,0,0
3135,li comparing each pair of objects from different equality groups returns false,0,0,0,0,1,0,0,0
3136,li the hash codes of any two equal objects are equal,0,0,0,0,1,0,0,0
3137,ul,0,0,0,0,1,0,0,1
3140,ul,0,0,0,0,1,0,0,0
3146,ul,0,0,0,0,1,0,0,1
3147,@author jim mcmaster,0,1,0,0,0,0,0,0
3148,@author jige yu,0,1,0,0,0,0,0,1
3150,class used to test whether equals correctly handles an instance of an incompatible class.,0,0,0,0,0,0,1,0
3151,"since it is a private inner class, the invoker can never pass in an instance to the tester",0,0,0,0,0,0,1,1
3184,@param b the concrete type of this builder the self type .,0,0,0,0,0,0,1,1
3188,@param g the type of the generator to be passed to testers in the generated test suite.,0,0,0,0,0,0,1,0
3189,an,0,0,0,0,0,0,1,1
3191,information required to parameterize the test.,0,0,0,0,0,0,1,0
3205,test for @link forwardingblockingdeque,0,0,0,0,0,1,0,0
3206,@author emily soldal,0,1,0,0,0,0,0,1
3209,gwt implementation of @link immutableset that forwards to another @code set implementation.,0,0,1,0,0,1,0,1
3210,@author hayward chan,0,1,0,0,0,0,0,1
3214,tests for @code forwardingqueue .,0,0,0,0,0,1,0,1
3215,@author robert konigsberg,0,1,0,0,0,0,0,1
3220,runs all gwt tests.,0,0,0,0,0,1,0,0
3221,grouping them into a suite is much faster than running each as a one test,0,0,0,0,1,0,0,1
3222,"suite, as the per suite setup is expensive.",0,0,0,0,1,0,0,0
3226,an enum that contains all of the known hash functions.,0,0,0,0,0,1,0,0
3227,@author kurt alfred kluever,0,1,0,0,0,0,0,0
3230,an immutable representation of a host and port.,0,0,0,0,0,1,1,0
3231,p example usage,0,0,0,0,0,0,1,0
3232,pre,0,0,0,0,0,0,1,1
3233,hostandport hp hostandport^fromstring 2001 db8 1,0,0,0,0,0,0,1,0
3235,requirebracketsforipv6,0,0,0,0,0,0,1,1
3236,hp^gethost returns 2001 db8 1,0,0,0,0,0,0,1,0
3237,hp^getport returns 80,0,0,0,0,0,0,1,1
3238,hp^tostring returns 2001 db8 1 80,0,0,0,0,0,0,1,0
3239,pre,0,0,0,0,0,0,1,1
3242,li example^com,0,0,0,0,0,0,1,0
3246,li 2001 db8 1 @link #gethost omits brackets,0,0,0,0,0,0,1,0
3247,li 2001 db8 1 80 @link #gethost omits brackets,0,0,0,0,0,0,1,1
3248,li 2001 db8 1 use @link #requirebracketsforipv6 to prohibit this,0,0,0,0,0,0,1,0
3249,ul,0,0,0,0,0,0,1,1
3250,"p note that this is not an exhaustive list, because these methods are only concerned with",0,0,0,0,0,0,1,0
3251,"brackets, colons, and port numbers.",0,0,0,0,0,0,1,1
3253,caller s responsibility.,0,0,0,0,0,0,1,0
3254,@author paul marks,0,1,0,0,0,0,1,1
3255,@since 100,0,0,0,1,0,0,0,0
3282,benchmark of implementations of @link immutableset#hashfloodingdetected object .,0,0,1,0,0,1,0,0
3285,this class contains static utility methods for writing @link immutabletable gwt field,0,0,0,0,0,1,0,1
3287,serializers should delegate to @link #serialize and @link #instantiate .,0,0,0,0,0,0,1,1
3288,@author chris povirk,0,1,0,0,0,0,0,0
3293,quick and dirty benchmark of @link throwables#lazystacktrace throwable .,0,0,1,0,0,1,0,1
3294,we benchmark a caller,0,0,0,0,1,0,0,0
3295,finder implementation that might be used in a logging framework.,0,0,0,0,1,0,0,0
3300,benchmarks for the non rounding methods of @code longmath .,0,0,0,0,0,1,0,0
3301,@author louis wasserman,0,1,0,0,0,0,0,1
3304,a generic junit test which tests @code putall operations on a map.,0,0,0,0,0,1,0,0
3306,please see @link com^google.common^collect.testing^maptestsuitebuilder .,0,0,1,0,0,0,0,0
3307,@author chris povirk,0,1,0,0,0,0,0,0
3308,@author kevin bourrillion,0,1,0,0,0,0,0,1
3313,basic serialization test for maps.,0,0,0,0,0,1,0,0
3317,a builder for a multimap implementation that allows customization of the backing map and value,0,0,0,0,0,1,0,0
3319,p this can be used to easily configure multimap data structure implementations not provided,1,0,0,0,0,0,1,0
3320,"explicitly in @code com^google.common^collect , for example",1,0,0,0,0,0,1,1
3321,pre @code,0,0,0,0,0,0,1,0
3322,"listmultimap string, integer treelistmultimap",0,0,0,0,0,0,1,1
3323,multimapbuilder^treekeys ^arraylistvalues ^build,0,0,0,0,0,0,1,0
3324,"setmultimap integer, myenum hashenummultimap",0,0,0,0,0,0,1,1
3325,multimapbuilder^hashkeys ^enumsetvalues myenum^class ^build,0,0,0,0,0,0,1,0
3326,pre,0,0,0,0,0,0,1,1
3327,p @code multimapbuilder instances are immutable.,0,0,0,0,0,0,1,0
3328,invoking a configuration method has no effect,0,0,0,0,0,0,1,1
3330,"p the generated multimaps are serializable if the key and value types are serializable, unless",0,0,0,0,0,0,1,1
3331,stated otherwise in one of the configuration methods.,0,0,0,0,0,0,1,0
3332,@author louis wasserman,0,1,0,0,0,0,0,1
3333,@param k0 an upper bound on the key type of the generated multimap.,0,0,0,0,0,0,1,0
3334,@param v0 an upper bound on the value type of the generated multimap.,0,0,0,0,0,0,1,1
3336,leaving k and v as upper bounds rather than the actual key and value types allows type,0,0,0,0,0,0,1,1
3337,parameters to be left implicit more often.,0,0,0,0,0,0,1,0
3338,cachebuilder uses the same technique.,0,0,0,0,0,0,1,1
3339,an intermediate stage in a @link multimapbuilder in which the key value collection map,0,0,0,0,0,0,1,0
3340,"implementation has been specified, but the value collection implementation has not.",0,0,0,0,0,0,1,1
3341,@param k0 the upper bound on the key type of the generated multimap.,0,0,0,0,0,0,1,0
3342,@since 160,0,0,0,1,0,0,1,1
3344,parameters to be left implicit more often.,0,0,0,0,0,0,1,1
3345,cachebuilder uses the same technique.,0,0,0,0,0,0,1,0
3346,a specialization of @link multimapbuilder that generates @link listmultimap instances.,0,0,0,0,0,0,1,1
3347,@since 160,0,0,0,1,0,0,1,0
3348,leaving k and v as upper bounds rather than the actual key and value types allows type,0,0,0,0,0,0,1,1
3349,parameters to be left implicit more often.,0,0,0,0,0,0,1,0
3350,cachebuilder uses the same technique.,0,0,0,0,0,0,1,1
3352,@since 160,0,0,0,1,0,0,1,0
3353,leaving k and v as upper bounds rather than the actual key and value types allows type,0,0,0,0,0,0,1,1
3354,parameters to be left implicit more often.,0,0,0,0,0,0,1,0
3355,cachebuilder uses the same technique.,0,0,0,0,0,0,1,1
3357,@since 160,0,0,0,1,0,0,1,0
3390,tests for @link multimapbuilder .,0,0,0,0,0,1,0,0
3391,@author louis wasserman,0,1,0,0,0,0,0,0
3394,this class implements the gwt serialization of @link nullslastordering .,0,0,0,0,0,1,0,1
3395,@author chris povirk,0,1,0,0,0,0,0,0
3400,comparing to using a traditional @code hashmap,0,0,0,0,1,0,0,1
3401,"implementation which stores keys and count values as map entries, @code objectcounthashmap",0,0,0,0,1,0,0,0
3403,"p in the absence of element deletions, this will iterate over elements in insertion order.",0,0,0,0,0,0,1,1
3410,an iterator that supports a one element lookahead while iterating.,0,0,0,0,0,1,0,0
3411,p see the guava user guide article on a href,0,0,1,0,0,0,0,1
3412,https github^com google guava wiki collectionhelpersexplained#peekingiterator @code,0,0,1,0,0,0,0,0
3413,peekingiterator a .,0,0,1,0,0,0,0,1
3414,@author mick killianey,0,1,0,0,0,0,0,0
3415,@since 20,0,1,0,0,0,0,0,1
3422,static convenience methods that help a method or constructor check whether it was invoked,0,0,0,0,0,1,0,0
3424,"p if the precondition is not met, the @code preconditions method throws an unchecked exception",0,0,0,0,0,0,1,0
3426,its caller has made a mistake.,1,0,0,0,0,0,0,0
3428,pre @code,0,0,0,0,0,0,1,0
3429,public static double sqrt double value,1,0,0,0,0,0,1,1
3430,if value 0,1,0,0,0,0,0,1,0
3431,throw new illegalargumentexception input is negative value,1,0,0,0,0,0,1,1
3432,calculate square root,1,0,0,0,0,0,1,0
3433,pre,1,0,0,0,0,0,1,1
3434,p to be replaced with the more compact,0,0,0,0,0,0,1,0
3435,pre @code,0,0,0,0,0,0,1,1
3436,public static double sqrt double value,1,0,0,0,0,0,1,0
3438,calculate square root,1,0,0,0,0,0,1,0
3439,pre,1,0,0,0,0,0,1,1
3440,"p so that a hypothetical bad caller of this method, such as",0,0,0,0,0,0,1,0
3441,pre @code,0,0,0,0,0,0,1,1
3442,void examplebadcaller,0,0,0,0,0,0,1,0
3443,double d sqrt 10,0,0,0,0,0,0,1,1
3444,pre,1,0,0,0,0,0,1,0
3445,p would be flagged as having called @code sqrt with an illegal argument.,0,0,0,0,0,0,1,1
3446,h3 performance h3,0,0,0,0,0,0,1,0
3447,p avoid passing message arguments that are expensive to compute your code will always compute,0,0,0,0,0,0,1,1
3448,"them, even though they usually won t be needed.",0,0,0,0,0,0,1,0
3449,"if you have such arguments, use the conventional",0,0,0,0,0,0,1,1
3451,"p depending on your message arguments, memory may be allocated for boxing and varargs array",0,0,0,0,0,0,1,1
3453,"however, the methods of this class have a large number of overloads that prevent such",1,0,0,0,0,0,0,1
3454,allocations in many common cases.,0,0,0,0,0,0,1,0
3455,"p the message string is not formatted unless the exception will be thrown, so the cost of the",0,0,0,0,0,0,1,1
3456,string formatting itself should not be a concern.,0,0,0,0,0,0,1,0
3457,"p as with any performance concerns, you should consider profiling your code in a production",0,0,0,0,0,0,1,1
3458,environment if possible before spending a lot of effort on tweaking a particular element.,0,0,0,0,0,0,1,0
3459,h3 other types of preconditions h3,1,0,0,0,0,0,0,1
3461,continue to throw,0,0,0,0,0,0,1,1
3462,standard jdk exceptions such as @link java^util.nosuchelementexception or @link,0,0,0,0,0,0,1,0
3463,unsupportedoperationexception in the situations they are intended for.,0,0,0,0,0,0,1,1
3464,h3 non preconditions h3,1,0,0,0,0,0,0,0
3466,which are i not the caller s fault i .,0,0,0,0,0,0,1,0
3467,doing so is b not recommended b because it is,0,0,0,0,0,0,1,1
3468,misleading to future readers of the code and of stack traces.,0,0,0,0,0,0,1,0
3470,href https github^com google guava wiki conditionalfailuresexplained conditional failures,0,0,1,0,0,0,1,0
3472,"notably, @link verify offers assertions",0,0,1,0,0,0,1,0
3473,similar to those in this class for non precondition checks.,1,0,1,0,0,0,0,1
3474,h3 @code java^util.objects^requirenonnull h3,0,0,0,0,0,0,1,0
3475,p projects which use @code com^google.common should generally avoid the use of @link,0,0,0,0,0,0,1,1
3476,java^util.objects#requirenonnull object .,0,0,0,0,0,0,1,0
3477,"instead, use whichever of @link",0,0,0,0,0,0,1,1
3478,#checknotnull object or @link verify#verifynotnull object is appropriate to the situation.,0,0,0,0,0,0,1,0
3481,p @code preconditions uses @link strings#lenientformat to format error message template,1,0,0,0,0,0,0,1
3482,strings.,0,0,0,0,0,0,1,0
3484,java^util.formatter specifiers.,0,0,0,0,0,0,1,0
3485,"however, note that if the number of arguments does not match the",0,0,0,0,0,0,1,1
3486,"number of occurrences of @code %s in the format string, @code preconditions will still",1,0,0,0,0,0,0,0
3487,"behave as expected, and will still include all argument values in the error message the message",0,0,0,0,0,0,1,1
3488,will simply not be formatted exactly as intended.,0,0,0,0,0,0,1,0
3489,h3 more information h3,0,0,1,0,0,0,0,1
3490,p see the guava user guide on a,0,0,1,0,0,0,0,0
3491,href https github^com google guava wiki preconditionsexplained using @code,1,0,1,0,0,0,1,1
3492,preconditions a .,1,0,1,0,0,0,1,0
3494,@since 20,0,0,0,1,0,0,0,0
3580,this class implements the gwt serialization of @link regularimmutablelist .,0,0,1,0,0,1,0,0
3581,@author hayward chan,0,1,0,0,0,0,0,0
3585,reserializes the sets created by another test set generator.,0,0,0,0,0,1,0,0
3587,@author jesse wilson,0,1,0,0,0,0,0,0
3590,provides utility methods for working with resources in the classpath.,0,0,0,0,0,1,0,0
3595,@author chris nokleberg,0,1,0,0,0,0,0,0
3597,@author colin decker,0,1,0,0,0,0,0,1
3599,a byte source that reads from a url using @link url#openstream .,1,0,0,0,0,0,0,1
3607,"how is the ratelimiter designed, and why?",0,0,0,0,0,0,1,0
3608,"the primary feature of a ratelimiter is its stable rate , the maximum rate that is should",0,0,0,0,0,1,1,1
3609,allow at normal conditions.,0,0,0,0,0,1,0,0
3611,"compute, for an incoming request, the appropriate throttle time, and make the calling thread",0,0,0,0,0,1,1,0
3612,wait as much.,0,0,0,0,0,1,0,1
3613,the simplest way to maintain a rate of qps is to keep the timestamp of the last granted,1,0,0,0,0,0,1,0
3615,"for example, for a rate of",1,0,0,0,0,0,0,0
3616,"qps 5 5 tokens per second , if we ensure that a request isn t granted earlier than 200ms after",1,0,0,0,0,0,0,1
3618,if a request comes and the last request was,1,0,0,0,0,0,1,1
3619,"granted only 100ms ago, then we wait for another 100ms.",1,0,0,0,0,0,1,0
3620,"at this rate, serving 15 fresh permits",1,0,0,0,0,0,0,1
3621,ie for an acquire 15 request naturally takes 3 seconds.,1,0,0,0,0,0,0,0
3622,it is important to realize that such a ratelimiter has a very superficial memory of the past,1,0,0,0,1,0,1,1
3623,it only remembers the last request.,1,0,0,0,1,0,1,0
3624,what if the ratelimiter was unused for a long period of,1,0,0,0,1,0,1,1
3625,"time, then a request arrived and was immediately granted?",1,0,0,0,1,0,1,0
3626,this ratelimiter would immediately,1,0,0,0,1,0,0,1
3628,this may result in either underutilization or,1,0,0,0,1,0,1,1
3629,"overflow, depending on the real world consequences of not using the expected rate.",1,0,0,0,1,0,1,0
3632,"should speed up for a while, to take advantage of these resources.",1,0,0,0,0,0,1,1
3633,this is important when the,1,0,0,0,0,0,1,0
3635,"translates to almost empty buffers , which can be filled immediately.",1,0,0,0,0,0,0,0
3637,"the request has become less ready for future requests , ie its caches become stale, and",1,0,0,0,0,0,1,0
3639,"example is when a server has just booted, and it is mostly busy with getting itself up to",1,0,0,0,0,0,0,0
3640,speed .,1,0,0,0,0,0,0,1
3641,"to deal with such scenarios, we add an extra dimension, that of past underutilization ,",1,0,0,0,0,0,0,0
3642,modeled by storedpermits variable.,1,0,0,0,0,0,1,1
3643,"this variable is zero when there is no underutilization,",1,0,0,0,0,0,1,0
3644,"and it can grow up to maxstoredpermits, for sufficiently large underutilization.",1,0,0,0,0,0,0,1
3645,"so, the",1,0,0,0,0,0,1,0
3646,"requested permits, by an invocation acquire permits , are served from",1,0,0,0,0,0,0,1
3647,stored permits if available,1,0,0,0,0,0,0,0
3648,fresh permits for any remaining permits,1,0,0,0,0,0,0,1
3649,how this works is best explained with an example,0,0,0,0,0,0,1,0
3650,"for a ratelimiter that produces 1 token per second, every second that goes by with the",0,0,0,0,0,0,1,0
3651,"ratelimiter being unused, we increase storedpermits by 1.",0,0,0,0,0,0,1,0
3653,"for 10 seconds ie, we expected a request at time x, but we are at time x 10 seconds before",0,0,0,0,0,0,1,0
3654,"a request actually arrives this is also related to the point made in the last paragraph , thus",0,0,0,0,0,0,1,0
3656,"at that point, a request of",0,0,0,0,0,0,1,0
3657,acquire 3 arrives.,0,0,0,0,0,0,1,0
3658,"we serve this request out of storedpermits, and reduce that to 70 how",0,0,0,0,0,0,1,0
3659,this is translated to throttling time is discussed later .,0,0,0,0,0,0,1,0
3660,"immediately after, assume that an",0,0,0,0,0,0,1,0
3661,acquire 10 request arriving.,0,0,0,0,0,0,1,0
3662,"we serve the request partly from storedpermits, using all the",0,0,0,0,0,0,1,0
3663,"remaining 70 permits, and the remaining 30, we serve them by fresh permits produced by the",0,0,0,0,0,0,1,0
3664,rate limiter.,0,0,0,0,0,0,1,0
3665,we already know how much time it takes to serve 3 fresh permits if the rate is,0,0,0,0,0,0,1,0
3667,but what does it mean to serve 7 stored,0,0,0,0,0,0,1,0
3668,permits?,0,0,0,0,0,0,1,0
3669,"as explained above, there is no unique answer.",0,0,0,0,0,0,1,0
3670,if we are primarily interested to deal,0,0,0,0,0,0,1,0
3672,because underutilization free resources for the taking.,0,0,0,0,0,0,1,0
3673,if we are primarily interested to,0,0,0,0,0,0,1,0
3674,"deal with overflow, then stored permits could be given out slower than fresh ones.",0,0,0,0,0,0,1,0
3675,"thus, we",0,0,0,0,0,0,1,0
3676,require a different in each case function that translates storedpermits to throttling time.,0,0,0,0,0,0,1,0
3677,"this role is played by storedpermitstowaittime double storedpermits, double permitstotake .",1,0,0,0,0,0,1,0
3678,the,0,0,0,0,0,0,1,0
3679,underlying model is a continuous function mapping storedpermits from 00 to maxstoredpermits,0,0,0,0,0,0,1,0
3682,essentially measure unused time we spend unused time buying storing permits.,0,0,0,0,0,0,1,0
3684,"permits time , thus 1 rate time permits .",0,0,0,0,0,0,1,0
3685,"thus, 1 rate time permits times",0,0,0,0,0,0,1,0
3688,of requested permits.,0,0,0,0,0,0,1,0
3701,integrals .,0,0,0,0,0,0,1,0
3709,underutilization.,0,0,0,0,0,0,1,0
3713,"last, but not least consider a ratelimiter with rate of 1 permit per second, currently",0,0,0,0,0,0,1,0
3715,it would be nonsensical to just,0,0,0,0,0,0,1,0
3718,a much,0,0,0,0,0,0,1,0
3722,"task immediately, and postpone by 100 seconds future requests, thus we allow for work to get",0,0,0,0,0,0,1,0
3725,"last request, but it remembers the expected time of the next request.",0,0,0,0,0,0,1,0
3726,this also enables,0,0,0,0,0,0,1,0
3727,us to tell immediately see tryacquire timeout whether a particular timeout is enough to get,0,0,0,0,0,0,1,0
3728,"us to the point of the next scheduling time, since we always maintain that.",0,0,0,0,0,0,1,0
3729,and what we mean by,0,0,0,0,0,0,1,0
3730,an unused ratelimiter is also defined by that notion when we observe that the,0,0,0,0,0,0,1,0
3731,"expected arrival time of the next request is actually in the past, then the difference now",0,0,0,0,0,0,1,0
3732,"past is the amount of time that the ratelimiter was formally unused, and it is that amount of",0,0,0,0,0,0,1,0
3734,we increase storedpermits with the amount of permits,0,0,0,0,0,0,1,0
3736,"so, if rate 1 permit per second, and",0,0,0,0,0,0,1,0
3737,"arrivals come exactly one second after the previous, then storedpermits is never increased",1,0,0,0,0,0,1,0
3738,we would only increase it for arrivals later than the expected one second.,0,0,0,0,0,0,1,0
3739,the time when the next request no matter its size will be granted.,0,0,0,0,0,0,1,0
3740,"after granting a request,",0,0,0,0,0,0,1,0
3741,this is pushed further in the future.,0,0,0,0,0,0,1,0
3742,large requests push this further than small requests.,0,0,0,0,0,0,1,0
3743,this implements the following function where coldinterval coldfactor stableinterval.,1,0,0,0,0,0,1,0
3744,pre,1,0,0,0,0,0,0,0
3745,^ throttling,1,0,0,0,0,0,0,0
3746,cold,1,0,0,0,0,0,0,0
3747,interval .,1,0,0,0,0,0,0,0
3749,thresholdpermits and maxpermits,1,0,0,0,0,0,0,0
3750,stable warm .,1,0,0,0,0,0,0,0
3752,up .,1,0,0,0,0,0,0,0
3754,0 storedpermits,1,0,0,0,0,0,1,0
3757,"before going into the details of this particular function, let s keep in mind the basics",1,0,0,0,0,0,1,0
3758,ol,1,0,0,0,0,0,0,0
3759,li the state of the ratelimiter storedpermits is a vertical line in this figure.,1,0,0,0,0,0,0,0
3760,"li when the ratelimiter is not used, this goes right up to maxpermits",1,0,0,0,0,0,1,0
3761,"li when the ratelimiter is used, this goes left down to zero , since if we have",1,0,0,0,0,0,1,0
3762,"storedpermits, we serve from those first",1,0,0,0,0,0,1,0
3763,"li when unused , we go right at a constant rate!",1,0,0,0,0,0,0,0
3766,this ensures that the time it takes to go from 0 to,1,0,0,0,0,0,1,0
3768,"li when used , the time it takes, as explained in the introductory class note, is equal to",1,0,0,0,0,0,1,0
3772,"p in summary, the time it takes to move to the left spend k permits , is equal to the area of",0,0,0,0,0,1,1,0
3774,"p assuming we have saturated demand, the time to go from maxpermits to thresholdpermits is",1,0,0,0,0,0,1,0
3776,and the time to go from thresholdpermits to 0 is warmupperiod 2.,1,0,0,0,0,0,1,0
3778,reason that this is warmupperiod 2 is to maintain the behavior of the original implementation,0,0,0,0,0,0,1,0
3780,p it remains to calculate thresholdspermits and maxpermits.,1,0,0,0,0,0,0,0
3782,li the time to go from thresholdpermits to 0 is equal to the integral of the function,1,0,0,0,0,0,1,0
3783,between 0 and thresholdpermits.,1,0,0,0,0,0,0,0
3789,thresholdpermits 05 warmupperiod stableinterval,1,0,0,0,0,0,0,0
3791,li the time to go from maxpermits to thresholdpermits is equal to the integral of the,1,0,0,0,0,0,1,0
3792,function between thresholdpermits and maxpermits.,1,0,0,0,0,0,0,0
3793,this is the area of the pictured,0,0,0,0,0,0,1,0
3794,"trapezoid, and it is equal to 05 stableinterval coldinterval maxpermits",1,0,0,0,0,0,0,0
3795,thresholdpermits .,1,0,0,0,0,0,0,0
3801,"how is the ratelimiter designed, and why?",0,0,0,0,0,0,1,0
3802,"the primary feature of a ratelimiter is its stable rate , the maximum rate that is should",0,0,0,0,0,1,1,0
3803,allow at normal conditions.,0,0,0,0,0,1,0,0
3804,"this is enforced by throttling incoming requests as needed, ie",0,0,0,0,0,1,0,0
3805,"compute, for an incoming request, the appropriate throttle time, and make the calling thread",0,0,0,0,0,1,1,0
3806,wait as much.,0,0,0,0,0,1,0,0
3807,the simplest way to maintain a rate of qps is to keep the timestamp of the last granted,1,0,0,0,0,0,1,0
3808,"request, and ensure that 1 qps seconds have elapsed since then.",1,0,0,0,0,0,1,0
3809,"for example, for a rate of",1,0,0,0,0,0,0,0
3810,"qps 5 5 tokens per second , if we ensure that a request isn t granted earlier than 200ms after",1,0,0,0,0,0,0,0
3811,"the last one, then we achieve the intended rate.",1,0,0,0,0,0,1,0
3812,if a request comes and the last request was,1,0,0,0,0,0,1,0
3813,"granted only 100ms ago, then we wait for another 100ms.",1,0,0,0,0,0,1,0
3814,"at this rate, serving 15 fresh permits",1,0,0,0,0,0,0,0
3815,ie for an acquire 15 request naturally takes 3 seconds.,1,0,0,0,0,0,0,0
3817,it only remembers the last request.,1,0,0,0,1,0,1,0
3818,what if the ratelimiter was unused for a long period of,1,0,0,0,1,0,1,0
3820,this ratelimiter would immediately,1,0,0,0,1,0,0,0
3821,forget about that past underutilization.,1,0,0,0,1,0,1,0
3822,this may result in either underutilization or,1,0,0,0,1,0,1,0
3823,"overflow, depending on the real world consequences of not using the expected rate.",1,0,0,0,1,0,1,0
3824,past underutilization could mean that excess resources are available.,1,0,0,0,0,0,0,0
3825,"then, the ratelimiter",1,0,0,0,0,0,1,0
3827,this is important when the,1,0,0,0,0,0,1,0
3828,"rate is applied to networking limiting bandwidth , where past underutilization typically",1,0,0,0,0,0,1,0
3830,"on the other hand, past underutilization could mean that the server responsible for handling",1,0,0,0,0,0,1,0
3833,"example is when a server has just booted, and it is mostly busy with getting itself up to",1,0,0,0,0,0,0,0
3834,speed .,1,0,0,0,0,0,0,0
3836,modeled by storedpermits variable.,1,0,0,0,0,0,1,0
3837,"this variable is zero when there is no underutilization,",1,0,0,0,0,0,1,0
3838,"and it can grow up to maxstoredpermits, for sufficiently large underutilization.",1,0,0,0,0,0,0,0
3839,"so, the",1,0,0,0,0,0,1,0
3840,"requested permits, by an invocation acquire permits , are served from",1,0,0,0,0,0,0,0
3842,fresh permits for any remaining permits,1,0,0,0,0,0,0,0
3843,how this works is best explained with an example,0,0,0,0,0,0,1,0
3844,"for a ratelimiter that produces 1 token per second, every second that goes by with the",0,0,0,0,0,0,1,0
3846,say we leave the ratelimiter unused,0,0,0,0,0,0,1,0
3848,"a request actually arrives this is also related to the point made in the last paragraph , thus",0,0,0,0,0,0,1,0
3849,storedpermits becomes 100 assuming maxstoredpermits 100 .,0,0,0,0,0,0,1,0
3850,"at that point, a request of",0,0,0,0,0,0,1,0
3851,acquire 3 arrives.,0,0,0,0,0,0,1,0
3852,"we serve this request out of storedpermits, and reduce that to 70 how",0,0,0,0,0,0,1,0
3853,this is translated to throttling time is discussed later .,0,0,0,0,0,0,1,0
3856,"we serve the request partly from storedpermits, using all the",0,0,0,0,0,0,1,0
3857,"remaining 70 permits, and the remaining 30, we serve them by fresh permits produced by the",0,0,0,0,0,0,1,0
3858,rate limiter.,0,0,0,0,0,0,1,0
3859,we already know how much time it takes to serve 3 fresh permits if the rate is,0,0,0,0,0,0,1,0
3860,"1 token per second , then this will take 3 seconds.",0,0,0,0,0,0,1,0
3863,"as explained above, there is no unique answer.",0,0,0,0,0,0,1,0
3865,"with underutilization, then we want stored permits to be given out faster than fresh ones,",0,0,0,0,0,0,1,0
3866,because underutilization free resources for the taking.,0,0,0,0,0,0,1,0
3867,if we are primarily interested to,0,0,0,0,0,0,1,0
3868,"deal with overflow, then stored permits could be given out slower than fresh ones.",0,0,0,0,0,0,1,0
3869,"thus, we",0,0,0,0,0,0,1,0
3870,require a different in each case function that translates storedpermits to throttling time.,0,0,0,0,0,0,1,0
3871,"this role is played by storedpermitstowaittime double storedpermits, double permitstotake .",1,0,0,0,0,0,1,0
3872,the,0,0,0,0,0,0,1,0
3873,underlying model is a continuous function mapping storedpermits from 00 to maxstoredpermits,0,0,0,0,0,0,1,0
3875,storedpermits,0,0,0,0,0,0,1,0
3877,rate is,0,0,0,0,0,0,1,0
3879,"thus, 1 rate time permits times",0,0,0,0,0,0,1,0
3882,of requested permits.,0,0,0,0,0,0,1,0
3898,cost as fresh ones 1 qps is the cost for each .,0,0,0,0,0,0,1,0
3907,"last, but not least consider a ratelimiter with rate of 1 permit per second, currently",0,0,0,0,0,0,1,0
3908,"completely unused, and an expensive acquire 100 request comes.",0,0,0,0,0,0,1,0
3911,why wait without doing anything?,0,0,0,0,0,0,1,0
3912,a much,0,0,0,0,0,0,1,0
3914,"instead , and postpone subsequent requests as needed.",0,0,0,0,0,0,1,0
3918,this has important consequences it means that the ratelimiter doesn t remember the time of the,0,0,0,0,0,0,1,0
3919,"last request, but it remembers the expected time of the next request.",0,0,0,0,0,0,1,0
3920,this also enables,0,0,0,0,0,0,1,0
3921,us to tell immediately see tryacquire timeout whether a particular timeout is enough to get,0,0,0,0,0,0,1,0
3922,"us to the point of the next scheduling time, since we always maintain that.",0,0,0,0,0,0,1,0
3923,and what we mean by,0,0,0,0,0,0,1,0
3924,an unused ratelimiter is also defined by that notion when we observe that the,0,0,0,0,0,0,1,0
3925,"expected arrival time of the next request is actually in the past, then the difference now",0,0,0,0,0,0,1,0
3928,we increase storedpermits with the amount of permits,0,0,0,0,0,0,1,0
3929,that would have been produced in that idle time .,0,0,0,0,0,0,1,0
3930,"so, if rate 1 permit per second, and",0,0,0,0,0,0,1,0
3931,"arrivals come exactly one second after the previous, then storedpermits is never increased",1,0,0,0,0,0,1,0
3932,we would only increase it for arrivals later than the expected one second.,0,0,0,0,0,0,1,0
3933,the time when the next request no matter its size will be granted.,0,0,0,0,0,0,1,0
3934,"after granting a request,",0,0,0,0,0,0,1,0
3935,this is pushed further in the future.,0,0,0,0,0,0,1,0
3936,large requests push this further than small requests.,0,0,0,0,0,0,1,0
3938,the maximum number of permits that can be saved when the ratelimiter is unused is defined in,0,0,0,0,1,0,1,0
3940,"seconds, we can save up to 2 10 20 permits.",0,0,0,0,1,0,0,0
4115,a generic junit test which tests operations on a sortedset.,0,0,0,0,0,1,0,1
4116,can t be invoked directly please see,0,0,1,0,0,0,1,0
4117,@code sortedsettestsuitebuilder .,0,0,1,0,0,0,0,1
4118,@author jesse wilson,0,1,0,0,0,0,0,1
4119,@author louis wasserman,0,1,0,0,0,0,0,0
4126,tests for @link subscriber .,0,0,0,0,0,1,0,1
4127,@author cliff biffle,0,1,0,0,0,0,0,0
4128,@author colin decker,0,1,0,0,0,0,0,1
4134,encapsulates the constraints that a class under test must satisfy in order for a tester method to,0,0,0,0,0,1,0,0
4136,@author george van den driessche,0,1,0,0,0,0,0,0
4141,@author kevin bourrillion,0,1,0,0,0,0,0,0
4143,an abstract @code scheduledexecutorservice that allows subclasses to @linkplain,0,0,0,0,0,1,0,1
4144,#wraptask callable wrap tasks before they are submitted to the underlying executor.,0,0,0,0,0,1,0,0
4145,p note that task wrapping may occur even if the task is never executed.,0,0,0,0,0,0,1,1
4146,@author luke sandberg,0,1,0,0,0,0,0,0
4151,a support class for @link module s which reduces repetition and results in a more readable,0,0,0,0,0,1,0,0
4152,configuration.,0,0,0,0,0,1,0,1
4153,"simply extend this class, implement @link #configure , and call the inherited",0,0,0,0,0,0,1,0
4154,methods which mirror those found in @link binder .,0,0,0,0,0,0,1,1
4156,pre,0,0,0,0,0,0,1,1
4157,public class mymodule extends abstractmodule,0,0,0,0,0,0,1,0
4158,protected void configure,0,0,0,0,0,0,1,1
4159,bind service^class ^to serviceimpl^class ^in singleton^class,0,0,0,0,0,0,1,0
4160,bind creditcardpaymentservice^class,0,0,0,0,0,0,1,1
4162,bindconstant ^annotatedwith names^named port ^to 8080,0,0,0,0,0,0,1,1
4163,pre,0,0,0,0,0,0,1,0
4179,collects configuration information primarily i bindings i which will be used to create an,0,0,0,0,0,1,0,0
4180,@link injector .,0,0,0,0,0,1,0,1
4181,guice provides this object to your application s @link module implementors so,0,0,0,0,0,1,1,0
4182,they may each contribute their own bindings and other registrations.,0,0,0,0,0,1,0,1
4183,h3 the guice binding edsl h3,0,0,0,0,0,0,1,0
4188,javadocs b .,0,0,0,0,0,0,1,1
4189,"instead, you should consult the series of examples below.",0,0,0,0,0,0,1,0
4190,"to save space, these",0,0,0,0,0,0,1,1
4191,"examples omit the opening @code binder , just as you will if your module extends @link",0,0,0,0,0,0,1,0
4192,abstractmodule .,0,0,0,0,0,0,1,1
4193,pre,0,0,0,0,0,0,1,0
4196,does not change guice s default behavior.,0,0,0,0,0,0,1,1
4199,"also,",0,0,0,0,0,0,1,1
4201,given explicitly.,0,0,0,0,0,0,1,0
4202,pre,0,0,0,0,0,0,1,1
4205,treated as if it were a request for a @code serviceimpl instance.,0,0,0,0,0,0,1,1
4206,this i overrides i the,0,0,0,0,0,0,1,0
4208,"annotations found on @code service , since guice will have already moved on to @code",0,0,0,0,0,0,1,0
4209,serviceimpl before it reaches the point when it starts looking for these annotations.,0,0,0,0,0,0,1,1
4210,pre,0,0,0,0,0,0,1,0
4212,"in this example, @code serviceprovider must extend or implement @code provider service .",0,0,0,0,0,0,1,1
4214,binding specifies that guice should resolve an unannotated injection request for @code service,0,0,0,0,0,0,1,1
4215,"by first resolving an instance of @code serviceprovider in the regular way, then calling @link",0,0,0,0,0,0,1,0
4217,"p the @link provider you use here does not have to be a factory that is, a provider which",0,0,0,0,0,0,1,0
4218,always i creates i each instance it provides.,0,0,0,0,0,0,1,0
4223,pre,0,0,0,0,0,0,1,1
4226,@code @red .,0,0,0,0,0,0,1,0
4227,if your module also includes bindings for particular i values i of the,0,0,0,0,0,0,1,1
4229,of @code @red that have no exact match in the bindings.,0,0,0,0,0,0,1,0
4230,pre,0,0,0,0,0,0,1,1
4231,bind serviceimpl^class ^in singleton^class,0,0,0,0,0,0,1,0
4232,"or, alternatively",0,0,0,0,0,0,1,0
4234,either of these statements places the @code serviceimpl class into singleton scope.,0,0,0,0,0,0,1,0
4235,guice will,0,0,0,0,0,0,1,0
4238,note that it is still possible to bind another instance of @code serviceimpl if the,0,0,0,0,0,0,1,0
4240,guice is not overly,0,0,0,0,0,0,1,0
4242,with i enabling i your application to share only one instance if that s all you tell guice you,0,0,0,0,0,0,1,0
4243,need.,0,0,0,0,0,0,1,0
4245,an annotation on the @code serviceimpl class.,0,0,0,0,0,0,1,0
4246,"p besides @link singleton @link scopes#singleton , there are servlet specific scopes",0,0,0,0,0,0,1,0
4248,their own custom scopes for use here as well.,0,0,0,0,0,0,1,0
4250,bind new typeliteral&lt paymentservice&lt creditcard,0,0,0,0,0,0,1,0
4253,it tells guice how to,0,0,0,0,0,0,1,0
4254,honor an injection request for an element of type @code paymentservice creditcard .,0,0,0,0,0,0,1,0
4255,the class,0,0,0,0,0,0,1,0
4256,@code creditcardpaymentservice must implement the @code paymentservice creditcard interface.,0,0,0,0,0,0,1,0
4257,"guice cannot currently bind or inject a generic type, such as @code set e all type parameters",0,0,0,0,0,0,1,0
4258,must be fully specified.,0,0,0,0,0,0,1,0
4259,pre,0,0,0,0,0,0,1,0
4261,"or, alternatively",0,0,0,0,0,0,1,0
4265,@code service injection requests.,0,0,0,0,0,0,1,0
4266,"when the @link injector is created, it will automatically",0,0,0,0,0,0,1,0
4268,serviceimpl is simply ignored.,0,0,0,0,0,0,1,0
4271,pre,0,0,0,0,0,0,1,0
4273,sets up a constant binding.,0,0,0,0,0,0,1,0
4274,constant injections must always be annotated.,0,0,0,0,0,0,1,0
4275,when a constant,0,0,0,0,0,0,1,0
4276,"binding s value is a string, it is eligible for conversion to all primitive types, to @link",0,0,0,0,0,0,1,0
4278,conversions,0,0,0,0,0,0,1,0
4279,"for other types can be configured using @link #converttotypes matcher, typeconverter",0,0,0,0,0,0,1,0
4281,pre,0,0,0,0,0,0,1,0
4282,@literal @ color red color red a member variable field,0,0,0,0,0,0,1,0
4283,red mymodule^class.getdeclaredfield red ^getannotation color^class,0,0,0,0,0,0,1,0
4285,if your binding annotation has parameters you can apply different bindings to different specific,0,0,0,0,0,0,1,0
4286,values of your annotation.,0,0,0,0,0,0,1,0
4287,getting your hands on the right instance of the annotation is a bit of,0,0,0,0,0,0,1,0
4288,"a pain one approach, shown above, is to apply a prototype annotation to a field in your module",0,0,0,0,0,0,1,0
4290,pre,0,0,0,0,0,0,1,0
4291,bind service^class,0,0,0,0,0,0,1,0
4292,annotatedwith names^named blue,0,0,0,0,0,0,1,0
4294,"differentiating by names is a common enough use case that we provided a standard annotation,",0,0,0,0,0,0,1,0
4295,@link com^google.inject^name.named @named .,0,0,0,0,0,0,1,0
4297,is quite easier than in the arbitrary binding annotation case we just saw.,0,0,0,0,0,0,1,0
4298,"however, remember that",0,0,0,0,0,0,1,0
4299,these names will live in a single flat namespace with all the other names used in your,0,0,0,0,0,0,1,0
4300,application.,0,0,0,0,0,0,1,0
4301,pre,0,0,0,0,0,0,1,0
4302,constructor t lonector getlonectorfromserviceimplviareflection,0,0,0,0,0,0,1,0
4303,bind serviceimpl^class,0,0,0,0,0,0,1,0
4306,implementation.,0,0,0,0,0,0,1,0
4307,it means that we do not need to place @literal @ inject on any of the,0,0,0,0,0,0,1,0
4308,constructors and that guice treats the provided constructor as though it were annotated so.,0,0,0,0,0,0,1,0
4309,it is,0,0,0,0,0,0,1,0
4310,useful for cases where you cannot modify existing classes and is a bit simpler than using a,0,0,0,0,0,0,1,0
4311,@link provider .,0,0,0,0,0,0,1,0
4312,p the above list of examples is far from exhaustive.,0,0,0,0,0,0,1,0
4313,if you can think of how the concepts of one,0,0,0,0,0,0,1,0
4316,in a,0,0,0,0,0,0,1,0
4318,"runtime, as soon as you try to create your injector.",0,0,0,0,0,0,1,0
4319,"p the other methods of binder such as @link #bindscope , @link #bindinterceptor , @link",0,0,0,0,0,0,1,0
4321,"part of the binding edsl you can learn how to use these in the usual way, from the method",0,0,0,0,0,0,1,0
4322,documentation.,0,0,0,0,0,0,1,0
4323,@author crazybob@google^com bob lee,0,1,0,0,0,0,0,0
4324,@author jessewilson@google^com jesse wilson,0,1,0,0,0,0,0,0
4325,@author kevinb@google^com kevin bourrillion,0,1,0,0,0,0,0,0
4473,tests for interception of default methods.,0,0,0,0,0,1,0,1
4474,@author cgdecker@google^com colin decker,0,1,0,0,0,0,0,1
4475,interface with a default method annotated to be intercepted.,0,0,0,0,0,0,1,0
4476,foo implementation that does not override the default method.,0,0,0,0,0,0,1,0
4478,foo implementation that should use superclass method rather than default method.,0,0,0,0,0,0,1,0
4487,an internal binding annotation applied to each element in a multibinding.,0,0,0,0,0,1,0,1
4488,all elements are,1,0,0,0,0,0,0,0
4489,assigned a globally unique id to allow different modules to contribute multibindings,1,0,0,0,0,0,0,0
4490,independently.,1,0,0,0,0,0,0,0
4491,@author jessewilson@google^com jesse wilson,0,1,0,0,0,0,0,0
4497,@author jessewilson@google^com jesse wilson,0,1,0,0,0,0,0,0
4502,"central routing dispatch class handles lifecycle of managed filters, and delegates to the servlet",0,0,0,0,0,1,0,0
4503,pipeline.,0,0,0,0,0,1,0,0
4504,@author dhanji@gmail^com dhanji r. prasanna,0,1,0,0,0,0,0,0
4508,handles @code binder^newprivatebinder elements.,0,0,0,0,0,1,0,0
4509,@author jessewilson@google^com jesse wilson,0,1,0,0,0,0,0,0
4512,@author crazybob@google^com bob lee,0,1,0,0,0,0,0,0
4515,@author sameb@google^com sam berlin,0,1,0,0,0,0,0,0
4518,the kind of binding.,1,0,0,0,0,0,0,0
4519,the result of the binding.,1,0,0,0,0,0,0,0
4524,an abstract base class for focusable components.,0,0,0,0,0,1,0,0
4528,@author vaadin ltd,0,1,0,0,0,0,0,0
4534,@author vaadin ltd,0,1,0,0,0,0,0,0
4535,@since 80,0,0,0,1,0,0,0,0
4540,abstract base class for @link property implementations.,0,0,1,0,0,1,0,0
4541,handles listener management for @link valuechangelistener s and,0,0,1,0,0,1,0,0
4542,@link readonlystatuschangelistener s.,0,0,1,0,0,1,0,0
4543,@since 66,0,0,0,1,0,0,0,0
4544,"@deprecated as of 80, replaced by @link valueprovider , @link setter , see",0,0,1,1,0,0,0,0
4546,legacypropertyhelper has been removed in vaadin 8 events,0,0,0,1,0,0,0,0
4547,an code event code object specifying the property whose read only,1,0,0,0,0,0,0,0
4548,status has been changed.,1,0,0,0,0,0,0,0
4549,legacypropertyhelper has been removed in vaadin 8 events,0,0,0,1,0,0,0,0
4566,default shared state implementation for abstractsinglecomponentcontainer.,0,0,0,0,0,1,0,0
4567,@since 80,0,0,0,1,0,0,0,0
4572,@author vaadin ltd,0,1,0,0,0,0,0,0
4575,helper class for reading configuration options from the bootstap,0,0,0,0,0,1,0,0
4577,@since 70,0,0,0,1,0,0,0,0
4578,wraps a native javascript object containing fields for an error message.,0,0,0,0,0,1,0,0
4579,@since 70,0,0,0,1,0,0,0,0
4585,the bootstrap page,1,0,0,0,0,0,0,0
4586,contains of the full dom of the html document as well as the http headers,1,0,0,0,0,0,0,0
4587,that will be included in the corresponding http response.,1,0,0,0,0,0,0,0
4588,@author vaadin ltd,0,1,0,0,0,0,0,0
4589,@since 70.0,0,0,0,1,0,0,0,0
4596,a renderer that displays a button with a textual caption.,0,0,0,0,0,1,0,0
4597,the value of the,1,0,0,0,0,0,0,0
4598,corresponding property is used as the caption.,1,0,0,0,0,0,0,0
4599,click listeners can be added,0,0,0,0,0,0,1,0
4601,@since 74,0,0,0,1,0,0,0,0
4602,@author vaadin ltd,0,1,0,0,0,0,0,0
4610,serializes @link clientrpc client rpc invocations to json.,0,0,0,0,0,1,0,0
4611,@author vaadin ltd,0,1,0,0,0,0,0,0
4616,rpc interface for abstractcolorpicker.,0,0,0,0,0,1,0,0
4617,@since 70.0,0,0,0,1,0,0,0,0
4621,@since 70,0,0,0,1,0,0,0,0
4626,provides a straightforward mapping between an item and its value.,0,0,0,0,0,1,0,0
4628,item type,0,0,0,0,0,0,1,0
4633,validator for validating that a @link double is inside a given range.,0,0,0,0,0,1,0,0
4635,@since 80,0,0,0,1,0,0,0,0
4640,handler for @link griddoubleclickevent s that happen in the footer of the,0,0,1,0,0,1,0,0
4641,grid.,0,0,0,0,0,1,0,0
4642,@since 74,0,0,0,1,0,0,0,0
4643,@author vaadin ltd,0,1,0,0,0,0,0,0
4649,a grid component for displaying tabular data.,0,0,0,0,0,1,0,0
4650,@author vaadin ltd,0,1,0,0,0,0,0,0
4651,@since 80,0,0,0,1,0,0,0,0
4652,@param t,0,0,0,0,0,0,1,0
4654,header and footer,0,0,0,0,0,0,1,0
4658,@param t,0,0,0,0,0,0,1,0
4659,the grid bean type,0,0,0,0,0,0,1,0
4660,header and footer,0,0,0,0,0,0,1,0
4661,selection mode representing the built in selection models in grid.,0,0,0,0,0,0,1,0
4663,these enums can be used in @link grid#setselectionmode selectionmode,0,0,1,0,0,0,0,0
4665,@see grid#setselectionmode selectionmode,0,0,1,0,0,0,0,0
4666,@see grid#setselectionmodel gridselectionmodel,0,0,1,0,0,0,0,0
4667,header and footer,0,0,0,0,0,0,1,0
4669,header and footer,0,0,0,0,0,0,1,0
4672,header and footer,0,0,0,0,0,0,1,0
4674,@param t,0,0,0,0,0,0,1,0
4675,the grid bean type,0,0,0,0,0,0,1,0
4676,header and footer,0,0,0,0,0,0,1,0
4679,usage,0,0,0,0,0,0,1,0
4680,pre,0,0,0,0,0,0,1,0
4681,grid^addcontextclicklistener event &gt notification^show,0,0,0,0,0,0,1,0
4682,gridcontextclickevent&lt person&gt event ^getitem clicked,0,0,0,0,0,0,1,0
4683,pre,0,0,0,0,0,0,1,0
4684,@param t,0,0,0,0,0,0,1,0
4687,an event that is fired when a column s visibility changes.,0,0,0,0,0,0,1,0
4688,@since 75.0,0,0,0,1,0,0,1,0
4689,header and footer,0,0,0,0,0,0,1,0
4690,a helper base class for creating extensions for the grid component.,0,0,0,0,0,0,1,0
4691,@param t,0,0,0,0,0,0,1,0
4694,@param t,0,0,0,0,0,0,1,0
4695,the grid bean type,0,0,0,0,0,0,1,0
4700,the grid bean type,0,0,0,0,0,0,1,0
4731,test ui for grid initial rendering performance profiling.,0,0,0,0,0,1,0,0
4733,the server side interface that controls grid s selection state.,0,0,0,0,0,1,0,0
4734,selectionmodel should extend @link abstractgridextension .,0,0,1,0,0,0,0,0
4735,@author vaadin ltd,0,1,0,0,0,0,0,0
4738,the grid bean type,0,0,0,0,0,0,1,0
4739,@see abstractselectionmodel,0,0,1,0,0,0,0,0
4740,@see singleselectionmodel,0,0,1,0,0,0,0,0
4750,a header row in a grid.,0,0,0,0,0,1,0,0
4751,@author vaadin ltd,0,1,0,0,0,0,0,0
4752,@since 80,0,0,0,1,0,0,0,0
4756,annotation enabling using multiple @link javascript @javascript,0,0,0,0,0,1,0,0
4757,annotations.,0,0,0,0,0,1,0,0
4761,@author vaadin ltd,0,1,0,0,0,0,0,0
4762,@since 80,0,0,0,1,0,0,0,0
4769,https,0,0,1,0,0,0,0,0
4770,vaadin^com wiki wiki main lightweight%20calculations%20of%20widget%20l,0,0,1,0,0,0,0,0
4784,a component for displaying a two different views to data.,0,0,0,0,0,1,0,0
4786,"is normally used to render the component, and when it is clicked the full",0,0,0,0,0,1,0,0
4787,view is displayed on a popup.,0,0,0,0,0,1,0,0
4788,the inner class @link popupview^content is,0,0,0,0,0,1,0,0
4789,used to deliver contents to this component.,0,0,0,0,0,1,0,0
4790,@author vaadin ltd.,0,1,0,0,0,0,0,0
4791,constructors,1,0,0,0,1,0,0,0
4792,methods inherited from abstractcomponentcontainer.,1,0,0,0,1,0,0,0
4793,these are unnecessary,1,0,0,0,1,0,0,0
4794,but mandatory .,1,0,0,0,1,0,0,0
4795,most of them are not supported in this implementation.,1,0,0,0,1,0,0,0
4801,constructors,1,0,0,0,1,0,0,0
4802,methods inherited from abstractcomponentcontainer.,1,0,0,0,1,0,0,0
4803,these are unnecessary,1,0,0,0,1,0,0,0
4804,but mandatory .,1,0,0,0,1,0,0,0
4805,most of them are not supported in this implementation.,1,0,0,0,1,0,0,0
4806,this event is received by the popupvisibilitylisteners when the,1,0,0,0,0,0,0,0
4807,visibility of the popup changes.,1,0,0,0,0,0,0,0
4808,you can get the new visibility directly,1,0,0,0,0,0,0,0
4809,"with @link #ispopupvisible , or get the popupview that produced the",1,0,0,0,0,0,0,0
4810,event with @link #getpopupview .,1,0,0,0,0,0,0,0
4811,constructors,1,0,0,0,1,0,0,0
4812,methods inherited from abstractcomponentcontainer.,1,0,0,0,1,0,0,0
4813,these are unnecessary,1,0,0,0,1,0,0,0
4816,defines a listener that can receive a popupvisibilityevent when the,1,0,0,0,0,0,0,0
4817,visibility of the popup changes.,1,0,0,0,0,0,0,0
4847,request handler which provides a dummy html response to any resource request,0,0,0,0,0,1,0,0
4849,@author vaadin ltd,0,1,0,0,0,0,0,0
4850,@since 71,0,0,0,1,0,0,0,0
4857,test for ^v required style,0,0,0,0,0,1,0,0
4858,@author vaadin ltd,0,1,0,0,0,0,0,0
4863,this is currently,0,0,0,0,0,1,0,0
4864,implemented as an extension hardcoded to support a specific connector type.,0,0,0,0,0,1,0,0
4868,@author vaadin ltd,0,1,0,0,0,0,0,0
4869,"@deprecated as of 80, no replacement available.",0,0,0,1,0,0,0,0
4870,class for keeping track of current items and valuechangelisteners.,0,0,0,0,0,1,0,0
4886,"@see grid#addvaluechangelistener com^vaadin.v7^data.container, object, object",0,0,1,0,0,0,0,0
4888,@see grid#valuechangelisteners,0,0,1,0,0,0,0,0
4901,"a select all event, fired by the grid when it needs all rows in data source",0,0,0,0,1,1,0,0
4905,@param t,0,0,0,0,0,0,1,0
4906,the type of the rows in grid,0,0,0,0,0,0,1,0
4915,delegate used by @link designcontext to determine whether container data,0,0,1,0,1,1,0,0
4918,@since 75.0,0,0,0,1,0,0,0,0
4919,@author vaadin ltd,0,1,0,0,0,0,0,0
4929,@author vaadin ltd,0,1,0,0,0,0,0,0
4932,@author vaadin ltd,0,1,0,0,0,0,0,0
4938,@since 63,0,0,0,1,0,0,0,0
4939,@deprecated replaced in 81 by @link dropevent#gettransferdata string,0,0,0,1,0,0,0,0
4944,connector used as a placeholder for extensions that are not present in the,0,0,0,0,0,1,0,0
4946,@since 77.4,0,0,0,1,0,0,0,0
4947,@author vaadin ltd,0,1,0,0,0,0,0,0
4952,portlet 20 base class.,0,0,0,0,0,1,0,0
4953,this replaces the servlet in servlet portlet 10,0,0,0,0,0,1,0,0
4955,@author vaadin ltd,0,1,0,0,0,0,0,0
4958,base class for portlet requests that need access to http servlet,1,0,0,0,0,0,0,0
4962,portlet request for liferay.,1,0,0,0,0,0,0,0
4965,portlet request for gatein.,1,0,0,0,0,0,0,0
4968,portlet request for websphere portal.,1,0,0,0,0,0,0,0
4971,portlet request for websphere portal.,1,0,0,0,0,0,0,0
4974,@author vaadin ltd,0,1,0,0,0,0,0,0
4975,@deprecated as of 70.,0,0,0,1,0,0,0,0
4976,this is no longer used and only provided for,0,0,0,1,0,0,0,0
4977,backwards compatibility.,0,0,0,1,0,0,0,0
4978,each @link requesthandler can,0,0,0,1,0,0,0,0
4979,individually decide whether it wants to handle a request or,0,0,0,1,0,0,0,0
4980,not.,0,0,0,1,0,0,0,0
4996,the listener can,0,0,0,0,0,1,0,0
4997,add listeners and request handlers the service.,0,0,0,0,0,1,0,0
5000,@link serviceloader .,1,0,0,0,0,0,0,0
5001,this means that all implementations must have a,1,0,0,0,0,0,0,0
5002,zero argument constructor and the fully qualified name of the implementation,1,0,0,0,0,0,0,0
5004,meta inf services com^vaadin.server^vaadinserviceinitlistener file present in,1,0,0,0,0,0,0,0
5005,the jar file containing the implementation class.,1,0,0,0,0,0,0,0
5007,"integrations for specific runtime environments, such as osgi or spring, might",1,0,0,0,0,0,0,0
5008,also provide other ways of discovering listeners.,1,0,0,0,0,0,0,0
5009,@since 80,0,0,0,1,0,0,0,0
5025,private helper class.,0,0,0,0,0,1,0,0
5030,@deprecated replaced in 81 with,0,0,0,1,0,0,0,0
5031,ragovercriteria string and,0,0,0,1,0,0,0,0
5032,@link droptargetextension#setdropcriteria string,0,0,0,1,0,0,0,0
5038,vscrolltable is a flowpanel having two widgets in it tablehead component,1,0,0,0,0,1,0,0
5039,scrollpanel,0,0,0,0,0,1,0,0
5040,"tablehead contains table s header and widgets logic for resizing,",1,0,0,0,0,1,0,0
5041,reordering and hiding columns.,0,0,0,0,0,1,0,0
5042,scrollpanel contains vscrolltablebody object which handles content.,1,0,0,0,0,1,0,0
5043,to save,0,0,0,0,0,1,0,0
5044,"some bandwidth and to improve clients responsiveness with loads of data, in",1,0,0,0,0,1,0,0
5046,there are spacers in,0,0,0,0,0,1,0,0
5047,vscrolltablebody to use the exact same space as non rendered rows would use.,1,0,0,0,0,1,0,0
5048,this way we can use seamlessly traditional scrollbars and scrolling to fetch,1,0,0,0,1,1,0,0
5049,more rows instead of paging .,0,0,0,0,0,1,0,0
5050,in vscrolltable we listen to scroll events.,1,0,0,0,0,0,0,0
5052,update tableheads scroll position which has its scrollbars hidden.,1,0,0,0,0,0,0,0
5054,vertical scroll events we will check if we are reaching the end of area where,1,0,0,0,0,0,0,0
5055,we have rows rendered and,1,0,0,0,0,0,0,0
5057,to detect if the first visible,0,0,0,0,1,0,0,0
5058,these are used when jumping between pages when pressing home and end,0,0,0,0,1,0,0,0
5059,changes to manage mousedown and mouseup,0,0,0,0,1,0,0,0
5060,overridden due table might not survive of visibility change scroll pos,0,0,0,0,1,0,0,0
5061,lost .,0,0,0,0,1,0,0,0
5064,updates first visible row for the case we cannot wait,0,0,0,0,1,0,0,0
5065,this method has logic which rows needs to be requested from server when,0,0,0,0,1,0,0,0
5066,user scrolls.,0,0,0,0,1,0,0,0
5067,non javadoc,1,0,1,0,0,0,0,0
5068,@see,0,0,1,0,0,0,0,0
5069,com^google.gwt^event.dom^client.focushandler#onfocus com^google.gwt^event,1,0,1,0,0,0,0,0
5070,dom^client.focusevent,0,0,1,0,0,0,0,0
5071,non javadoc,1,0,1,0,0,0,0,0
5072,@see,0,0,1,0,0,0,0,0
5075,non javadoc,1,0,1,0,0,0,0,0
5078,@since 72,0,0,0,1,0,0,0,0
5079,@author vaadin ltd,0,1,0,0,0,0,0,0
5080,to detect if the first visible,0,0,0,0,1,0,0,0
5081,these are used when jumping between pages when pressing home and end,0,0,0,0,1,0,0,0
5082,changes to manage mousedown and mouseup,0,0,0,0,1,0,0,0
5083,overridden due table might not survive of visibility change scroll pos,0,0,0,0,1,0,0,0
5084,lost .,0,0,0,0,1,0,0,0
5085,example itabpanel just set contained components invisible and back,1,0,0,0,1,0,0,0
5086,when changing tabs.,0,0,0,0,1,0,0,0
5087,updates first visible row for the case we cannot wait,0,0,0,0,1,0,0,0
5088,this method has logic which rows needs to be requested from server when,0,0,0,0,1,0,0,0
5089,user scrolls.,0,0,0,0,1,0,0,0
5092,com^google.gwt^event.dom^client.focushandler#onfocus com^google.gwt^event,1,0,1,0,0,0,0,0
5093,dom^client.focusevent,0,0,1,0,0,0,0,0
5094,non javadoc,1,0,1,0,0,0,0,0
5095,@see,0,0,1,0,0,0,0,0
5097,dom^client.blurevent,0,0,1,0,0,0,0,0
5098,non javadoc,1,0,1,0,0,0,0,0
5100,handles showing context menu on long press from a touch screen.,1,0,1,0,0,0,0,0
5101,@since 72,0,0,0,1,0,0,0,0
5102,@author vaadin ltd,0,1,0,0,0,0,0,0
5104,these are used when jumping between pages when pressing home and end,0,0,0,0,1,0,0,0
5105,changes to manage mousedown and mouseup,0,0,0,0,1,0,0,0
5107,lost .,0,0,0,0,1,0,0,0
5108,example itabpanel just set contained components invisible and back,1,0,0,0,1,0,0,0
5109,when changing tabs.,0,0,0,0,1,0,0,0
5110,updates first visible row for the case we cannot wait,0,0,0,0,1,0,0,0
5111,this method has logic which rows needs to be requested from server when,0,0,0,0,1,0,0,0
5112,user scrolls.,0,0,0,0,1,0,0,0
5113,non javadoc,1,0,1,0,0,0,0,0
5114,@see,0,0,1,0,0,0,0,0
5115,com^google.gwt^event.dom^client.focushandler#onfocus com^google.gwt^event,1,0,1,0,0,0,0,0
5119,com^google.gwt^event.dom^client.blurhandler#onblur com^google.gwt^event,1,0,1,0,0,0,0,0
5120,dom^client.blurevent,0,0,1,0,0,0,0,0
5121,non javadoc,1,0,1,0,0,0,0,1
5124,to detect if the first visible,0,0,0,0,1,0,0,0
5125,these are used when jumping between pages when pressing home and end,0,0,0,0,1,0,0,1
5126,changes to manage mousedown and mouseup,0,0,0,0,1,0,0,0
5127,overridden due table might not survive of visibility change scroll pos,0,0,0,0,1,0,0,1
5128,lost .,0,0,0,0,1,0,0,0
5129,example itabpanel just set contained components invisible and back,1,0,0,0,1,0,0,1
5130,when changing tabs.,0,0,0,0,1,0,0,0
5131,updates first visible row for the case we cannot wait,0,0,0,0,1,0,0,1
5132,this method has logic which rows needs to be requested from server when,0,0,0,0,1,0,0,0
5133,user scrolls.,0,0,0,0,1,0,0,1
5134,non javadoc,1,0,1,0,0,0,0,0
5135,@see,0,0,1,0,0,0,0,1
5137,dom^client.focusevent,0,0,1,0,0,0,0,1
5138,non javadoc,1,0,1,0,0,0,0,0
5139,@see,0,0,1,0,0,0,0,1
5141,dom^client.blurevent,0,0,1,0,0,0,0,1
5144,for internal use only.,1,0,0,0,0,0,0,1
5146,overwrites onbrowserevent function on focusablescrollpanel to give event,1,0,0,0,0,1,0,0
5150,@since 72,0,0,0,1,0,0,0,0
5151,@author vaadin ltd,0,1,0,0,0,0,0,1
5152,to detect if the first visible,0,0,0,0,1,0,0,0
5153,these are used when jumping between pages when pressing home and end,0,0,0,0,1,0,0,1
5154,changes to manage mousedown and mouseup,0,0,0,0,1,0,0,0
5155,overridden due table might not survive of visibility change scroll pos,0,0,0,0,1,0,0,1
5156,lost .,0,0,0,0,1,0,0,0
5158,when changing tabs.,0,0,0,0,1,0,0,0
5159,updates first visible row for the case we cannot wait,0,0,0,0,1,0,0,1
5160,this method has logic which rows needs to be requested from server when,0,0,0,0,1,0,0,0
5161,user scrolls.,0,0,0,0,1,0,0,1
5162,non javadoc,1,0,1,0,0,0,0,1
5163,@see,0,0,1,0,0,0,0,1
5165,dom^client.focusevent,0,0,1,0,0,0,0,0
5167,@see,0,0,1,0,0,0,0,1
5168,com^google.gwt^event.dom^client.blurhandler#onblur com^google.gwt^event,1,0,1,0,0,0,0,0
5169,dom^client.blurevent,0,0,1,0,0,0,0,0
5170,non javadoc,1,0,1,0,0,0,0,0
5172,used to recall the position of an open context menu if we need to close,1,0,0,0,0,0,0,1
5177,to detect if the first visible,0,0,0,0,1,0,0,1
5178,these are used when jumping between pages when pressing home and end,0,0,0,0,1,0,0,0
5179,changes to manage mousedown and mouseup,0,0,0,0,1,0,0,1
5181,lost .,0,0,0,0,1,0,0,1
5182,example itabpanel just set contained components invisible and back,1,0,0,0,1,0,0,1
5183,when changing tabs.,0,0,0,0,1,0,0,0
5185,this method has logic which rows needs to be requested from server when,0,0,0,0,1,0,0,0
5186,user scrolls.,0,0,0,0,1,0,0,1
5187,non javadoc,1,0,1,0,0,0,0,1
5188,@see,0,0,1,0,0,0,0,0
5189,com^google.gwt^event.dom^client.focushandler#onfocus com^google.gwt^event,1,0,1,0,0,0,0,0
5190,dom^client.focusevent,0,0,1,0,0,0,0,1
5191,non javadoc,1,0,1,0,0,0,0,1
5192,@see,0,0,1,0,0,0,0,0
5193,com^google.gwt^event.dom^client.blurhandler#onblur com^google.gwt^event,1,0,1,0,0,0,0,1
5194,dom^client.blurevent,0,0,1,0,0,0,0,0
5195,non javadoc,1,0,1,0,0,0,0,0
5197,for internal use only.,1,0,0,0,0,0,0,0
5199,to detect if the first visible,0,0,0,0,1,0,0,1
5200,these are used when jumping between pages when pressing home and end,0,0,0,0,1,0,0,0
5202,overridden due table might not survive of visibility change scroll pos,0,0,0,0,1,0,0,0
5203,lost .,0,0,0,0,1,0,0,1
5205,when changing tabs.,0,0,0,0,1,0,0,1
5206,updates first visible row for the case we cannot wait,0,0,0,0,1,0,0,0
5207,this method has logic which rows needs to be requested from server when,0,0,0,0,1,0,0,1
5208,user scrolls.,0,0,0,0,1,0,0,0
5211,com^google.gwt^event.dom^client.focushandler#onfocus com^google.gwt^event,1,0,1,0,0,0,0,1
5212,dom^client.focusevent,0,0,1,0,0,0,0,0
5213,non javadoc,1,0,1,0,0,0,0,0
5215,com^google.gwt^event.dom^client.blurhandler#onblur com^google.gwt^event,1,0,1,0,0,0,0,0
5216,dom^client.blurevent,0,0,1,0,0,0,0,0
5217,non javadoc,1,0,1,0,0,0,0,0
5220,reordering disabled and clicking on it resets sorting.,1,0,0,0,0,0,0,0
5222,these are used when jumping between pages when pressing home and end,0,0,0,0,1,0,0,0
5223,changes to manage mousedown and mouseup,0,0,0,0,1,0,0,1
5224,overridden due table might not survive of visibility change scroll pos,0,0,0,0,1,0,0,0
5225,lost .,0,0,0,0,1,0,0,1
5228,updates first visible row for the case we cannot wait,0,0,0,0,1,0,0,0
5229,this method has logic which rows needs to be requested from server when,0,0,0,0,1,0,0,1
5230,user scrolls.,0,0,0,0,1,0,0,0
5231,non javadoc,1,0,1,0,0,0,0,0
5232,@see,0,0,1,0,0,0,0,0
5234,dom^client.focusevent,0,0,1,0,0,0,0,0
5235,non javadoc,1,0,1,0,0,0,0,0
5237,com^google.gwt^event.dom^client.blurhandler#onblur com^google.gwt^event,1,0,1,0,0,0,0,0
5239,non javadoc,1,0,1,0,0,0,0,0
5242,to detect if the first visible,0,0,0,0,1,0,0,0
5243,these are used when jumping between pages when pressing home and end,0,0,0,0,1,0,0,1
5244,changes to manage mousedown and mouseup,0,0,0,0,1,0,0,0
5245,overridden due table might not survive of visibility change scroll pos,0,0,0,0,1,0,0,1
5248,when changing tabs.,0,0,0,0,1,0,0,0
5249,updates first visible row for the case we cannot wait,0,0,0,0,1,0,0,1
5250,this method has logic which rows needs to be requested from server when,0,0,0,0,1,0,0,0
5251,user scrolls.,0,0,0,0,1,0,0,1
5252,non javadoc,1,0,1,0,0,0,0,0
5253,@see,0,0,1,0,0,0,0,1
5254,com^google.gwt^event.dom^client.focushandler#onfocus com^google.gwt^event,1,0,1,0,0,0,0,0
5255,dom^client.focusevent,0,0,1,0,0,0,0,0
5256,non javadoc,1,0,1,0,0,0,0,0
5257,@see,0,0,1,0,0,0,0,1
5258,com^google.gwt^event.dom^client.blurhandler#onblur com^google.gwt^event,1,0,1,0,0,0,0,0
5260,non javadoc,1,0,1,0,0,0,0,0
5264,to detect if the first visible,0,0,0,0,1,0,0,0
5265,these are used when jumping between pages when pressing home and end,0,0,0,0,1,0,0,0
5267,overridden due table might not survive of visibility change scroll pos,0,0,0,0,1,0,0,0
5268,lost .,0,0,0,0,1,0,0,0
5269,example itabpanel just set contained components invisible and back,1,0,0,0,1,0,0,0
5270,when changing tabs.,0,0,0,0,1,0,0,0
5271,updates first visible row for the case we cannot wait,0,0,0,0,1,0,0,1
5272,this method has logic which rows needs to be requested from server when,0,0,0,0,1,0,0,0
5273,user scrolls.,0,0,0,0,1,0,0,1
5274,non javadoc,1,0,1,0,0,0,0,0
5276,com^google.gwt^event.dom^client.focushandler#onfocus com^google.gwt^event,1,0,1,0,0,0,0,0
5277,dom^client.focusevent,0,0,1,0,0,0,0,1
5278,non javadoc,1,0,1,0,0,0,0,0
5280,com^google.gwt^event.dom^client.blurhandler#onblur com^google.gwt^event,1,0,1,0,0,0,0,0
5282,non javadoc,1,0,1,0,0,0,0,0
5285,to detect if the first visible,0,0,0,0,1,0,0,1
5286,these are used when jumping between pages when pressing home and end,0,0,0,0,1,0,0,0
5287,changes to manage mousedown and mouseup,0,0,0,0,1,0,0,1
5289,lost .,0,0,0,0,1,0,0,1
5291,when changing tabs.,0,0,0,0,1,0,0,1
5292,updates first visible row for the case we cannot wait,0,0,0,0,1,0,0,0
5293,this method has logic which rows needs to be requested from server when,0,0,0,0,1,0,0,1
5294,user scrolls.,0,0,0,0,1,0,0,0
5295,non javadoc,1,0,1,0,0,0,0,0
5296,@see,0,0,1,0,0,0,0,0
5297,com^google.gwt^event.dom^client.focushandler#onfocus com^google.gwt^event,1,0,1,0,0,0,0,0
5298,dom^client.focusevent,0,0,1,0,0,0,0,0
5299,non javadoc,1,0,1,0,0,0,0,0
5300,@see,0,0,1,0,0,0,0,0
5301,com^google.gwt^event.dom^client.blurhandler#onblur com^google.gwt^event,1,0,1,0,0,0,0,0
5305,this panel can only contain vscrolltablerow type of widgets.,1,0,0,0,1,0,0,0
5306,this,0,0,0,0,1,0,0,1
5307,"simulates very large table, keeping spacers which take room of",0,0,0,0,1,0,0,0
5308,unrendered rows.,0,0,0,0,1,0,0,1
5362,this class represents a multiline textfield textarea .,0,0,0,0,0,1,0,0
5371,@author vaadin ltd,0,1,0,0,0,0,0,1
5373,a component that represents a floating popup window that can be added to a,1,0,0,0,0,1,1,0
5374,@link ui .,0,0,0,0,0,1,0,0
5376,@link ui#addwindow window .,1,0,0,0,0,1,0,0
5377,p,1,0,0,0,0,0,0,0
5378,the contents of a window is set using @link #setcontent component or by,1,0,0,0,0,0,0,1
5380,p,1,0,0,0,0,0,0,1
5383,or set to be centered using @link #center,1,0,0,0,0,0,0,0
5384,p,1,0,0,0,0,0,0,1
5385,p,1,0,0,0,0,0,0,0
5386,the caption is displayed in the window header.,1,0,0,0,0,0,0,1
5387,p,1,0,0,0,0,0,0,0
5389,"in vaadin versions prior to 70.0, window was also used as application level",1,0,0,0,0,0,0,0
5390,windows.,1,0,0,0,0,0,0,1
5391,this function is now covered by the @link ui class.,1,0,0,0,0,0,0,0
5392,p,1,0,0,0,0,0,0,1
5395,non javadoc,0,0,1,0,0,0,0,0
5396,@see com^vaadin.ui^panel#paintcontent com^vaadin.server^painttarget,0,0,1,0,0,0,0,1
5397,non javadoc,0,0,1,0,0,0,0,0
5399,event which is fired when the window order position is changed.,1,0,1,0,0,0,0,0
5400,@see ui^windoworderupdateevent,0,0,1,0,0,0,0,1
5401,@author vaadin ltd,0,1,0,0,0,0,0,0
5403,@see com^vaadin.ui^panel#paintcontent com^vaadin.server^painttarget,0,0,1,0,0,0,0,0
5404,non javadoc,0,0,1,0,0,0,0,0
5405,"@see com^vaadin.ui^panel#changevariables java^lang.object, java^util.map",0,0,1,0,0,0,0,0
5406,an interface used for listening to window order change events.,1,0,0,0,0,0,0,1
5408,non javadoc,0,0,1,0,0,0,0,0
5409,@see com^vaadin.ui^panel#paintcontent com^vaadin.server^painttarget,0,0,1,0,0,0,0,1
5413,add the,1,0,0,0,0,0,0,0
5414,closelistener to a window and,1,0,0,0,0,0,0,0
5415,@link closelistener#windowclose closeevent will be called whenever the,1,0,0,0,0,0,0,0
5416,user closes the window.,1,0,0,0,0,0,0,0
5417,p,1,0,0,0,0,0,0,0
5420,p,1,0,0,0,0,0,0,0
5421,non javadoc,0,0,1,0,0,0,0,0
5422,@see com^vaadin.ui^panel#paintcontent com^vaadin.server^painttarget,0,0,1,0,0,0,0,0
5423,non javadoc,0,0,1,0,0,0,0,0
5426,@author vaadin ltd,0,1,0,0,0,0,0,0
5428,non javadoc,0,0,1,0,0,0,0,0
5429,@see com^vaadin.ui^panel#paintcontent com^vaadin.server^painttarget,0,0,1,0,0,0,0,0
5430,non javadoc,0,0,1,0,0,0,0,0
5431,"@see com^vaadin.ui^panel#changevariables java^lang.object, java^util.map",0,0,1,0,0,0,0,0
5433,add,1,0,0,0,0,0,0,0
5435,@link windowmodechangelistener#windowmodechanged windowmodechangeevent,1,0,0,0,0,0,0,0
5436,will be called whenever the window is maximized,1,0,0,0,0,0,0,0
5438,non javadoc,0,0,1,0,0,0,0,0
5439,@see com^vaadin.ui^panel#paintcontent com^vaadin.server^painttarget,0,0,1,0,0,0,0,0
5441,"@see com^vaadin.ui^panel#changevariables java^lang.object, java^util.map",0,0,1,0,0,0,0,0
5442,resize events are fired whenever the client side fires a resize event,1,0,0,0,0,0,0,0
5443,eg the browser window is resized .,1,0,0,0,0,0,0,0
5444,the frequency may vary across,1,0,0,0,0,0,0,0
5445,browsers.,1,0,0,0,0,0,0,0
5446,non javadoc,0,0,1,0,0,0,0,0
5448,non javadoc,0,0,1,0,0,0,0,0
5449,"@see com^vaadin.ui^panel#changevariables java^lang.object, java^util.map",0,0,1,0,0,0,0,0
5452,non javadoc,0,0,1,0,0,0,0,0
5454,non javadoc,0,0,1,0,0,0,0,0
5455,"@see com^vaadin.ui^panel#changevariables java^lang.object, java^util.map",0,0,1,0,0,0,0,0
5456,a @link shortcutlistener specifically made to define a keyboard,1,0,0,0,0,0,0,0
5459,code,0,0,0,0,0,0,1,0
5463,"getui ^addaction new window^closeshortcut window, keycode^escape",1,0,0,0,0,0,0,0
5464,code,0,0,0,0,0,0,1,0
5465,pre,0,0,0,0,0,0,1,0
5518,xhrconnectionerror provides detail about an error which occurred during an,0,0,0,0,0,1,0,0
5519,xhr request to the server.,0,0,0,0,0,1,0,0
5520,@since 76,0,0,0,1,0,0,0,0
